[
  {
    "url": "https://www.transfermarkt.pl/athletic-bilbao_apoel-nikosia/aufstellung/spielbericht/2805653",
    "match_id": "2805653",
    "date": "czw., 16.02.2017",
    "competition": "Unknown",
    "matchday": "Unknown",
    "home_team": "Athletic Bilbao",
    "away_team": "APOEL Nikosia",
    "home_players": [
      {
        "number": "1",
        "name": "Gorka Iraizoz",
        "substituted_in": true,
        "starting_lineup": true
      },
      {
        "number": "4",
        "name": "Aymeric Laporte",
        "substituted_in": true,
        "starting_lineup": true
      },
      {
        "number": "27",
        "name": "Yeray Álvarez",
        "substituted_in": true,
        "starting_lineup": true
      },
      {
        "number": "24",
        "name": "Mikel Balenziaga",
        "substituted_in": true,
        "starting_lineup": true
      },
      {
        "number": "18",
        "name": "Óscar de Marcos",
        "substituted_in": true,
        "starting_lineup": true
      },
      {
        "number": "8",
        "name": "Ander Iturraspe",
        "substituted_in": true,
        "starting_lineup": true
      },
      {
        "number": "7",
        "name": "Beñat Etxebarria",
        "substituted_in": true,
        "starting_lineup": true
      },
      {
        "number": "22",
        "name": "Raúl García",
        "substituted_in": true,
        "starting_lineup": true
      },
      {
        "number": "10",
        "name": "Iker Muniain",
        "substituted_in": true,
        "starting_lineup": true
      },
      {
        "number": "11",
        "name": "Iñaki Williams",
        "substituted_in": true,
        "starting_lineup": true
      },
      {
        "number": "20",
        "name": "Aritz Aduriz",
        "substituted_in": true,
        "starting_lineup": true
      },
      {
        "number": "15",
        "name": "Iñigo Lekue",
        "substituted_in": true,
        "starting_lineup": false
      },
      {
        "number": "6",
        "name": "Mikel San José",
        "substituted_in": true,
        "starting_lineup": false
      },
      {
        "number": "14",
        "name": "Markel Susaeta",
        "substituted_in": true,
        "starting_lineup": false
      }
    ],
    "away_players": [
      {
        "number": "99",
        "name": "Boy Waterman",
        "substituted_in": true,
        "starting_lineup": true
      },
      {
        "number": "30",
        "name": "Georgios Merkis",
        "substituted_in": true,
        "starting_lineup": true
      },
      {
        "number": "90",
        "name": "Cédric Yambéré",
        "substituted_in": true,
        "starting_lineup": true
      },
      {
        "number": "44",
        "name": "Nikolas Ioannou",
        "substituted_in": true,
        "starting_lineup": true
      },
      {
        "number": "21",
        "name": "Zhivko Milanov",
        "substituted_in": true,
        "starting_lineup": true
      },
      {
        "number": "26",
        "name": "Nuno Morais",
        "substituted_in": true,
        "starting_lineup": true
      },
      {
        "number": "16",
        "name": "Vinícius",
        "substituted_in": true,
        "starting_lineup": true
      },
      {
        "number": "10",
        "name": "Facundo Bertoglio",
        "substituted_in": true,
        "starting_lineup": true
      },
      {
        "number": "7",
        "name": "Georgios Efrem",
        "substituted_in": true,
        "starting_lineup": true
      },
      {
        "number": "70",
        "name": "Giannis Gianniotas",
        "substituted_in": true,
        "starting_lineup": true
      },
      {
        "number": "20",
        "name": "Pieros Sotiriou",
        "substituted_in": true,
        "starting_lineup": true
      },
      {
        "number": "23",
        "name": "Iñaki Astiz",
        "substituted_in": true,
        "starting_lineup": false
      },
      {
        "number": "46",
        "name": "Stathis Aloneftis",
        "substituted_in": true,
        "starting_lineup": false
      },
      {
        "number": "9",
        "name": "Igor de Camargo",
        "substituted_in": true,
        "starting_lineup": false
      }
    ]
  },
  {
    "url": "https://www.transfermarkt.pl/athletic-bilbao_fc-barcelona/aufstellung/spielbericht/2810018",
    "match_id": "2810018",
    "date": "czw., 05.01.2017",
    "competition": "Unknown",
    "matchday": "Unknown",
    "home_team": "Athletic Bilbao",
    "away_team": "FC Barcelona",
    "home_players": [
      {
        "number": "1",
        "name": "Gorka Iraizoz",
        "substituted_in": true,
        "starting_lineup": true
      },
      {
        "number": "4",
        "name": "Aymeric Laporte",
        "substituted_in": true,
        "starting_lineup": true
      },
      {
        "number": "16",
        "name": "Xabi Etxeita",
        "substituted_in": true,
        "starting_lineup": true
      },
      {
        "number": "24",
        "name": "Mikel Balenziaga",
        "substituted_in": true,
        "starting_lineup": true
      },
      {
        "number": "2",
        "name": "Eneko Bóveda",
        "substituted_in": true,
        "starting_lineup": true
      },
      {
        "number": "6",
        "name": "Mikel San José",
        "substituted_in": true,
        "starting_lineup": true
      },
      {
        "number": "8",
        "name": "Ander Iturraspe",
        "substituted_in": true,
        "starting_lineup": true
      },
      {
        "number": "25",
        "name": "Enric Saborit",
        "substituted_in": true,
        "starting_lineup": true
      },
      {
        "number": "22",
        "name": "Raúl García",
        "substituted_in": true,
        "starting_lineup": true
      },
      {
        "number": "11",
        "name": "Iñaki Williams",
        "substituted_in": true,
        "starting_lineup": true
      },
      {
        "number": "20",
        "name": "Aritz Aduriz",
        "substituted_in": true,
        "starting_lineup": true
      },
      {
        "number": "3",
        "name": "Gorka Elustondo",
        "substituted_in": true,
        "starting_lineup": false
      },
      {
        "number": "5",
        "name": "Javi Eraso",
        "substituted_in": true,
        "starting_lineup": false
      },
      {
        "number": "10",
        "name": "Iker Muniain",
        "substituted_in": true,
        "starting_lineup": false
      }
    ],
    "away_players": [
      {
        "number": "1",
        "name": "Marc-André ter Stegen",
        "substituted_in": true,
        "starting_lineup": true
      },
      {
        "number": "23",
        "name": "Samuel Umtiti",
        "substituted_in": true,
        "starting_lineup": true
      },
      {
        "number": "3",
        "name": "Gerard Piqué",
        "substituted_in": true,
        "starting_lineup": true
      },
      {
        "number": "18",
        "name": "Jordi Alba",
        "substituted_in": true,
        "starting_lineup": true
      },
      {
        "number": "20",
        "name": "Sergi Roberto",
        "substituted_in": true,
        "starting_lineup": true
      },
      {
        "number": "5",
        "name": "Sergio Busquets",
        "substituted_in": true,
        "starting_lineup": true
      },
      {
        "number": "8",
        "name": "Andrés Iniesta",
        "substituted_in": true,
        "starting_lineup": true
      },
      {
        "number": "4",
        "name": "Ivan Rakitic",
        "substituted_in": true,
        "starting_lineup": true
      },
      {
        "number": "11",
        "name": "Neymar",
        "substituted_in": true,
        "starting_lineup": true
      },
      {
        "number": "10",
        "name": "Lionel Messi",
        "substituted_in": true,
        "starting_lineup": true
      },
      {
        "number": "9",
        "name": "Luis Suárez",
        "substituted_in": true,
        "starting_lineup": true
      },
      {
        "number": "21",
        "name": "André Gomes",
        "substituted_in": true,
        "starting_lineup": false
      },
      {
        "number": "17",
        "name": "Paco Alcácer",
        "substituted_in": true,
        "starting_lineup": false
      }
    ]
  },
  {
    "url": "https://www.transfermarkt.pl/sk-rapid-wiedeń_athletic-bilbao/aufstellung/spielbericht/2765929",
    "match_id": "2765929",
    "date": "czw., 08.12.2016",
    "competition": "Unknown",
    "matchday": "Unknown",
    "home_team": "SK Rapid Wiedeń",
    "away_team": "Athletic Bilbao",
    "home_players": [
      {
        "number": "21",
        "name": "Tobias Knoflach",
        "substituted_in": true,
        "starting_lineup": true
      },
      {
        "number": "39",
        "name": "Maximilian Wöber",
        "substituted_in": true,
        "starting_lineup": true
      },
      {
        "number": "6",
        "name": "Mario Sonnleitner",
        "substituted_in": true,
        "starting_lineup": true
      },
      {
        "number": "20",
        "name": "Maximilian Hofmann",
        "substituted_in": true,
        "starting_lineup": true
      },
      {
        "number": "17",
        "name": "Christopher Dibon",
        "substituted_in": true,
        "starting_lineup": true
      },
      {
        "number": "15",
        "name": "Srdjan Grahovac",
        "substituted_in": true,
        "starting_lineup": true
      },
      {
        "number": "16",
        "name": "Philipp Malicsek",
        "substituted_in": true,
        "starting_lineup": true
      },
      {
        "number": "24",
        "name": "Stephan Auer",
        "substituted_in": true,
        "starting_lineup": true
      },
      {
        "number": "4",
        "name": "Thomas Schrammel",
        "substituted_in": true,
        "starting_lineup": true
      },
      {
        "number": "28",
        "name": "Tomi Correa",
        "substituted_in": true,
        "starting_lineup": true
      },
      {
        "number": "9",
        "name": "Matej Jelic",
        "substituted_in": true,
        "starting_lineup": true
      },
      {
        "number": "34",
        "name": "Joelinton",
        "substituted_in": true,
        "starting_lineup": false
      },
      {
        "number": "10",
        "name": "Louis Schaub",
        "substituted_in": true,
        "starting_lineup": false
      },
      {
        "number": "13",
        "name": "Giorgi Kvilitaia",
        "substituted_in": true,
        "starting_lineup": false
      }
    ],
    "away_players": [
      {
        "number": "1",
        "name": "Gorka Iraizoz",
        "substituted_in": true,
        "starting_lineup": true
      },
      {
        "number": "16",
        "name": "Xabi Etxeita",
        "substituted_in": true,
        "starting_lineup": true
      },
      {
        "number": "27",
        "name": "Yeray Álvarez",
        "substituted_in": true,
        "starting_lineup": true
      },
      {
        "number": "25",
        "name": "Enric Saborit",
        "substituted_in": true,
        "starting_lineup": true
      },
      {
        "number": "15",
        "name": "Iñigo Lekue",
        "substituted_in": true,
        "starting_lineup": true
      },
      {
        "number": "12",
        "name": "Mikel Vesga",
        "substituted_in": true,
        "starting_lineup": true
      },
      {
        "number": "17",
        "name": "Mikel Rico",
        "substituted_in": true,
        "starting_lineup": true
      },
      {
        "number": "5",
        "name": "Javi Eraso",
        "substituted_in": true,
        "starting_lineup": true
      },
      {
        "number": "10",
        "name": "Iker Muniain",
        "substituted_in": true,
        "starting_lineup": true
      },
      {
        "number": "19",
        "name": "Sabin Merino",
        "substituted_in": true,
        "starting_lineup": true
      },
      {
        "number": "11",
        "name": "Iñaki Williams",
        "substituted_in": true,
        "starting_lineup": true
      },
      {
        "number": "7",
        "name": "Beñat Etxebarria",
        "substituted_in": true,
        "starting_lineup": false
      },
      {
        "number": "14",
        "name": "Markel Susaeta",
        "substituted_in": true,
        "starting_lineup": false
      },
      {
        "number": "28",
        "name": "Asier Villalibre",
        "substituted_in": true,
        "starting_lineup": false
      }
    ]
  },
  {
    "url": "https://www.transfermarkt.pl/villarreal-cf_athletic-bilbao/aufstellung/spielbericht/2719010",
    "match_id": "2719010",
    "date": "pt., 07.04.2017",
    "competition": "LALIGA",
    "matchday": "31. Kolejka",
    "home_team": "Villarreal CF",
    "away_team": "Athletic Bilbao",
    "home_players": [
      {
        "number": "13",
        "name": "Andrés Fernández",
        "substituted_in": true,
        "starting_lineup": true
      },
      {
        "number": "6",
        "name": "Víctor Ruiz",
        "substituted_in": true,
        "starting_lineup": true
      },
      {
        "number": "5",
        "name": "Mateo Musacchio",
        "substituted_in": true,
        "starting_lineup": true
      },
      {
        "number": "11",
        "name": "Jaume Costa",
        "substituted_in": true,
        "starting_lineup": true
      },
      {
        "number": "2",
        "name": "Mario Gaspar",
        "substituted_in": true,
        "starting_lineup": true
      },
      {
        "number": "21",
        "name": "Bruno Soriano",
        "substituted_in": true,
        "starting_lineup": true
      },
      {
        "number": "14",
        "name": "Manu Trigueros",
        "substituted_in": true,
        "starting_lineup": true
      },
      {
        "number": "20",
        "name": "Roberto Soriano",
        "substituted_in": true,
        "starting_lineup": true
      },
      {
        "number": "19",
        "name": "Samu Castillejo",
        "substituted_in": true,
        "starting_lineup": true
      },
      {
        "number": "9",
        "name": "Roberto Soldado",
        "substituted_in": true,
        "starting_lineup": true
      },
      {
        "number": "17",
        "name": "Cédric Bakambu",
        "substituted_in": true,
        "starting_lineup": true
      },
      {
        "number": "12",
        "name": "Álvaro González",
        "substituted_in": true,
        "starting_lineup": false
      },
      {
        "number": "18",
        "name": "Nicola Sansone",
        "substituted_in": true,
        "starting_lineup": false
      },
      {
        "number": "15",
        "name": "Adrián López",
        "substituted_in": true,
        "starting_lineup": false
      }
    ],
    "away_players": [
      {
        "number": "26",
        "name": "Kepa Arrizabalaga",
        "substituted_in": true,
        "starting_lineup": true
      },
      {
        "number": "4",
        "name": "Aymeric Laporte",
        "substituted_in": true,
        "starting_lineup": true
      },
      {
        "number": "27",
        "name": "Yeray Álvarez",
        "substituted_in": true,
        "starting_lineup": true
      },
      {
        "number": "24",
        "name": "Mikel Balenziaga",
        "substituted_in": true,
        "starting_lineup": true
      },
      {
        "number": "18",
        "name": "Óscar de Marcos",
        "substituted_in": true,
        "starting_lineup": true
      },
      {
        "number": "6",
        "name": "Mikel San José",
        "substituted_in": true,
        "starting_lineup": true
      },
      {
        "number": "7",
        "name": "Beñat Etxebarria",
        "substituted_in": true,
        "starting_lineup": true
      },
      {
        "number": "15",
        "name": "Iñigo Lekue",
        "substituted_in": true,
        "starting_lineup": true
      },
      {
        "number": "22",
        "name": "Raúl García",
        "substituted_in": true,
        "starting_lineup": true
      },
      {
        "number": "11",
        "name": "Iñaki Williams",
        "substituted_in": true,
        "starting_lineup": true
      },
      {
        "number": "20",
        "name": "Aritz Aduriz",
        "substituted_in": true,
        "starting_lineup": true
      },
      {
        "number": "8",
        "name": "Ander Iturraspe",
        "substituted_in": true,
        "starting_lineup": false
      },
      {
        "number": "10",
        "name": "Iker Muniain",
        "substituted_in": true,
        "starting_lineup": false
      },
      {
        "number": "14",
        "name": "Markel Susaeta",
        "substituted_in": true,
        "starting_lineup": false
      }
    ]
  },
  {
    "url": "https://www.transfermarkt.pl/athletic-bilbao_us-sassuolo/aufstellung/spielbericht/2765908",
    "match_id": "2765908",
    "date": "czw., 24.11.2016",
    "competition": "Unknown",
    "matchday": "Unknown",
    "home_team": "Athletic Bilbao",
    "away_team": "US Sassuolo",
    "home_players": [
      {
        "number": "13",
        "name": "Iago Herrerín",
        "substituted_in": true,
        "starting_lineup": true
      },
      {
        "number": "4",
        "name": "Aymeric Laporte",
        "substituted_in": true,
        "starting_lineup": true
      },
      {
        "number": "27",
        "name": "Yeray Álvarez",
        "substituted_in": true,
        "starting_lineup": true
      },
      {
        "number": "24",
        "name": "Mikel Balenziaga",
        "substituted_in": true,
        "starting_lineup": true
      },
      {
        "number": "15",
        "name": "Iñigo Lekue",
        "substituted_in": true,
        "starting_lineup": true
      },
      {
        "number": "6",
        "name": "Mikel San José",
        "substituted_in": true,
        "starting_lineup": true
      },
      {
        "number": "7",
        "name": "Beñat Etxebarria",
        "substituted_in": true,
        "starting_lineup": true
      },
      {
        "number": "22",
        "name": "Raúl García",
        "substituted_in": true,
        "starting_lineup": true
      },
      {
        "number": "10",
        "name": "Iker Muniain",
        "substituted_in": true,
        "starting_lineup": true
      },
      {
        "number": "11",
        "name": "Iñaki Williams",
        "substituted_in": true,
        "starting_lineup": true
      },
      {
        "number": "20",
        "name": "Aritz Aduriz",
        "substituted_in": true,
        "starting_lineup": true
      },
      {
        "number": "2",
        "name": "Eneko Bóveda",
        "substituted_in": true,
        "starting_lineup": false
      },
      {
        "number": "17",
        "name": "Mikel Rico",
        "substituted_in": true,
        "starting_lineup": false
      },
      {
        "number": "19",
        "name": "Sabin Merino",
        "substituted_in": true,
        "starting_lineup": false
      }
    ],
    "away_players": [
      {
        "number": "47",
        "name": "Andrea Consigli",
        "substituted_in": true,
        "starting_lineup": true
      },
      {
        "number": "15",
        "name": "Francesco Acerbi",
        "substituted_in": true,
        "starting_lineup": true
      },
      {
        "number": "28",
        "name": "Paolo Cannavaro",
        "substituted_in": true,
        "starting_lineup": true
      },
      {
        "number": "23",
        "name": "Marcello Gazzola",
        "substituted_in": true,
        "starting_lineup": true
      },
      {
        "number": "20",
        "name": "Pol Lirola",
        "substituted_in": true,
        "starting_lineup": true
      },
      {
        "number": "4",
        "name": "Francesco Magnanelli",
        "substituted_in": true,
        "starting_lineup": true
      },
      {
        "number": "8",
        "name": "Davide Biondini",
        "substituted_in": true,
        "starting_lineup": true
      },
      {
        "number": "6",
        "name": "Lorenzo Pellegrini",
        "substituted_in": true,
        "starting_lineup": true
      },
      {
        "number": "90",
        "name": "Antonino Ragusa",
        "substituted_in": true,
        "starting_lineup": true
      },
      {
        "number": "27",
        "name": "Federico Ricci",
        "substituted_in": true,
        "starting_lineup": true
      },
      {
        "number": "11",
        "name": "Grégoire Defrel",
        "substituted_in": true,
        "starting_lineup": true
      },
      {
        "number": "7",
        "name": "Simone Missiroli",
        "substituted_in": true,
        "starting_lineup": false
      },
      {
        "number": "16",
        "name": "Matteo Politano",
        "substituted_in": true,
        "starting_lineup": false
      },
      {
        "number": "10",
        "name": "Alessandro Matri",
        "substituted_in": true,
        "starting_lineup": false
      }
    ]
  },
  {
    "url": "https://www.transfermarkt.pl/athletic-bilbao_real-sociedad/aufstellung/spielbericht/2718782",
    "match_id": "2718782",
    "date": "niedz., 16.10.2016",
    "competition": "LALIGA",
    "matchday": "8. Kolejka",
    "home_team": "Athletic Bilbao",
    "away_team": "Real Sociedad",
    "home_players": [
      {
        "number": "1",
        "name": "Gorka Iraizoz",
        "substituted_in": true,
        "starting_lineup": true
      },
      {
        "number": "4",
        "name": "Aymeric Laporte",
        "substituted_in": true,
        "starting_lineup": true
      },
      {
        "number": "27",
        "name": "Yeray Álvarez",
        "substituted_in": true,
        "starting_lineup": true
      },
      {
        "number": "15",
        "name": "Iñigo Lekue",
        "substituted_in": true,
        "starting_lineup": true
      },
      {
        "number": "18",
        "name": "Óscar de Marcos",
        "substituted_in": true,
        "starting_lineup": true
      },
      {
        "number": "6",
        "name": "Mikel San José",
        "substituted_in": true,
        "starting_lineup": true
      },
      {
        "number": "8",
        "name": "Ander Iturraspe",
        "substituted_in": true,
        "starting_lineup": true
      },
      {
        "number": "22",
        "name": "Raúl García",
        "substituted_in": true,
        "starting_lineup": true
      },
      {
        "number": "10",
        "name": "Iker Muniain",
        "substituted_in": true,
        "starting_lineup": true
      },
      {
        "number": "11",
        "name": "Iñaki Williams",
        "substituted_in": true,
        "starting_lineup": true
      },
      {
        "number": "20",
        "name": "Aritz Aduriz",
        "substituted_in": true,
        "starting_lineup": true
      },
      {
        "number": "25",
        "name": "Enric Saborit",
        "substituted_in": true,
        "starting_lineup": false
      },
      {
        "number": "17",
        "name": "Mikel Rico",
        "substituted_in": true,
        "starting_lineup": false
      },
      {
        "number": "14",
        "name": "Markel Susaeta",
        "substituted_in": true,
        "starting_lineup": false
      }
    ],
    "away_players": [
      {
        "number": "1",
        "name": "Gerónimo Rulli",
        "substituted_in": true,
        "starting_lineup": true
      },
      {
        "number": "6",
        "name": "Iñigo Martínez",
        "substituted_in": true,
        "starting_lineup": true
      },
      {
        "number": "22",
        "name": "Raúl Navas",
        "substituted_in": true,
        "starting_lineup": true
      },
      {
        "number": "19",
        "name": "Yuri Berchiche",
        "substituted_in": true,
        "starting_lineup": true
      },
      {
        "number": "2",
        "name": "Carlos Martínez",
        "substituted_in": true,
        "starting_lineup": true
      },
      {
        "number": "4",
        "name": "Asier Illarramendi",
        "substituted_in": true,
        "starting_lineup": true
      },
      {
        "number": "17",
        "name": "David Zurutuza",
        "substituted_in": true,
        "starting_lineup": true
      },
      {
        "number": "10",
        "name": "Xabi Prieto",
        "substituted_in": true,
        "starting_lineup": true
      },
      {
        "number": "18",
        "name": "Mikel Oyarzabal",
        "substituted_in": true,
        "starting_lineup": true
      },
      {
        "number": "11",
        "name": "Carlos Vela",
        "substituted_in": true,
        "starting_lineup": true
      },
      {
        "number": "12",
        "name": "Willian José",
        "substituted_in": true,
        "starting_lineup": true
      },
      {
        "number": "16",
        "name": "Sergio Canales",
        "substituted_in": true,
        "starting_lineup": false
      },
      {
        "number": "7",
        "name": "Juanmi",
        "substituted_in": true,
        "starting_lineup": false
      },
      {
        "number": "24",
        "name": "David Concha",
        "substituted_in": true,
        "starting_lineup": false
      }
    ]
  },
  {
    "url": "https://www.transfermarkt.pl/athletic-bilbao_krc-genk/aufstellung/spielbericht/2758735",
    "match_id": "2758735",
    "date": "czw., 03.11.2016",
    "competition": "Unknown",
    "matchday": "Unknown",
    "home_team": "Athletic Bilbao",
    "away_team": "KRC Genk",
    "home_players": [
      {
        "number": "13",
        "name": "Iago Herrerín",
        "substituted_in": true,
        "starting_lineup": true
      },
      {
        "number": "4",
        "name": "Aymeric Laporte",
        "substituted_in": true,
        "starting_lineup": true
      },
      {
        "number": "27",
        "name": "Yeray Álvarez",
        "substituted_in": true,
        "starting_lineup": true
      },
      {
        "number": "24",
        "name": "Mikel Balenziaga",
        "substituted_in": true,
        "starting_lineup": true
      },
      {
        "number": "18",
        "name": "Óscar de Marcos",
        "substituted_in": true,
        "starting_lineup": true
      },
      {
        "number": "8",
        "name": "Ander Iturraspe",
        "substituted_in": true,
        "starting_lineup": true
      },
      {
        "number": "17",
        "name": "Mikel Rico",
        "substituted_in": true,
        "starting_lineup": true
      },
      {
        "number": "22",
        "name": "Raúl García",
        "substituted_in": true,
        "starting_lineup": true
      },
      {
        "number": "10",
        "name": "Iker Muniain",
        "substituted_in": true,
        "starting_lineup": true
      },
      {
        "number": "14",
        "name": "Markel Susaeta",
        "substituted_in": true,
        "starting_lineup": true
      },
      {
        "number": "20",
        "name": "Aritz Aduriz",
        "substituted_in": true,
        "starting_lineup": true
      },
      {
        "number": "5",
        "name": "Javi Eraso",
        "substituted_in": true,
        "starting_lineup": false
      },
      {
        "number": "11",
        "name": "Iñaki Williams",
        "substituted_in": true,
        "starting_lineup": false
      },
      {
        "number": "19",
        "name": "Sabin Merino",
        "substituted_in": true,
        "starting_lineup": false
      }
    ],
    "away_players": [
      {
        "number": "1",
        "name": "Marco Bizot",
        "substituted_in": true,
        "starting_lineup": true
      },
      {
        "number": "4",
        "name": "Omar Colley",
        "substituted_in": true,
        "starting_lineup": true
      },
      {
        "number": "2",
        "name": "Jakub Brabec",
        "substituted_in": true,
        "starting_lineup": true
      },
      {
        "number": "3",
        "name": "Bojan Nastic",
        "substituted_in": true,
        "starting_lineup": true
      },
      {
        "number": "41",
        "name": "Timothy Castagne",
        "substituted_in": true,
        "starting_lineup": true
      },
      {
        "number": "25",
        "name": "Wilfred Ndidi",
        "substituted_in": true,
        "starting_lineup": true
      },
      {
        "number": "24",
        "name": "Alejandro Pozuelo",
        "substituted_in": true,
        "starting_lineup": true
      },
      {
        "number": "10",
        "name": "Tino-Sven Susic",
        "substituted_in": true,
        "starting_lineup": true
      },
      {
        "number": "19",
        "name": "Thomas Buffel",
        "substituted_in": true,
        "starting_lineup": true
      },
      {
        "number": "31",
        "name": "Leon Bailey",
        "substituted_in": true,
        "starting_lineup": true
      },
      {
        "number": "77",
        "name": "Ally Samatta",
        "substituted_in": true,
        "starting_lineup": true
      },
      {
        "number": "5",
        "name": "Sandy Walsh",
        "substituted_in": true,
        "starting_lineup": false
      },
      {
        "number": "14",
        "name": "Leandro Trossard",
        "substituted_in": true,
        "starting_lineup": false
      },
      {
        "number": "7",
        "name": "Nikolaos Karelis",
        "substituted_in": true,
        "starting_lineup": false
      }
    ]
  },
  {
    "url": "https://www.transfermarkt.pl/athletic-bilbao_ca-osasuna/aufstellung/spielbericht/2718801",
    "match_id": "2718801",
    "date": "niedz., 30.10.2016",
    "competition": "LALIGA",
    "matchday": "10. Kolejka",
    "home_team": "Athletic Bilbao",
    "away_team": "CA Osasuna",
    "home_players": [
      {
        "number": "1",
        "name": "Gorka Iraizoz",
        "substituted_in": true,
        "starting_lineup": true
      },
      {
        "number": "4",
        "name": "Aymeric Laporte",
        "substituted_in": true,
        "starting_lineup": true
      },
      {
        "number": "16",
        "name": "Xabi Etxeita",
        "substituted_in": true,
        "starting_lineup": true
      },
      {
        "number": "24",
        "name": "Mikel Balenziaga",
        "substituted_in": true,
        "starting_lineup": true
      },
      {
        "number": "18",
        "name": "Óscar de Marcos",
        "substituted_in": true,
        "starting_lineup": true
      },
      {
        "number": "6",
        "name": "Mikel San José",
        "substituted_in": true,
        "starting_lineup": true
      },
      {
        "number": "7",
        "name": "Beñat Etxebarria",
        "substituted_in": true,
        "starting_lineup": true
      },
      {
        "number": "22",
        "name": "Raúl García",
        "substituted_in": true,
        "starting_lineup": true
      },
      {
        "number": "10",
        "name": "Iker Muniain",
        "substituted_in": true,
        "starting_lineup": true
      },
      {
        "number": "19",
        "name": "Sabin Merino",
        "substituted_in": true,
        "starting_lineup": true
      },
      {
        "number": "11",
        "name": "Iñaki Williams",
        "substituted_in": true,
        "starting_lineup": true
      },
      {
        "number": "15",
        "name": "Iñigo Lekue",
        "substituted_in": true,
        "starting_lineup": false
      },
      {
        "number": "17",
        "name": "Mikel Rico",
        "substituted_in": true,
        "starting_lineup": false
      },
      {
        "number": "20",
        "name": "Aritz Aduriz",
        "substituted_in": true,
        "starting_lineup": false
      }
    ],
    "away_players": [
      {
        "number": "13",
        "name": "Nauzet Pérez",
        "substituted_in": true,
        "starting_lineup": true
      },
      {
        "number": "5",
        "name": "David García",
        "substituted_in": true,
        "starting_lineup": true
      },
      {
        "number": "4",
        "name": "Miguel Flaño",
        "substituted_in": true,
        "starting_lineup": true
      },
      {
        "number": "15",
        "name": "Unai García",
        "substituted_in": true,
        "starting_lineup": true
      },
      {
        "number": "11",
        "name": "Álex Berenguer",
        "substituted_in": true,
        "starting_lineup": true
      },
      {
        "number": "6",
        "name": "Oier Sanjurjo",
        "substituted_in": true,
        "starting_lineup": true
      },
      {
        "number": "23",
        "name": "Didier Digard",
        "substituted_in": true,
        "starting_lineup": true
      },
      {
        "number": "20",
        "name": "Miguel de las Cuevas",
        "substituted_in": true,
        "starting_lineup": true
      },
      {
        "number": "10",
        "name": "Roberto Torres",
        "substituted_in": true,
        "starting_lineup": true
      },
      {
        "number": "7",
        "name": "Sergio León",
        "substituted_in": true,
        "starting_lineup": true
      },
      {
        "number": "9",
        "name": "Oriol Riera",
        "substituted_in": true,
        "starting_lineup": true
      },
      {
        "number": "14",
        "name": "Fausto Tienza",
        "substituted_in": true,
        "starting_lineup": false
      },
      {
        "number": "36",
        "name": "Antonio Otegui",
        "substituted_in": true,
        "starting_lineup": false
      },
      {
        "number": "19",
        "name": "Kenan Kodro",
        "substituted_in": true,
        "starting_lineup": false
      }
    ]
  },
  {
    "url": "https://www.transfermarkt.pl/granada-cf_athletic-bilbao/aufstellung/spielbericht/2718753",
    "match_id": "2718753",
    "date": "śr., 21.09.2016",
    "competition": "LALIGA",
    "matchday": "5. Kolejka",
    "home_team": "Granada CF",
    "away_team": "Athletic Bilbao",
    "home_players": [
      {
        "number": "13",
        "name": "Guillermo Ochoa",
        "substituted_in": true,
        "starting_lineup": true
      },
      {
        "number": "3",
        "name": "Gastón Silva",
        "substituted_in": true,
        "starting_lineup": true
      },
      {
        "number": "5",
        "name": "Uche Agbo",
        "substituted_in": true,
        "starting_lineup": true
      },
      {
        "number": "2",
        "name": "Tito",
        "substituted_in": true,
        "starting_lineup": true
      },
      {
        "number": "22",
        "name": "Dimitri Foulquier",
        "substituted_in": true,
        "starting_lineup": true
      },
      {
        "number": "4",
        "name": "Sergi Samper",
        "substituted_in": true,
        "starting_lineup": true
      },
      {
        "number": "26",
        "name": "Victorien Angban",
        "substituted_in": true,
        "starting_lineup": true
      },
      {
        "number": "18",
        "name": "Andreas Pereira",
        "substituted_in": true,
        "starting_lineup": true
      },
      {
        "number": "16",
        "name": "Mehdi Carcela-González",
        "substituted_in": true,
        "starting_lineup": true
      },
      {
        "number": "23",
        "name": "Alberto Bueno",
        "substituted_in": true,
        "starting_lineup": true
      },
      {
        "number": "24",
        "name": "Artem Kravets",
        "substituted_in": true,
        "starting_lineup": true
      },
      {
        "number": "10",
        "name": "Jérémie Boga",
        "substituted_in": true,
        "starting_lineup": false
      },
      {
        "number": "15",
        "name": "Omer Atzili",
        "substituted_in": true,
        "starting_lineup": false
      },
      {
        "number": "9",
        "name": "Ezequiel Ponce",
        "substituted_in": true,
        "starting_lineup": false
      }
    ],
    "away_players": [
      {
        "number": "26",
        "name": "Kepa Arrizabalaga",
        "substituted_in": true,
        "starting_lineup": true
      },
      {
        "number": "4",
        "name": "Aymeric Laporte",
        "substituted_in": true,
        "starting_lineup": true
      },
      {
        "number": "16",
        "name": "Xabi Etxeita",
        "substituted_in": true,
        "starting_lineup": true
      },
      {
        "number": "24",
        "name": "Mikel Balenziaga",
        "substituted_in": true,
        "starting_lineup": true
      },
      {
        "number": "15",
        "name": "Iñigo Lekue",
        "substituted_in": true,
        "starting_lineup": true
      },
      {
        "number": "6",
        "name": "Mikel San José",
        "substituted_in": true,
        "starting_lineup": true
      },
      {
        "number": "7",
        "name": "Beñat Etxebarria",
        "substituted_in": true,
        "starting_lineup": true
      },
      {
        "number": "22",
        "name": "Raúl García",
        "substituted_in": true,
        "starting_lineup": true
      },
      {
        "number": "10",
        "name": "Iker Muniain",
        "substituted_in": true,
        "starting_lineup": true
      },
      {
        "number": "14",
        "name": "Markel Susaeta",
        "substituted_in": true,
        "starting_lineup": true
      },
      {
        "number": "20",
        "name": "Aritz Aduriz",
        "substituted_in": true,
        "starting_lineup": true
      },
      {
        "number": "8",
        "name": "Ander Iturraspe",
        "substituted_in": true,
        "starting_lineup": false
      },
      {
        "number": "11",
        "name": "Iñaki Williams",
        "substituted_in": true,
        "starting_lineup": false
      },
      {
        "number": "19",
        "name": "Sabin Merino",
        "substituted_in": true,
        "starting_lineup": false
      }
    ]
  },
  {
    "url": "https://www.transfermarkt.pl/krc-genk_athletic-bilbao/aufstellung/spielbericht/2758693",
    "match_id": "2758693",
    "date": "czw., 20.10.2016",
    "competition": "Unknown",
    "matchday": "Unknown",
    "home_team": "KRC Genk",
    "away_team": "Athletic Bilbao",
    "home_players": [
      {
        "number": "1",
        "name": "Marco Bizot",
        "substituted_in": true,
        "starting_lineup": true
      },
      {
        "number": "4",
        "name": "Omar Colley",
        "substituted_in": true,
        "starting_lineup": true
      },
      {
        "number": "2",
        "name": "Jakub Brabec",
        "substituted_in": true,
        "starting_lineup": true
      },
      {
        "number": "3",
        "name": "Bojan Nastic",
        "substituted_in": true,
        "starting_lineup": true
      },
      {
        "number": "41",
        "name": "Timothy Castagne",
        "substituted_in": true,
        "starting_lineup": true
      },
      {
        "number": "25",
        "name": "Wilfred Ndidi",
        "substituted_in": true,
        "starting_lineup": true
      },
      {
        "number": "24",
        "name": "Alejandro Pozuelo",
        "substituted_in": true,
        "starting_lineup": true
      },
      {
        "number": "10",
        "name": "Tino-Sven Susic",
        "substituted_in": true,
        "starting_lineup": true
      },
      {
        "number": "19",
        "name": "Thomas Buffel",
        "substituted_in": true,
        "starting_lineup": true
      },
      {
        "number": "31",
        "name": "Leon Bailey",
        "substituted_in": true,
        "starting_lineup": true
      },
      {
        "number": "7",
        "name": "Nikolaos Karelis",
        "substituted_in": true,
        "starting_lineup": true
      },
      {
        "number": "28",
        "name": "Bryan Heynen",
        "substituted_in": true,
        "starting_lineup": false
      },
      {
        "number": "14",
        "name": "Leandro Trossard",
        "substituted_in": true,
        "starting_lineup": false
      },
      {
        "number": "77",
        "name": "Ally Samatta",
        "substituted_in": true,
        "starting_lineup": false
      }
    ],
    "away_players": [
      {
        "number": "13",
        "name": "Iago Herrerín",
        "substituted_in": true,
        "starting_lineup": true
      },
      {
        "number": "4",
        "name": "Aymeric Laporte",
        "substituted_in": true,
        "starting_lineup": true
      },
      {
        "number": "27",
        "name": "Yeray Álvarez",
        "substituted_in": true,
        "starting_lineup": true
      },
      {
        "number": "24",
        "name": "Mikel Balenziaga",
        "substituted_in": true,
        "starting_lineup": true
      },
      {
        "number": "15",
        "name": "Iñigo Lekue",
        "substituted_in": true,
        "starting_lineup": true
      },
      {
        "number": "6",
        "name": "Mikel San José",
        "substituted_in": true,
        "starting_lineup": true
      },
      {
        "number": "8",
        "name": "Ander Iturraspe",
        "substituted_in": true,
        "starting_lineup": true
      },
      {
        "number": "22",
        "name": "Raúl García",
        "substituted_in": true,
        "starting_lineup": true
      },
      {
        "number": "10",
        "name": "Iker Muniain",
        "substituted_in": true,
        "starting_lineup": true
      },
      {
        "number": "11",
        "name": "Iñaki Williams",
        "substituted_in": true,
        "starting_lineup": true
      },
      {
        "number": "20",
        "name": "Aritz Aduriz",
        "substituted_in": true,
        "starting_lineup": true
      },
      {
        "number": "25",
        "name": "Enric Saborit",
        "substituted_in": true,
        "starting_lineup": false
      },
      {
        "number": "3",
        "name": "Gorka Elustondo",
        "substituted_in": true,
        "starting_lineup": false
      },
      {
        "number": "14",
        "name": "Markel Susaeta",
        "substituted_in": true,
        "starting_lineup": false
      }
    ]
  }
]