[
  {
    "url": "https://www.transfermarkt.pl/athletic-bilbao_valencia-cf/aufstellung/spielbericht/4113119",
    "match_id": "4113119",
    "date": "niedz., 29.10.2023",
    "competition": "LALIGA",
    "matchday": "11. Kolejka",
    "home_team": "Athletic Bilbao",
    "away_team": "Valencia CF",
    "home_players": [
      {
        "number": "1",
        "name": "Unai Simón",
        "substituted_in": true,
        "starting_lineup": true
      },
      {
        "number": "3",
        "name": "Dani Vivian",
        "substituted_in": true,
        "starting_lineup": true
      },
      {
        "number": "4",
        "name": "Aitor Paredes",
        "substituted_in": true,
        "starting_lineup": true
      },
      {
        "number": "19",
        "name": "Imanol García de Albéniz",
        "substituted_in": true,
        "starting_lineup": true
      },
      {
        "number": "18",
        "name": "Óscar de Marcos",
        "substituted_in": true,
        "starting_lineup": true
      },
      {
        "number": "14",
        "name": "Dani García",
        "substituted_in": true,
        "starting_lineup": true
      },
      {
        "number": "16",
        "name": "Iñigo Ruiz de Galarreta",
        "substituted_in": true,
        "starting_lineup": true
      },
      {
        "number": "8",
        "name": "Oihan Sancet",
        "substituted_in": true,
        "starting_lineup": true
      },
      {
        "number": "11",
        "name": "Nico Williams",
        "substituted_in": true,
        "starting_lineup": true
      },
      {
        "number": "9",
        "name": "Iñaki Williams",
        "substituted_in": true,
        "starting_lineup": true
      },
      {
        "number": "12",
        "name": "Gorka Guruzeta",
        "substituted_in": true,
        "starting_lineup": true
      },
      {
        "number": "6",
        "name": "Mikel Vesga",
        "substituted_in": true,
        "starting_lineup": false
      },
      {
        "number": "24",
        "name": "Beñat Prados",
        "substituted_in": true,
        "starting_lineup": false
      },
      {
        "number": "7",
        "name": "Álex Berenguer",
        "substituted_in": true,
        "starting_lineup": false
      },
      {
        "number": "10",
        "name": "Iker Muniain",
        "substituted_in": true,
        "starting_lineup": false
      },
      {
        "number": "20",
        "name": "Asier Villalibre",
        "substituted_in": true,
        "starting_lineup": false
      }
    ],
    "away_players": [
      {
        "number": "25",
        "name": "Giorgi Mamardashvili",
        "substituted_in": true,
        "starting_lineup": true
      },
      {
        "number": "3",
        "name": "Cristhian Mosquera",
        "substituted_in": true,
        "starting_lineup": true
      },
      {
        "number": "5",
        "name": "Gabriel Paulista",
        "substituted_in": true,
        "starting_lineup": true
      },
      {
        "number": "14",
        "name": "José Gayà",
        "substituted_in": true,
        "starting_lineup": true
      },
      {
        "number": "12",
        "name": "Thierry Correia",
        "substituted_in": true,
        "starting_lineup": true
      },
      {
        "number": "18",
        "name": "Pepelu",
        "substituted_in": true,
        "starting_lineup": true
      },
      {
        "number": "8",
        "name": "Javi Guerra",
        "substituted_in": true,
        "starting_lineup": true
      },
      {
        "number": "19",
        "name": "Selim Amallah",
        "substituted_in": true,
        "starting_lineup": true
      },
      {
        "number": "23",
        "name": "Fran Pérez",
        "substituted_in": true,
        "starting_lineup": true
      },
      {
        "number": "16",
        "name": "Diego López",
        "substituted_in": true,
        "starting_lineup": true
      },
      {
        "number": "9",
        "name": "Hugo Duro",
        "substituted_in": true,
        "starting_lineup": true
      },
      {
        "number": "20",
        "name": "Dimitri Foulquier",
        "substituted_in": true,
        "starting_lineup": false
      },
      {
        "number": "6",
        "name": "Hugo Guillamón",
        "substituted_in": true,
        "starting_lineup": false
      },
      {
        "number": "7",
        "name": "Sergi Canós",
        "substituted_in": true,
        "starting_lineup": false
      },
      {
        "number": "17",
        "name": "Roman Yaremchuk",
        "substituted_in": true,
        "starting_lineup": false
      }
    ]
  },
  {
    "url": "https://www.transfermarkt.pl/athletic-bilbao_getafe-cf/aufstellung/spielbericht/4113065",
    "match_id": "4113065",
    "date": "śr., 27.09.2023",
    "competition": "LALIGA",
    "matchday": "7. Kolejka",
    "home_team": "Athletic Bilbao",
    "away_team": "Getafe CF",
    "home_players": [
      {
        "number": "1",
        "name": "Unai Simón",
        "substituted_in": true,
        "starting_lineup": true
      },
      {
        "number": "3",
        "name": "Dani Vivian",
        "substituted_in": true,
        "starting_lineup": true
      },
      {
        "number": "4",
        "name": "Aitor Paredes",
        "substituted_in": true,
        "starting_lineup": true
      },
      {
        "number": "17",
        "name": "Yuri Berchiche",
        "substituted_in": true,
        "starting_lineup": true
      },
      {
        "number": "18",
        "name": "Óscar de Marcos",
        "substituted_in": true,
        "starting_lineup": true
      },
      {
        "number": "6",
        "name": "Mikel Vesga",
        "substituted_in": true,
        "starting_lineup": true
      },
      {
        "number": "21",
        "name": "Ander Herrera",
        "substituted_in": true,
        "starting_lineup": true
      },
      {
        "number": "8",
        "name": "Oihan Sancet",
        "substituted_in": true,
        "starting_lineup": true
      },
      {
        "number": "7",
        "name": "Álex Berenguer",
        "substituted_in": true,
        "starting_lineup": true
      },
      {
        "number": "9",
        "name": "Iñaki Williams",
        "substituted_in": true,
        "starting_lineup": true
      },
      {
        "number": "12",
        "name": "Gorka Guruzeta",
        "substituted_in": true,
        "starting_lineup": true
      },
      {
        "number": "5",
        "name": "Yeray Álvarez",
        "substituted_in": true,
        "starting_lineup": false
      },
      {
        "number": "14",
        "name": "Dani García",
        "substituted_in": true,
        "starting_lineup": false
      },
      {
        "number": "24",
        "name": "Beñat Prados",
        "substituted_in": true,
        "starting_lineup": false
      },
      {
        "number": "22",
        "name": "Raúl García",
        "substituted_in": true,
        "starting_lineup": false
      },
      {
        "number": "10",
        "name": "Iker Muniain",
        "substituted_in": true,
        "starting_lineup": false
      }
    ],
    "away_players": [
      {
        "number": "13",
        "name": "David Soria",
        "substituted_in": true,
        "starting_lineup": true
      },
      {
        "number": "4",
        "name": "Gastón Álvarez",
        "substituted_in": true,
        "starting_lineup": true
      },
      {
        "number": "6",
        "name": "Domingos Duarte",
        "substituted_in": true,
        "starting_lineup": true
      },
      {
        "number": "16",
        "name": "Diego Rico",
        "substituted_in": true,
        "starting_lineup": true
      },
      {
        "number": "3",
        "name": "Fabrizio Angileri",
        "substituted_in": true,
        "starting_lineup": true
      },
      {
        "number": "21",
        "name": "Juan Iglesias",
        "substituted_in": true,
        "starting_lineup": true
      },
      {
        "number": "8",
        "name": "Mauro Arambarri",
        "substituted_in": true,
        "starting_lineup": true
      },
      {
        "number": "20",
        "name": "Nemanja Maksimovic",
        "substituted_in": true,
        "starting_lineup": true
      },
      {
        "number": "12",
        "name": "Mason Greenwood",
        "substituted_in": true,
        "starting_lineup": true
      },
      {
        "number": "11",
        "name": "Carles Aleñá",
        "substituted_in": true,
        "starting_lineup": true
      },
      {
        "number": "19",
        "name": "Borja Mayoral",
        "substituted_in": true,
        "starting_lineup": true
      },
      {
        "number": "2",
        "name": "Dakonam Djené",
        "substituted_in": true,
        "starting_lineup": false
      },
      {
        "number": "18",
        "name": "José Ángel Carmona",
        "substituted_in": true,
        "starting_lineup": false
      },
      {
        "number": "9",
        "name": "Óscar Rodríguez",
        "substituted_in": true,
        "starting_lineup": false
      },
      {
        "number": "14",
        "name": "Juanmi Latasa",
        "substituted_in": true,
        "starting_lineup": false
      },
      {
        "number": "7",
        "name": "Jaime Mata",
        "substituted_in": true,
        "starting_lineup": false
      }
    ]
  },
  {
    "url": "https://www.transfermarkt.pl/athletic-bilbao_ud-almería/aufstellung/spielbericht/4113060",
    "match_id": "4113060",
    "date": "pt., 06.10.2023",
    "competition": "LALIGA",
    "matchday": "9. Kolejka",
    "home_team": "Athletic Bilbao",
    "away_team": "UD Almería",
    "home_players": [
      {
        "number": "1",
        "name": "Unai Simón",
        "substituted_in": true,
        "starting_lineup": true
      },
      {
        "number": "3",
        "name": "Dani Vivian",
        "substituted_in": true,
        "starting_lineup": true
      },
      {
        "number": "5",
        "name": "Yeray Álvarez",
        "substituted_in": true,
        "starting_lineup": true
      },
      {
        "number": "17",
        "name": "Yuri Berchiche",
        "substituted_in": true,
        "starting_lineup": true
      },
      {
        "number": "18",
        "name": "Óscar de Marcos",
        "substituted_in": true,
        "starting_lineup": true
      },
      {
        "number": "14",
        "name": "Dani García",
        "substituted_in": true,
        "starting_lineup": true
      },
      {
        "number": "21",
        "name": "Ander Herrera",
        "substituted_in": true,
        "starting_lineup": true
      },
      {
        "number": "8",
        "name": "Oihan Sancet",
        "substituted_in": true,
        "starting_lineup": true
      },
      {
        "number": "11",
        "name": "Nico Williams",
        "substituted_in": true,
        "starting_lineup": true
      },
      {
        "number": "9",
        "name": "Iñaki Williams",
        "substituted_in": true,
        "starting_lineup": true
      },
      {
        "number": "12",
        "name": "Gorka Guruzeta",
        "substituted_in": true,
        "starting_lineup": true
      },
      {
        "number": "4",
        "name": "Aitor Paredes",
        "substituted_in": true,
        "starting_lineup": false
      },
      {
        "number": "24",
        "name": "Beñat Prados",
        "substituted_in": true,
        "starting_lineup": false
      },
      {
        "number": "30",
        "name": "Unai Gómez",
        "substituted_in": true,
        "starting_lineup": false
      },
      {
        "number": "10",
        "name": "Iker Muniain",
        "substituted_in": true,
        "starting_lineup": false
      },
      {
        "number": "20",
        "name": "Asier Villalibre",
        "substituted_in": true,
        "starting_lineup": false
      }
    ],
    "away_players": [
      {
        "number": "25",
        "name": "Luís Maximiano",
        "substituted_in": true,
        "starting_lineup": true
      },
      {
        "number": "2",
        "name": "Kaiky",
        "substituted_in": true,
        "starting_lineup": true
      },
      {
        "number": "21",
        "name": "Chumi",
        "substituted_in": true,
        "starting_lineup": true
      },
      {
        "number": "15",
        "name": "Sergio Akieme",
        "substituted_in": true,
        "starting_lineup": true
      },
      {
        "number": "24",
        "name": "Houboulang Mendes",
        "substituted_in": true,
        "starting_lineup": true
      },
      {
        "number": "6",
        "name": "Dion Lopy",
        "substituted_in": true,
        "starting_lineup": true
      },
      {
        "number": "4",
        "name": "Iddrisu Baba",
        "substituted_in": true,
        "starting_lineup": true
      },
      {
        "number": "7",
        "name": "Largie Ramazani",
        "substituted_in": true,
        "starting_lineup": true
      },
      {
        "number": "10",
        "name": "Adrián Embarba",
        "substituted_in": true,
        "starting_lineup": true
      },
      {
        "number": "11",
        "name": "Gonzalo Melero",
        "substituted_in": true,
        "starting_lineup": true
      },
      {
        "number": "23",
        "name": "Ibrahima Koné",
        "substituted_in": true,
        "starting_lineup": true
      },
      {
        "number": "17",
        "name": "Álex Pozo",
        "substituted_in": true,
        "starting_lineup": false
      },
      {
        "number": "8",
        "name": "Arnau Puigmal",
        "substituted_in": true,
        "starting_lineup": false
      },
      {
        "number": "19",
        "name": "Sergio Arribas",
        "substituted_in": true,
        "starting_lineup": false
      },
      {
        "number": "14",
        "name": "Lázaro",
        "substituted_in": true,
        "starting_lineup": false
      },
      {
        "number": "34",
        "name": "Marciano Sanca",
        "substituted_in": true,
        "starting_lineup": false
      }
    ]
  },
  {
    "url": "https://www.transfermarkt.pl/athletic-bilbao_celta-de-vigo/aufstellung/spielbericht/4113088",
    "match_id": "4113088",
    "date": "pt., 10.11.2023",
    "competition": "LALIGA",
    "matchday": "13. Kolejka",
    "home_team": "Athletic Bilbao",
    "away_team": "Celta de Vigo",
    "home_players": [
      {
        "number": "1",
        "name": "Unai Simón",
        "substituted_in": true,
        "starting_lineup": true
      },
      {
        "number": "3",
        "name": "Dani Vivian",
        "substituted_in": true,
        "starting_lineup": true
      },
      {
        "number": "4",
        "name": "Aitor Paredes",
        "substituted_in": true,
        "starting_lineup": true
      },
      {
        "number": "15",
        "name": "Iñigo Lekue",
        "substituted_in": true,
        "starting_lineup": true
      },
      {
        "number": "18",
        "name": "Óscar de Marcos",
        "substituted_in": true,
        "starting_lineup": true
      },
      {
        "number": "6",
        "name": "Mikel Vesga",
        "substituted_in": true,
        "starting_lineup": true
      },
      {
        "number": "16",
        "name": "Iñigo Ruiz de Galarreta",
        "substituted_in": true,
        "starting_lineup": true
      },
      {
        "number": "8",
        "name": "Oihan Sancet",
        "substituted_in": true,
        "starting_lineup": true
      },
      {
        "number": "11",
        "name": "Nico Williams",
        "substituted_in": true,
        "starting_lineup": true
      },
      {
        "number": "9",
        "name": "Iñaki Williams",
        "substituted_in": true,
        "starting_lineup": true
      },
      {
        "number": "12",
        "name": "Gorka Guruzeta",
        "substituted_in": true,
        "starting_lineup": true
      },
      {
        "number": "14",
        "name": "Dani García",
        "substituted_in": true,
        "starting_lineup": false
      },
      {
        "number": "30",
        "name": "Unai Gómez",
        "substituted_in": true,
        "starting_lineup": false
      },
      {
        "number": "22",
        "name": "Raúl García",
        "substituted_in": true,
        "starting_lineup": false
      },
      {
        "number": "7",
        "name": "Álex Berenguer",
        "substituted_in": true,
        "starting_lineup": false
      }
    ],
    "away_players": [
      {
        "number": "25",
        "name": "Vicente Guaita",
        "substituted_in": true,
        "starting_lineup": true
      },
      {
        "number": "2",
        "name": "Carl Starfelt",
        "substituted_in": true,
        "starting_lineup": true
      },
      {
        "number": "4",
        "name": "Unai Núñez",
        "substituted_in": true,
        "starting_lineup": true
      },
      {
        "number": "23",
        "name": "Manu Sánchez",
        "substituted_in": true,
        "starting_lineup": true
      },
      {
        "number": "20",
        "name": "Kevin Vázquez",
        "substituted_in": true,
        "starting_lineup": true
      },
      {
        "number": "6",
        "name": "Carlos Dotor",
        "substituted_in": true,
        "starting_lineup": true
      },
      {
        "number": "8",
        "name": "Fran Beltrán",
        "substituted_in": true,
        "starting_lineup": true
      },
      {
        "number": "3",
        "name": "Óscar Mingueza",
        "substituted_in": true,
        "starting_lineup": true
      },
      {
        "number": "17",
        "name": "Jonathan Bamba",
        "substituted_in": true,
        "starting_lineup": true
      },
      {
        "number": "10",
        "name": "Iago Aspas",
        "substituted_in": true,
        "starting_lineup": true
      },
      {
        "number": "18",
        "name": "Jørgen Strand Larsen",
        "substituted_in": true,
        "starting_lineup": true
      },
      {
        "number": "14",
        "name": "Luca de la Torre",
        "substituted_in": true,
        "starting_lineup": false
      },
      {
        "number": "11",
        "name": "Franco Cervi",
        "substituted_in": true,
        "starting_lineup": false
      },
      {
        "number": "12",
        "name": "Anastasios Douvikas",
        "substituted_in": true,
        "starting_lineup": false
      }
    ]
  },
  {
    "url": "https://www.transfermarkt.pl/athletic-bilbao_rcd-mallorca/aufstellung/spielbericht/4113035",
    "match_id": "4113035",
    "date": "pt., 02.02.2024",
    "competition": "LALIGA",
    "matchday": "23. Kolejka",
    "home_team": "Athletic Bilbao",
    "away_team": "RCD Mallorca",
    "home_players": [
      {
        "number": "1",
        "name": "Unai Simón",
        "substituted_in": true,
        "starting_lineup": true
      },
      {
        "number": "4",
        "name": "Aitor Paredes",
        "substituted_in": true,
        "starting_lineup": true
      },
      {
        "number": "5",
        "name": "Yeray Álvarez",
        "substituted_in": true,
        "starting_lineup": true
      },
      {
        "number": "17",
        "name": "Yuri Berchiche",
        "substituted_in": true,
        "starting_lineup": true
      },
      {
        "number": "18",
        "name": "Óscar de Marcos",
        "substituted_in": true,
        "starting_lineup": true
      },
      {
        "number": "16",
        "name": "Iñigo Ruiz de Galarreta",
        "substituted_in": true,
        "starting_lineup": true
      },
      {
        "number": "24",
        "name": "Beñat Prados",
        "substituted_in": true,
        "starting_lineup": true
      },
      {
        "number": "8",
        "name": "Oihan Sancet",
        "substituted_in": true,
        "starting_lineup": true
      },
      {
        "number": "11",
        "name": "Nico Williams",
        "substituted_in": true,
        "starting_lineup": true
      },
      {
        "number": "9",
        "name": "Iñaki Williams",
        "substituted_in": true,
        "starting_lineup": true
      },
      {
        "number": "12",
        "name": "Gorka Guruzeta",
        "substituted_in": true,
        "starting_lineup": true
      },
      {
        "number": "21",
        "name": "Ander Herrera",
        "substituted_in": true,
        "starting_lineup": false
      },
      {
        "number": "31",
        "name": "Mikel Jauregizar",
        "substituted_in": true,
        "starting_lineup": false
      },
      {
        "number": "22",
        "name": "Raúl García",
        "substituted_in": true,
        "starting_lineup": false
      },
      {
        "number": "10",
        "name": "Iker Muniain",
        "substituted_in": true,
        "starting_lineup": false
      },
      {
        "number": "23",
        "name": "Adu Ares",
        "substituted_in": true,
        "starting_lineup": false
      }
    ],
    "away_players": [
      {
        "number": "1",
        "name": "Predrag Rajković",
        "substituted_in": true,
        "starting_lineup": true
      },
      {
        "number": "6",
        "name": "José Copete",
        "substituted_in": true,
        "starting_lineup": true
      },
      {
        "number": "21",
        "name": "Antonio Raíllo",
        "substituted_in": true,
        "starting_lineup": true
      },
      {
        "number": "24",
        "name": "Martin Valjent",
        "substituted_in": true,
        "starting_lineup": true
      },
      {
        "number": "11",
        "name": "Jaume Costa",
        "substituted_in": true,
        "starting_lineup": true
      },
      {
        "number": "20",
        "name": "Giovanni González",
        "substituted_in": true,
        "starting_lineup": true
      },
      {
        "number": "5",
        "name": "Omar Mascarell",
        "substituted_in": true,
        "starting_lineup": true
      },
      {
        "number": "8",
        "name": "Manu Morlanes",
        "substituted_in": true,
        "starting_lineup": true
      },
      {
        "number": "14",
        "name": "Dani Rodríguez",
        "substituted_in": true,
        "starting_lineup": true
      },
      {
        "number": "18",
        "name": "Antonio Sánchez",
        "substituted_in": true,
        "starting_lineup": true
      },
      {
        "number": "17",
        "name": "Cyle Larin",
        "substituted_in": true,
        "starting_lineup": true
      },
      {
        "number": "22",
        "name": "Nacho Vidal",
        "substituted_in": true,
        "starting_lineup": false
      },
      {
        "number": "10",
        "name": "Sergi Darder",
        "substituted_in": true,
        "starting_lineup": false
      },
      {
        "number": "19",
        "name": "Javi Llabrés",
        "substituted_in": true,
        "starting_lineup": false
      },
      {
        "number": "7",
        "name": "Vedat Muriqi",
        "substituted_in": true,
        "starting_lineup": false
      },
      {
        "number": "9",
        "name": "Abdón Prats",
        "substituted_in": true,
        "starting_lineup": false
      }
    ]
  }
]