[
  {
    "url": "https://www.transfermarkt.pl/athletic-bilbao_atlético-madryt/aufstellung/spielbericht/4364905",
    "match_id": "4364905",
    "date": "sob., 31.08.2024",
    "competition": "LALIGA",
    "matchday": "4. Kolejka",
    "home_team": "Athletic Bilbao",
    "away_team": "Atlético Madryt",
    "home_players": [
      {
        "number": "13",
        "name": "Julen Agirrezabala",
        "substituted_in": true,
        "starting_lineup": true
      },
      {
        "number": "3",
        "name": "Dani Vivian",
        "substituted_in": true,
        "starting_lineup": true
      },
      {
        "number": "5",
        "name": "Yeray Álvarez",
        "substituted_in": true,
        "starting_lineup": true
      },
      {
        "number": "17",
        "name": "Yuri Berchiche",
        "substituted_in": true,
        "starting_lineup": true
      },
      {
        "number": "15",
        "name": "Iñigo Lekue",
        "substituted_in": true,
        "starting_lineup": true
      },
      {
        "number": "21",
        "name": "Ander Herrera",
        "substituted_in": true,
        "starting_lineup": true
      },
      {
        "number": "24",
        "name": "Beñat Prados",
        "substituted_in": true,
        "starting_lineup": true
      },
      {
        "number": "8",
        "name": "Oihan Sancet",
        "substituted_in": true,
        "starting_lineup": true
      },
      {
        "number": "10",
        "name": "Nico Williams",
        "substituted_in": true,
        "starting_lineup": true
      },
      {
        "number": "9",
        "name": "Iñaki Williams",
        "substituted_in": true,
        "starting_lineup": true
      },
      {
        "number": "12",
        "name": "Gorka Guruzeta",
        "substituted_in": true,
        "starting_lineup": true
      },
      {
        "number": "6",
        "name": "Mikel Vesga",
        "substituted_in": true,
        "starting_lineup": false
      },
      {
        "number": "23",
        "name": "Mikel Jauregizar",
        "substituted_in": true,
        "starting_lineup": false
      },
      {
        "number": "20",
        "name": "Unai Gómez",
        "substituted_in": true,
        "starting_lineup": false
      },
      {
        "number": "7",
        "name": "Álex Berenguer",
        "substituted_in": true,
        "starting_lineup": false
      },
      {
        "number": "11",
        "name": "Álvaro Djaló",
        "substituted_in": true,
        "starting_lineup": false
      }
    ],
    "away_players": [
      {
        "number": "1",
        "name": "Juan Musso",
        "substituted_in": true,
        "starting_lineup": true
      },
      {
        "number": "2",
        "name": "José María Giménez",
        "substituted_in": true,
        "starting_lineup": true
      },
      {
        "number": "24",
        "name": "Robin Le Normand",
        "substituted_in": true,
        "starting_lineup": true
      },
      {
        "number": "23",
        "name": "Reinildo Mandava",
        "substituted_in": true,
        "starting_lineup": true
      },
      {
        "number": "6",
        "name": "Koke",
        "substituted_in": true,
        "starting_lineup": true
      },
      {
        "number": "8",
        "name": "Pablo Barrios",
        "substituted_in": true,
        "starting_lineup": true
      },
      {
        "number": "14",
        "name": "Marcos Llorente",
        "substituted_in": true,
        "starting_lineup": true
      },
      {
        "number": "12",
        "name": "Samuel Lino",
        "substituted_in": true,
        "starting_lineup": true
      },
      {
        "number": "4",
        "name": "Conor Gallagher",
        "substituted_in": true,
        "starting_lineup": true
      },
      {
        "number": "7",
        "name": "Antoine Griezmann",
        "substituted_in": true,
        "starting_lineup": true
      },
      {
        "number": "19",
        "name": "Julián Alvarez",
        "substituted_in": true,
        "starting_lineup": true
      },
      {
        "number": "5",
        "name": "Rodrigo De Paul",
        "substituted_in": true,
        "starting_lineup": false
      },
      {
        "number": "17",
        "name": "Rodrigo Riquelme",
        "substituted_in": true,
        "starting_lineup": false
      },
      {
        "number": "10",
        "name": "Ángel Correa",
        "substituted_in": true,
        "starting_lineup": false
      },
      {
        "number": "22",
        "name": "Giuliano Simeone",
        "substituted_in": true,
        "starting_lineup": false
      },
      {
        "number": "9",
        "name": "Alexander Sørloth",
        "substituted_in": true,
        "starting_lineup": false
      }
    ]
  },
  {
    "url": "https://www.transfermarkt.pl/ludogorets-razgrad_athletic-bilbao/aufstellung/spielbericht/4445498",
    "match_id": "4445498",
    "date": "czw., 07.11.2024",
    "competition": "Unknown",
    "matchday": "Unknown",
    "home_team": "Ludogorets Razgrad",
    "away_team": "Athletic Bilbao",
    "home_players": [
      {
        "number": "1",
        "name": "Sergio Padt",
        "substituted_in": true,
        "starting_lineup": true
      },
      {
        "number": "4",
        "name": "Dinis Almeida",
        "substituted_in": true,
        "starting_lineup": true
      },
      {
        "number": "24",
        "name": "Olivier Verdon",
        "substituted_in": true,
        "starting_lineup": true
      },
      {
        "number": "17",
        "name": "Son",
        "substituted_in": true,
        "starting_lineup": true
      },
      {
        "number": "16",
        "name": "Aslak Witry",
        "substituted_in": true,
        "starting_lineup": true
      },
      {
        "number": "82",
        "name": "Ivan Yordanov",
        "substituted_in": true,
        "starting_lineup": true
      },
      {
        "number": "23",
        "name": "Deroy Duarte",
        "substituted_in": true,
        "starting_lineup": true
      },
      {
        "number": "12",
        "name": "Rwan Cruz",
        "substituted_in": true,
        "starting_lineup": true
      },
      {
        "number": "7",
        "name": "Rick",
        "substituted_in": true,
        "starting_lineup": true
      },
      {
        "number": "77",
        "name": "Erick Marcus",
        "substituted_in": true,
        "starting_lineup": true
      },
      {
        "number": "9",
        "name": "Kwadwo Duah",
        "substituted_in": true,
        "starting_lineup": true
      },
      {
        "number": "14",
        "name": "Denny Gropper",
        "substituted_in": true,
        "starting_lineup": false
      },
      {
        "number": "18",
        "name": "Ivaylo Chochev",
        "substituted_in": true,
        "starting_lineup": false
      },
      {
        "number": "19",
        "name": "Georgi Rusev",
        "substituted_in": true,
        "starting_lineup": false
      }
    ],
    "away_players": [
      {
        "number": "13",
        "name": "Julen Agirrezabala",
        "substituted_in": true,
        "starting_lineup": true
      },
      {
        "number": "3",
        "name": "Dani Vivian",
        "substituted_in": true,
        "starting_lineup": true
      },
      {
        "number": "4",
        "name": "Aitor Paredes",
        "substituted_in": true,
        "starting_lineup": true
      },
      {
        "number": "17",
        "name": "Yuri Berchiche",
        "substituted_in": true,
        "starting_lineup": true
      },
      {
        "number": "2",
        "name": "Andoni Gorosabel",
        "substituted_in": true,
        "starting_lineup": true
      },
      {
        "number": "16",
        "name": "Iñigo Ruiz de Galarreta",
        "substituted_in": true,
        "starting_lineup": true
      },
      {
        "number": "24",
        "name": "Beñat Prados",
        "substituted_in": true,
        "starting_lineup": true
      },
      {
        "number": "7",
        "name": "Álex Berenguer",
        "substituted_in": true,
        "starting_lineup": true
      },
      {
        "number": "10",
        "name": "Nico Williams",
        "substituted_in": true,
        "starting_lineup": true
      },
      {
        "number": "9",
        "name": "Iñaki Williams",
        "substituted_in": true,
        "starting_lineup": true
      },
      {
        "number": "11",
        "name": "Álvaro Djaló",
        "substituted_in": true,
        "starting_lineup": true
      },
      {
        "number": "18",
        "name": "Óscar de Marcos",
        "substituted_in": true,
        "starting_lineup": false
      },
      {
        "number": "6",
        "name": "Mikel Vesga",
        "substituted_in": true,
        "starting_lineup": false
      },
      {
        "number": "21",
        "name": "Ander Herrera",
        "substituted_in": true,
        "starting_lineup": false
      },
      {
        "number": "20",
        "name": "Unai Gómez",
        "substituted_in": true,
        "starting_lineup": false
      },
      {
        "number": "22",
        "name": "Nico Serrano",
        "substituted_in": true,
        "starting_lineup": false
      }
    ]
  },
  {
    "url": "https://www.transfermarkt.pl/athletic-bilbao_girona-fc/aufstellung/spielbericht/4407764",
    "match_id": "4407764",
    "date": "sob., 08.02.2025",
    "competition": "LALIGA",
    "matchday": "23. Kolejka",
    "home_team": "Athletic Bilbao",
    "away_team": "Girona FC",
    "home_players": [
      {
        "number": "1",
        "name": "Unai Simón",
        "substituted_in": true,
        "starting_lineup": true
      },
      {
        "number": "3",
        "name": "Dani Vivian",
        "substituted_in": true,
        "starting_lineup": true
      },
      {
        "number": "5",
        "name": "Yeray Álvarez",
        "substituted_in": true,
        "starting_lineup": true
      },
      {
        "number": "32",
        "name": "Adama Boiro",
        "substituted_in": true,
        "starting_lineup": true
      },
      {
        "number": "18",
        "name": "Óscar de Marcos",
        "substituted_in": true,
        "starting_lineup": true
      },
      {
        "number": "23",
        "name": "Mikel Jauregizar",
        "substituted_in": true,
        "starting_lineup": true
      },
      {
        "number": "24",
        "name": "Beñat Prados",
        "substituted_in": true,
        "starting_lineup": true
      },
      {
        "number": "8",
        "name": "Oihan Sancet",
        "substituted_in": true,
        "starting_lineup": true
      },
      {
        "number": "7",
        "name": "Álex Berenguer",
        "substituted_in": true,
        "starting_lineup": true
      },
      {
        "number": "9",
        "name": "Iñaki Williams",
        "substituted_in": true,
        "starting_lineup": true
      },
      {
        "number": "12",
        "name": "Gorka Guruzeta",
        "substituted_in": true,
        "starting_lineup": true
      },
      {
        "number": "17",
        "name": "Yuri Berchiche",
        "substituted_in": true,
        "starting_lineup": false
      },
      {
        "number": "6",
        "name": "Mikel Vesga",
        "substituted_in": true,
        "starting_lineup": false
      },
      {
        "number": "28",
        "name": "Peio Canales",
        "substituted_in": true,
        "starting_lineup": false
      },
      {
        "number": "43",
        "name": "Endika Buján",
        "substituted_in": true,
        "starting_lineup": false
      },
      {
        "number": "21",
        "name": "Maroan Sannadi",
        "substituted_in": true,
        "starting_lineup": false
      }
    ],
    "away_players": [
      {
        "number": "13",
        "name": "Paulo Gazzaniga",
        "substituted_in": true,
        "starting_lineup": true
      },
      {
        "number": "18",
        "name": "Ladislav Krejci",
        "substituted_in": true,
        "starting_lineup": true
      },
      {
        "number": "15",
        "name": "Juanpe",
        "substituted_in": true,
        "starting_lineup": true
      },
      {
        "number": "3",
        "name": "Miguel Gutiérrez",
        "substituted_in": true,
        "starting_lineup": true
      },
      {
        "number": "16",
        "name": "Alejandro Francés",
        "substituted_in": true,
        "starting_lineup": true
      },
      {
        "number": "21",
        "name": "Yangel Herrera",
        "substituted_in": true,
        "starting_lineup": true
      },
      {
        "number": "6",
        "name": "Donny van de Beek",
        "substituted_in": true,
        "starting_lineup": true
      },
      {
        "number": "23",
        "name": "Iván Martín",
        "substituted_in": true,
        "starting_lineup": true
      },
      {
        "number": "20",
        "name": "Bryan Gil",
        "substituted_in": true,
        "starting_lineup": true
      },
      {
        "number": "8",
        "name": "Viktor Tsygankov",
        "substituted_in": true,
        "starting_lineup": true
      },
      {
        "number": "9",
        "name": "Abel Ruiz",
        "substituted_in": true,
        "starting_lineup": true
      },
      {
        "number": "17",
        "name": "Daley Blind",
        "substituted_in": true,
        "starting_lineup": false
      },
      {
        "number": "22",
        "name": "Jhon Solís",
        "substituted_in": true,
        "starting_lineup": false
      },
      {
        "number": "27",
        "name": "Gabriel Misehouy",
        "substituted_in": true,
        "starting_lineup": false
      },
      {
        "number": "10",
        "name": "Yáser Asprilla",
        "substituted_in": true,
        "starting_lineup": false
      },
      {
        "number": "7",
        "name": "Cristhian Stuani",
        "substituted_in": true,
        "starting_lineup": false
      }
    ]
  },
  {
    "url": "https://www.transfermarkt.pl/ud-logroñés_athletic-bilbao/aufstellung/spielbericht/4506878",
    "match_id": "4506878",
    "date": "sob., 04.01.2025",
    "competition": "Unknown",
    "matchday": "Unknown",
    "home_team": "UD Logroñés",
    "away_team": "Athletic Bilbao",
    "home_players": [
      {
        "number": "1",
        "name": "Kike Royo",
        "substituted_in": true,
        "starting_lineup": true
      },
      {
        "number": "12",
        "name": "Eloy Moreno",
        "substituted_in": true,
        "starting_lineup": true
      },
      {
        "number": "4",
        "name": "Julen Monreal",
        "substituted_in": true,
        "starting_lineup": true
      },
      {
        "number": "28",
        "name": "Pol Arnau",
        "substituted_in": true,
        "starting_lineup": true
      },
      {
        "number": "17",
        "name": "Beñat Almandoz",
        "substituted_in": true,
        "starting_lineup": true
      },
      {
        "number": "20",
        "name": "Curro Bonilla",
        "substituted_in": true,
        "starting_lineup": true
      },
      {
        "number": "30",
        "name": "Iván Garrido",
        "substituted_in": true,
        "starting_lineup": true
      },
      {
        "number": "19",
        "name": "Riki de Moraes",
        "substituted_in": true,
        "starting_lineup": true
      },
      {
        "number": "24",
        "name": "Enzo Facchin",
        "substituted_in": true,
        "starting_lineup": true
      },
      {
        "number": "7",
        "name": "Mario Nájera",
        "substituted_in": true,
        "starting_lineup": true
      },
      {
        "number": "8",
        "name": "Pau López",
        "substituted_in": true,
        "starting_lineup": true
      },
      {
        "number": "3",
        "name": "Álvaro Mateo",
        "substituted_in": true,
        "starting_lineup": false
      },
      {
        "number": "5",
        "name": "Imanol Sarriegi",
        "substituted_in": true,
        "starting_lineup": false
      },
      {
        "number": "14",
        "name": "Álex Gualda",
        "substituted_in": true,
        "starting_lineup": false
      },
      {
        "number": "11",
        "name": "Jon Madrazo",
        "substituted_in": true,
        "starting_lineup": false
      },
      {
        "number": "21",
        "name": "Juan Agüero",
        "substituted_in": true,
        "starting_lineup": false
      },
      {
        "number": "29",
        "name": "Iván Estrecha",
        "substituted_in": true,
        "starting_lineup": false
      }
    ],
    "away_players": [
      {
        "number": "13",
        "name": "Julen Agirrezabala",
        "substituted_in": true,
        "starting_lineup": true
      },
      {
        "number": "4",
        "name": "Aitor Paredes",
        "substituted_in": true,
        "starting_lineup": true
      },
      {
        "number": "14",
        "name": "Unai Núñez",
        "substituted_in": true,
        "starting_lineup": true
      },
      {
        "number": "32",
        "name": "Adama Boiro",
        "substituted_in": true,
        "starting_lineup": true
      },
      {
        "number": "18",
        "name": "Óscar de Marcos",
        "substituted_in": true,
        "starting_lineup": true
      },
      {
        "number": "6",
        "name": "Mikel Vesga",
        "substituted_in": true,
        "starting_lineup": true
      },
      {
        "number": "21",
        "name": "Ander Herrera",
        "substituted_in": true,
        "starting_lineup": true
      },
      {
        "number": "7",
        "name": "Álex Berenguer",
        "substituted_in": true,
        "starting_lineup": true
      },
      {
        "number": "11",
        "name": "Álvaro Djaló",
        "substituted_in": true,
        "starting_lineup": true
      },
      {
        "number": "22",
        "name": "Nico Serrano",
        "substituted_in": true,
        "starting_lineup": true
      },
      {
        "number": "12",
        "name": "Gorka Guruzeta",
        "substituted_in": true,
        "starting_lineup": true
      },
      {
        "number": "3",
        "name": "Dani Vivian",
        "substituted_in": true,
        "starting_lineup": false
      },
      {
        "number": "17",
        "name": "Yuri Berchiche",
        "substituted_in": true,
        "starting_lineup": false
      },
      {
        "number": "23",
        "name": "Mikel Jauregizar",
        "substituted_in": true,
        "starting_lineup": false
      },
      {
        "number": "20",
        "name": "Unai Gómez",
        "substituted_in": true,
        "starting_lineup": false
      },
      {
        "number": "10",
        "name": "Nico Williams",
        "substituted_in": true,
        "starting_lineup": false
      },
      {
        "number": "9",
        "name": "Iñaki Williams",
        "substituted_in": true,
        "starting_lineup": false
      }
    ]
  },
  {
    "url": "https://www.transfermarkt.pl/real-madryt_athletic-bilbao/aufstellung/spielbericht/4407637",
    "match_id": "4407637",
    "date": "niedz., 20.04.2025",
    "competition": "LALIGA",
    "matchday": "32. Kolejka",
    "home_team": "Real Madryt",
    "away_team": "Athletic Bilbao",
    "home_players": [
      {
        "number": "1",
        "name": "Thibaut Courtois",
        "substituted_in": true,
        "starting_lineup": true
      },
      {
        "number": "22",
        "name": "Antonio Rüdiger",
        "substituted_in": true,
        "starting_lineup": true
      },
      {
        "number": "35",
        "name": "Raúl Asencio",
        "substituted_in": true,
        "starting_lineup": true
      },
      {
        "number": "6",
        "name": "Eduardo Camavinga",
        "substituted_in": true,
        "starting_lineup": true
      },
      {
        "number": "8",
        "name": "Federico Valverde",
        "substituted_in": true,
        "starting_lineup": true
      },
      {
        "number": "14",
        "name": "Aurélien Tchouaméni",
        "substituted_in": true,
        "starting_lineup": true
      },
      {
        "number": "10",
        "name": "Luka Modrić",
        "substituted_in": true,
        "starting_lineup": true
      },
      {
        "number": "19",
        "name": "Dani Ceballos",
        "substituted_in": true,
        "starting_lineup": true
      },
      {
        "number": "5",
        "name": "Jude Bellingham",
        "substituted_in": true,
        "starting_lineup": true
      },
      {
        "number": "7",
        "name": "Vinicius Junior",
        "substituted_in": true,
        "starting_lineup": true
      },
      {
        "number": "11",
        "name": "Rodrygo",
        "substituted_in": true,
        "starting_lineup": true
      },
      {
        "number": "17",
        "name": "Lucas Vázquez",
        "substituted_in": true,
        "starting_lineup": false
      },
      {
        "number": "15",
        "name": "Arda Güler",
        "substituted_in": true,
        "starting_lineup": false
      },
      {
        "number": "21",
        "name": "Brahim Díaz",
        "substituted_in": true,
        "starting_lineup": false
      },
      {
        "number": "16",
        "name": "Endrick",
        "substituted_in": true,
        "starting_lineup": false
      }
    ],
    "away_players": [
      {
        "number": "1",
        "name": "Unai Simón",
        "substituted_in": true,
        "starting_lineup": true
      },
      {
        "number": "4",
        "name": "Aitor Paredes",
        "substituted_in": true,
        "starting_lineup": true
      },
      {
        "number": "14",
        "name": "Unai Núñez",
        "substituted_in": true,
        "starting_lineup": true
      },
      {
        "number": "32",
        "name": "Adama Boiro",
        "substituted_in": true,
        "starting_lineup": true
      },
      {
        "number": "2",
        "name": "Andoni Gorosabel",
        "substituted_in": true,
        "starting_lineup": true
      },
      {
        "number": "6",
        "name": "Mikel Vesga",
        "substituted_in": true,
        "starting_lineup": true
      },
      {
        "number": "24",
        "name": "Beñat Prados",
        "substituted_in": true,
        "starting_lineup": true
      },
      {
        "number": "20",
        "name": "Unai Gómez",
        "substituted_in": true,
        "starting_lineup": true
      },
      {
        "number": "7",
        "name": "Álex Berenguer",
        "substituted_in": true,
        "starting_lineup": true
      },
      {
        "number": "11",
        "name": "Álvaro Djaló",
        "substituted_in": true,
        "starting_lineup": true
      },
      {
        "number": "12",
        "name": "Gorka Guruzeta",
        "substituted_in": true,
        "starting_lineup": true
      },
      {
        "number": "3",
        "name": "Dani Vivian",
        "substituted_in": true,
        "starting_lineup": false
      },
      {
        "number": "15",
        "name": "Iñigo Lekue",
        "substituted_in": true,
        "starting_lineup": false
      },
      {
        "number": "8",
        "name": "Oihan Sancet",
        "substituted_in": true,
        "starting_lineup": false
      },
      {
        "number": "9",
        "name": "Iñaki Williams",
        "substituted_in": true,
        "starting_lineup": false
      },
      {
        "number": "21",
        "name": "Maroan Sannadi",
        "substituted_in": true,
        "starting_lineup": false
      }
    ]
  },
  {
    "url": "https://www.transfermarkt.pl/athletic-bilbao_getafe-cf/aufstellung/spielbericht/4361545",
    "match_id": "4361545",
    "date": "czw., 15.08.2024",
    "competition": "LALIGA",
    "matchday": "1. Kolejka",
    "home_team": "Athletic Bilbao",
    "away_team": "Getafe CF",
    "home_players": [
      {
        "number": "26",
        "name": "Álex Padilla",
        "substituted_in": true,
        "starting_lineup": true
      },
      {
        "number": "4",
        "name": "Aitor Paredes",
        "substituted_in": true,
        "starting_lineup": true
      },
      {
        "number": "5",
        "name": "Yeray Álvarez",
        "substituted_in": true,
        "starting_lineup": true
      },
      {
        "number": "17",
        "name": "Yuri Berchiche",
        "substituted_in": true,
        "starting_lineup": true
      },
      {
        "number": "2",
        "name": "Andoni Gorosabel",
        "substituted_in": true,
        "starting_lineup": true
      },
      {
        "number": "6",
        "name": "Mikel Vesga",
        "substituted_in": true,
        "starting_lineup": true
      },
      {
        "number": "24",
        "name": "Beñat Prados",
        "substituted_in": true,
        "starting_lineup": true
      },
      {
        "number": "8",
        "name": "Oihan Sancet",
        "substituted_in": true,
        "starting_lineup": true
      },
      {
        "number": "7",
        "name": "Álex Berenguer",
        "substituted_in": true,
        "starting_lineup": true
      },
      {
        "number": "9",
        "name": "Iñaki Williams",
        "substituted_in": true,
        "starting_lineup": true
      },
      {
        "number": "12",
        "name": "Gorka Guruzeta",
        "substituted_in": true,
        "starting_lineup": true
      },
      {
        "number": "3",
        "name": "Dani Vivian",
        "substituted_in": true,
        "starting_lineup": false
      },
      {
        "number": "15",
        "name": "Iñigo Lekue",
        "substituted_in": true,
        "starting_lineup": false
      },
      {
        "number": "21",
        "name": "Ander Herrera",
        "substituted_in": true,
        "starting_lineup": false
      },
      {
        "number": "20",
        "name": "Unai Gómez",
        "substituted_in": true,
        "starting_lineup": false
      },
      {
        "number": "10",
        "name": "Nico Williams",
        "substituted_in": true,
        "starting_lineup": false
      }
    ],
    "away_players": [
      {
        "number": "13",
        "name": "David Soria",
        "substituted_in": true,
        "starting_lineup": true
      },
      {
        "number": "15",
        "name": "Omar Alderete",
        "substituted_in": true,
        "starting_lineup": true
      },
      {
        "number": "2",
        "name": "Dakonam Djené",
        "substituted_in": true,
        "starting_lineup": true
      },
      {
        "number": "16",
        "name": "Diego Rico",
        "substituted_in": true,
        "starting_lineup": true
      },
      {
        "number": "21",
        "name": "Juan Iglesias",
        "substituted_in": true,
        "starting_lineup": true
      },
      {
        "number": "27",
        "name": "Nabil Aberdin",
        "substituted_in": true,
        "starting_lineup": true
      },
      {
        "number": "5",
        "name": "Luis Milla",
        "substituted_in": true,
        "starting_lineup": true
      },
      {
        "number": "8",
        "name": "Mauro Arambarri",
        "substituted_in": true,
        "starting_lineup": true
      },
      {
        "number": "7",
        "name": "Álex Sola",
        "substituted_in": true,
        "starting_lineup": true
      },
      {
        "number": "17",
        "name": "Carles Pérez",
        "substituted_in": true,
        "starting_lineup": true
      },
      {
        "number": "6",
        "name": "Christantus Uche",
        "substituted_in": true,
        "starting_lineup": true
      },
      {
        "number": "11",
        "name": "Carles Aleñá",
        "substituted_in": true,
        "starting_lineup": false
      },
      {
        "number": "20",
        "name": "Yellu Santiago",
        "substituted_in": true,
        "starting_lineup": false
      },
      {
        "number": "19",
        "name": "Peter Federico",
        "substituted_in": true,
        "starting_lineup": false
      }
    ]
  },
  {
    "url": "https://www.transfermarkt.pl/athletic-bilbao_cd-leganés/aufstellung/spielbericht/4407744",
    "match_id": "4407744",
    "date": "niedz., 26.01.2025",
    "competition": "LALIGA",
    "matchday": "21. Kolejka",
    "home_team": "Athletic Bilbao",
    "away_team": "CD Leganés",
    "home_players": [
      {
        "number": "1",
        "name": "Unai Simón",
        "substituted_in": true,
        "starting_lineup": true
      },
      {
        "number": "3",
        "name": "Dani Vivian",
        "substituted_in": true,
        "starting_lineup": true
      },
      {
        "number": "5",
        "name": "Yeray Álvarez",
        "substituted_in": true,
        "starting_lineup": true
      },
      {
        "number": "32",
        "name": "Adama Boiro",
        "substituted_in": true,
        "starting_lineup": true
      },
      {
        "number": "2",
        "name": "Andoni Gorosabel",
        "substituted_in": true,
        "starting_lineup": true
      },
      {
        "number": "6",
        "name": "Mikel Vesga",
        "substituted_in": true,
        "starting_lineup": true
      },
      {
        "number": "23",
        "name": "Mikel Jauregizar",
        "substituted_in": true,
        "starting_lineup": true
      },
      {
        "number": "7",
        "name": "Álex Berenguer",
        "substituted_in": true,
        "starting_lineup": true
      },
      {
        "number": "10",
        "name": "Nico Williams",
        "substituted_in": true,
        "starting_lineup": true
      },
      {
        "number": "9",
        "name": "Iñaki Williams",
        "substituted_in": true,
        "starting_lineup": true
      },
      {
        "number": "12",
        "name": "Gorka Guruzeta",
        "substituted_in": true,
        "starting_lineup": true
      },
      {
        "number": "17",
        "name": "Yuri Berchiche",
        "substituted_in": true,
        "starting_lineup": false
      },
      {
        "number": "18",
        "name": "Óscar de Marcos",
        "substituted_in": true,
        "starting_lineup": false
      },
      {
        "number": "20",
        "name": "Unai Gómez",
        "substituted_in": true,
        "starting_lineup": false
      },
      {
        "number": "8",
        "name": "Oihan Sancet",
        "substituted_in": true,
        "starting_lineup": false
      },
      {
        "number": "22",
        "name": "Nico Serrano",
        "substituted_in": true,
        "starting_lineup": false
      }
    ],
    "away_players": [
      {
        "number": "13",
        "name": "Marko Dmitrovic",
        "substituted_in": true,
        "starting_lineup": true
      },
      {
        "number": "22",
        "name": "Matija Nastasić",
        "substituted_in": true,
        "starting_lineup": true
      },
      {
        "number": "6",
        "name": "Sergio González",
        "substituted_in": true,
        "starting_lineup": true
      },
      {
        "number": "12",
        "name": "Valentin Rosier",
        "substituted_in": true,
        "starting_lineup": true
      },
      {
        "number": "11",
        "name": "Juan Cruz",
        "substituted_in": true,
        "starting_lineup": true
      },
      {
        "number": "2",
        "name": "Adrià Altimira",
        "substituted_in": true,
        "starting_lineup": true
      },
      {
        "number": "17",
        "name": "Yvan Neyou",
        "substituted_in": true,
        "starting_lineup": true
      },
      {
        "number": "8",
        "name": "Seydouba Cissé",
        "substituted_in": true,
        "starting_lineup": true
      },
      {
        "number": "14",
        "name": "Darko Brasanac",
        "substituted_in": true,
        "starting_lineup": true
      },
      {
        "number": "10",
        "name": "Dani Raba",
        "substituted_in": true,
        "starting_lineup": true
      },
      {
        "number": "9",
        "name": "Miguel de la Fuente",
        "substituted_in": true,
        "starting_lineup": true
      },
      {
        "number": "24",
        "name": "Julián Chicco",
        "substituted_in": true,
        "starting_lineup": false
      },
      {
        "number": "23",
        "name": "Munir El Haddadi",
        "substituted_in": true,
        "starting_lineup": false
      },
      {
        "number": "7",
        "name": "Óscar Rodríguez",
        "substituted_in": true,
        "starting_lineup": false
      }
    ]
  },
  {
    "url": "https://www.transfermarkt.pl/athletic-bilbao_rcd-espanyol/aufstellung/spielbericht/4405378",
    "match_id": "4405378",
    "date": "sob., 19.10.2024",
    "competition": "LALIGA",
    "matchday": "10. Kolejka",
    "home_team": "Athletic Bilbao",
    "away_team": "RCD Espanyol",
    "home_players": [
      {
        "number": "13",
        "name": "Julen Agirrezabala",
        "substituted_in": true,
        "starting_lineup": true
      },
      {
        "number": "3",
        "name": "Dani Vivian",
        "substituted_in": true,
        "starting_lineup": true
      },
      {
        "number": "14",
        "name": "Unai Núñez",
        "substituted_in": true,
        "starting_lineup": true
      },
      {
        "number": "17",
        "name": "Yuri Berchiche",
        "substituted_in": true,
        "starting_lineup": true
      },
      {
        "number": "18",
        "name": "Óscar de Marcos",
        "substituted_in": true,
        "starting_lineup": true
      },
      {
        "number": "16",
        "name": "Iñigo Ruiz de Galarreta",
        "substituted_in": true,
        "starting_lineup": true
      },
      {
        "number": "23",
        "name": "Mikel Jauregizar",
        "substituted_in": true,
        "starting_lineup": true
      },
      {
        "number": "7",
        "name": "Álex Berenguer",
        "substituted_in": true,
        "starting_lineup": true
      },
      {
        "number": "10",
        "name": "Nico Williams",
        "substituted_in": true,
        "starting_lineup": true
      },
      {
        "number": "9",
        "name": "Iñaki Williams",
        "substituted_in": true,
        "starting_lineup": true
      },
      {
        "number": "12",
        "name": "Gorka Guruzeta",
        "substituted_in": true,
        "starting_lineup": true
      },
      {
        "number": "32",
        "name": "Adama Boiro",
        "substituted_in": true,
        "starting_lineup": false
      },
      {
        "number": "24",
        "name": "Beñat Prados",
        "substituted_in": true,
        "starting_lineup": false
      },
      {
        "number": "20",
        "name": "Unai Gómez",
        "substituted_in": true,
        "starting_lineup": false
      },
      {
        "number": "22",
        "name": "Nico Serrano",
        "substituted_in": true,
        "starting_lineup": false
      },
      {
        "number": "11",
        "name": "Álvaro Djaló",
        "substituted_in": true,
        "starting_lineup": false
      }
    ],
    "away_players": [
      {
        "number": "1",
        "name": "Joan García",
        "substituted_in": true,
        "starting_lineup": true
      },
      {
        "number": "3",
        "name": "Sergi Gómez",
        "substituted_in": true,
        "starting_lineup": true
      },
      {
        "number": "4",
        "name": "Marash Kumbulla",
        "substituted_in": true,
        "starting_lineup": true
      },
      {
        "number": "14",
        "name": "Brian Oliván",
        "substituted_in": true,
        "starting_lineup": true
      },
      {
        "number": "23",
        "name": "Omar El Hilali",
        "substituted_in": true,
        "starting_lineup": true
      },
      {
        "number": "10",
        "name": "Pol Lozano",
        "substituted_in": true,
        "starting_lineup": true
      },
      {
        "number": "15",
        "name": "José Gragera",
        "substituted_in": true,
        "starting_lineup": true
      },
      {
        "number": "20",
        "name": "Alex Král",
        "substituted_in": true,
        "starting_lineup": true
      },
      {
        "number": "22",
        "name": "Carlos Romero",
        "substituted_in": true,
        "starting_lineup": true
      },
      {
        "number": "17",
        "name": "Jofre Carreras",
        "substituted_in": true,
        "starting_lineup": true
      },
      {
        "number": "9",
        "name": "Alejo Veliz",
        "substituted_in": true,
        "starting_lineup": true
      },
      {
        "number": "6",
        "name": "Leandro Cabrera",
        "substituted_in": true,
        "starting_lineup": false
      },
      {
        "number": "12",
        "name": "Álvaro Tejero",
        "substituted_in": true,
        "starting_lineup": false
      },
      {
        "number": "11",
        "name": "Pere Milla",
        "substituted_in": true,
        "starting_lineup": false
      },
      {
        "number": "16",
        "name": "Walid Cheddira",
        "substituted_in": true,
        "starting_lineup": false
      },
      {
        "number": "24",
        "name": "Irvin Cardona",
        "substituted_in": true,
        "starting_lineup": false
      }
    ]
  },
  {
    "url": "https://www.transfermarkt.pl/real-sociedad_athletic-bilbao/aufstellung/spielbericht/4407608",
    "match_id": "4407608",
    "date": "niedz., 04.05.2025",
    "competition": "LALIGA",
    "matchday": "34. Kolejka",
    "home_team": "Real Sociedad",
    "away_team": "Athletic Bilbao",
    "home_players": [
      {
        "number": "1",
        "name": "Álex Remiro",
        "substituted_in": true,
        "starting_lineup": true
      },
      {
        "number": "21",
        "name": "Nayef Aguerd",
        "substituted_in": true,
        "starting_lineup": true
      },
      {
        "number": "31",
        "name": "Jon Martín",
        "substituted_in": true,
        "starting_lineup": true
      },
      {
        "number": "3",
        "name": "Aihen Muñoz",
        "substituted_in": true,
        "starting_lineup": true
      },
      {
        "number": "18",
        "name": "Hamari Traoré",
        "substituted_in": true,
        "starting_lineup": true
      },
      {
        "number": "4",
        "name": "Martín Zubimendi",
        "substituted_in": true,
        "starting_lineup": true
      },
      {
        "number": "23",
        "name": "Brais Méndez",
        "substituted_in": true,
        "starting_lineup": true
      },
      {
        "number": "28",
        "name": "Pablo Marín",
        "substituted_in": true,
        "starting_lineup": true
      },
      {
        "number": "17",
        "name": "Sergio Gómez",
        "substituted_in": true,
        "starting_lineup": true
      },
      {
        "number": "14",
        "name": "Takefusa Kubo",
        "substituted_in": true,
        "starting_lineup": true
      },
      {
        "number": "10",
        "name": "Mikel Oyarzabal",
        "substituted_in": true,
        "starting_lineup": true
      },
      {
        "number": "19",
        "name": "Jon Aramburu",
        "substituted_in": true,
        "starting_lineup": false
      },
      {
        "number": "24",
        "name": "Luka Sucic",
        "substituted_in": true,
        "starting_lineup": false
      },
      {
        "number": "7",
        "name": "Ander Barrenetxea",
        "substituted_in": true,
        "starting_lineup": false
      },
      {
        "number": "11",
        "name": "Sheraldo Becker",
        "substituted_in": true,
        "starting_lineup": false
      }
    ],
    "away_players": [
      {
        "number": "1",
        "name": "Unai Simón",
        "substituted_in": true,
        "starting_lineup": true
      },
      {
        "number": "3",
        "name": "Dani Vivian",
        "substituted_in": true,
        "starting_lineup": true
      },
      {
        "number": "4",
        "name": "Aitor Paredes",
        "substituted_in": true,
        "starting_lineup": true
      },
      {
        "number": "15",
        "name": "Iñigo Lekue",
        "substituted_in": true,
        "starting_lineup": true
      },
      {
        "number": "2",
        "name": "Andoni Gorosabel",
        "substituted_in": true,
        "starting_lineup": true
      },
      {
        "number": "16",
        "name": "Iñigo Ruiz de Galarreta",
        "substituted_in": true,
        "starting_lineup": true
      },
      {
        "number": "24",
        "name": "Beñat Prados",
        "substituted_in": true,
        "starting_lineup": true
      },
      {
        "number": "20",
        "name": "Unai Gómez",
        "substituted_in": true,
        "starting_lineup": true
      },
      {
        "number": "7",
        "name": "Álex Berenguer",
        "substituted_in": true,
        "starting_lineup": true
      },
      {
        "number": "9",
        "name": "Iñaki Williams",
        "substituted_in": true,
        "starting_lineup": true
      },
      {
        "number": "12",
        "name": "Gorka Guruzeta",
        "substituted_in": true,
        "starting_lineup": true
      },
      {
        "number": "32",
        "name": "Adama Boiro",
        "substituted_in": true,
        "starting_lineup": false
      },
      {
        "number": "6",
        "name": "Mikel Vesga",
        "substituted_in": true,
        "starting_lineup": false
      },
      {
        "number": "23",
        "name": "Mikel Jauregizar",
        "substituted_in": true,
        "starting_lineup": false
      },
      {
        "number": "11",
        "name": "Álvaro Djaló",
        "substituted_in": true,
        "starting_lineup": false
      },
      {
        "number": "21",
        "name": "Maroan Sannadi",
        "substituted_in": true,
        "starting_lineup": false
      }
    ]
  },
  {
    "url": "https://www.transfermarkt.pl/valencia-cf_athletic-bilbao/aufstellung/spielbericht/4407587",
    "match_id": "4407587",
    "date": "niedz., 18.05.2025",
    "competition": "LALIGA",
    "matchday": "37. Kolejka",
    "home_team": "Valencia CF",
    "away_team": "Athletic Bilbao",
    "home_players": [
      {
        "number": "25",
        "name": "Giorgi Mamardashvili",
        "substituted_in": true,
        "starting_lineup": true
      },
      {
        "number": "4",
        "name": "Mouctar Diakhaby",
        "substituted_in": true,
        "starting_lineup": true
      },
      {
        "number": "15",
        "name": "César Tárrega",
        "substituted_in": true,
        "starting_lineup": true
      },
      {
        "number": "14",
        "name": "José Gayà",
        "substituted_in": true,
        "starting_lineup": true
      },
      {
        "number": "3",
        "name": "Cristhian Mosquera",
        "substituted_in": true,
        "starting_lineup": true
      },
      {
        "number": "5",
        "name": "Enzo Barrenechea",
        "substituted_in": true,
        "starting_lineup": true
      },
      {
        "number": "8",
        "name": "Javi Guerra",
        "substituted_in": true,
        "starting_lineup": true
      },
      {
        "number": "22",
        "name": "Luis Rioja",
        "substituted_in": true,
        "starting_lineup": true
      },
      {
        "number": "16",
        "name": "Diego López",
        "substituted_in": true,
        "starting_lineup": true
      },
      {
        "number": "10",
        "name": "André Almeida",
        "substituted_in": true,
        "starting_lineup": true
      },
      {
        "number": "12",
        "name": "Umar Sadiq",
        "substituted_in": true,
        "starting_lineup": true
      },
      {
        "number": "19",
        "name": "Max Aarons",
        "substituted_in": true,
        "starting_lineup": false
      },
      {
        "number": "17",
        "name": "Iván Jaime",
        "substituted_in": true,
        "starting_lineup": false
      },
      {
        "number": "23",
        "name": "Fran Pérez",
        "substituted_in": true,
        "starting_lineup": false
      },
      {
        "number": "9",
        "name": "Hugo Duro",
        "substituted_in": true,
        "starting_lineup": false
      },
      {
        "number": "11",
        "name": "Rafa Mir",
        "substituted_in": true,
        "starting_lineup": false
      }
    ],
    "away_players": [
      {
        "number": "1",
        "name": "Unai Simón",
        "substituted_in": true,
        "starting_lineup": true
      },
      {
        "number": "3",
        "name": "Dani Vivian",
        "substituted_in": true,
        "starting_lineup": true
      },
      {
        "number": "4",
        "name": "Aitor Paredes",
        "substituted_in": true,
        "starting_lineup": true
      },
      {
        "number": "17",
        "name": "Yuri Berchiche",
        "substituted_in": true,
        "starting_lineup": true
      },
      {
        "number": "15",
        "name": "Iñigo Lekue",
        "substituted_in": true,
        "starting_lineup": true
      },
      {
        "number": "16",
        "name": "Iñigo Ruiz de Galarreta",
        "substituted_in": true,
        "starting_lineup": true
      },
      {
        "number": "24",
        "name": "Beñat Prados",
        "substituted_in": true,
        "starting_lineup": true
      },
      {
        "number": "8",
        "name": "Oihan Sancet",
        "substituted_in": true,
        "starting_lineup": true
      },
      {
        "number": "32",
        "name": "Adama Boiro",
        "substituted_in": true,
        "starting_lineup": true
      },
      {
        "number": "7",
        "name": "Álex Berenguer",
        "substituted_in": true,
        "starting_lineup": true
      },
      {
        "number": "12",
        "name": "Gorka Guruzeta",
        "substituted_in": true,
        "starting_lineup": true
      },
      {
        "number": "6",
        "name": "Mikel Vesga",
        "substituted_in": true,
        "starting_lineup": false
      },
      {
        "number": "23",
        "name": "Mikel Jauregizar",
        "substituted_in": true,
        "starting_lineup": false
      },
      {
        "number": "20",
        "name": "Unai Gómez",
        "substituted_in": true,
        "starting_lineup": false
      },
      {
        "number": "9",
        "name": "Iñaki Williams",
        "substituted_in": true,
        "starting_lineup": false
      },
      {
        "number": "21",
        "name": "Maroan Sannadi",
        "substituted_in": true,
        "starting_lineup": false
      }
    ]
  },
  {
    "url": "https://www.transfermarkt.pl/athletic-bilbao_rayo-vallecano/aufstellung/spielbericht/4407624",
    "match_id": "4407624",
    "date": "niedz., 13.04.2025",
    "competition": "LALIGA",
    "matchday": "31. Kolejka",
    "home_team": "Athletic Bilbao",
    "away_team": "Rayo Vallecano",
    "home_players": [
      {
        "number": "1",
        "name": "Unai Simón",
        "substituted_in": true,
        "starting_lineup": true
      },
      {
        "number": "3",
        "name": "Dani Vivian",
        "substituted_in": true,
        "starting_lineup": true
      },
      {
        "number": "4",
        "name": "Aitor Paredes",
        "substituted_in": true,
        "starting_lineup": true
      },
      {
        "number": "32",
        "name": "Adama Boiro",
        "substituted_in": true,
        "starting_lineup": true
      },
      {
        "number": "2",
        "name": "Andoni Gorosabel",
        "substituted_in": true,
        "starting_lineup": true
      },
      {
        "number": "23",
        "name": "Mikel Jauregizar",
        "substituted_in": true,
        "starting_lineup": true
      },
      {
        "number": "24",
        "name": "Beñat Prados",
        "substituted_in": true,
        "starting_lineup": true
      },
      {
        "number": "20",
        "name": "Unai Gómez",
        "substituted_in": true,
        "starting_lineup": true
      },
      {
        "number": "7",
        "name": "Álex Berenguer",
        "substituted_in": true,
        "starting_lineup": true
      },
      {
        "number": "11",
        "name": "Álvaro Djaló",
        "substituted_in": true,
        "starting_lineup": true
      },
      {
        "number": "12",
        "name": "Gorka Guruzeta",
        "substituted_in": true,
        "starting_lineup": true
      },
      {
        "number": "16",
        "name": "Iñigo Ruiz de Galarreta",
        "substituted_in": true,
        "starting_lineup": false
      },
      {
        "number": "8",
        "name": "Oihan Sancet",
        "substituted_in": true,
        "starting_lineup": false
      },
      {
        "number": "10",
        "name": "Nico Williams",
        "substituted_in": true,
        "starting_lineup": false
      },
      {
        "number": "9",
        "name": "Iñaki Williams",
        "substituted_in": true,
        "starting_lineup": false
      },
      {
        "number": "21",
        "name": "Maroan Sannadi",
        "substituted_in": true,
        "starting_lineup": false
      }
    ],
    "away_players": [
      {
        "number": "13",
        "name": "Augusto Batalla",
        "substituted_in": true,
        "starting_lineup": true
      },
      {
        "number": "5",
        "name": "Aridane Hernández",
        "substituted_in": true,
        "starting_lineup": true
      },
      {
        "number": "24",
        "name": "Florian Lejeune",
        "substituted_in": true,
        "starting_lineup": true
      },
      {
        "number": "22",
        "name": "Alfonso Espino",
        "substituted_in": true,
        "starting_lineup": true
      },
      {
        "number": "2",
        "name": "Andrei Rațiu",
        "substituted_in": true,
        "starting_lineup": true
      },
      {
        "number": "15",
        "name": "Gerard Gumbau",
        "substituted_in": true,
        "starting_lineup": true
      },
      {
        "number": "4",
        "name": "Pedro Díaz",
        "substituted_in": true,
        "starting_lineup": true
      },
      {
        "number": "6",
        "name": "Pathé Ciss",
        "substituted_in": true,
        "starting_lineup": true
      },
      {
        "number": "3",
        "name": "Pep Chavarría",
        "substituted_in": true,
        "starting_lineup": true
      },
      {
        "number": "19",
        "name": "Jorge de Frutos",
        "substituted_in": true,
        "starting_lineup": true
      },
      {
        "number": "18",
        "name": "Álvaro García",
        "substituted_in": true,
        "starting_lineup": true
      },
      {
        "number": "17",
        "name": "Unai López",
        "substituted_in": true,
        "starting_lineup": false
      },
      {
        "number": "23",
        "name": "Óscar Valentín",
        "substituted_in": true,
        "starting_lineup": false
      },
      {
        "number": "21",
        "name": "Adrián Embarba",
        "substituted_in": true,
        "starting_lineup": false
      },
      {
        "number": "7",
        "name": "Isi Palazón",
        "substituted_in": true,
        "starting_lineup": false
      },
      {
        "number": "9",
        "name": "Raúl de Tomás",
        "substituted_in": true,
        "starting_lineup": false
      }
    ]
  },
  {
    "url": "https://www.transfermarkt.pl/real-valladolid-cf_athletic-bilbao/aufstellung/spielbericht/4407668",
    "match_id": "4407668",
    "date": "niedz., 10.11.2024",
    "competition": "LALIGA",
    "matchday": "13. Kolejka",
    "home_team": "Real Valladolid CF",
    "away_team": "Athletic Bilbao",
    "home_players": [
      {
        "number": "13",
        "name": "Karl Hein",
        "substituted_in": true,
        "starting_lineup": true
      },
      {
        "number": "3",
        "name": "David Torres",
        "substituted_in": true,
        "starting_lineup": true
      },
      {
        "number": "5",
        "name": "Javi Sánchez",
        "substituted_in": true,
        "starting_lineup": true
      },
      {
        "number": "35",
        "name": "Juma Bah",
        "substituted_in": true,
        "starting_lineup": true
      },
      {
        "number": "22",
        "name": "Lucas Rosa",
        "substituted_in": true,
        "starting_lineup": true
      },
      {
        "number": "2",
        "name": "Luis Pérez",
        "substituted_in": true,
        "starting_lineup": true
      },
      {
        "number": "20",
        "name": "Stanko Juric",
        "substituted_in": true,
        "starting_lineup": true
      },
      {
        "number": "8",
        "name": "Kike Pérez",
        "substituted_in": true,
        "starting_lineup": true
      },
      {
        "number": "11",
        "name": "Raúl Moro",
        "substituted_in": true,
        "starting_lineup": true
      },
      {
        "number": "23",
        "name": "Anuar",
        "substituted_in": true,
        "starting_lineup": true
      },
      {
        "number": "7",
        "name": "Mamadou Sylla",
        "substituted_in": true,
        "starting_lineup": true
      },
      {
        "number": "15",
        "name": "Eray Cömert",
        "substituted_in": true,
        "starting_lineup": false
      },
      {
        "number": "12",
        "name": "Mario Martín",
        "substituted_in": true,
        "starting_lineup": false
      },
      {
        "number": "4",
        "name": "Víctor Meseguer",
        "substituted_in": true,
        "starting_lineup": false
      },
      {
        "number": "10",
        "name": "Iván Sánchez",
        "substituted_in": true,
        "starting_lineup": false
      },
      {
        "number": "9",
        "name": "Marcos André",
        "substituted_in": true,
        "starting_lineup": false
      }
    ],
    "away_players": [
      {
        "number": "13",
        "name": "Julen Agirrezabala",
        "substituted_in": true,
        "starting_lineup": true
      },
      {
        "number": "4",
        "name": "Aitor Paredes",
        "substituted_in": true,
        "starting_lineup": true
      },
      {
        "number": "5",
        "name": "Yeray Álvarez",
        "substituted_in": true,
        "starting_lineup": true
      },
      {
        "number": "32",
        "name": "Adama Boiro",
        "substituted_in": true,
        "starting_lineup": true
      },
      {
        "number": "18",
        "name": "Óscar de Marcos",
        "substituted_in": true,
        "starting_lineup": true
      },
      {
        "number": "23",
        "name": "Mikel Jauregizar",
        "substituted_in": true,
        "starting_lineup": true
      },
      {
        "number": "24",
        "name": "Beñat Prados",
        "substituted_in": true,
        "starting_lineup": true
      },
      {
        "number": "20",
        "name": "Unai Gómez",
        "substituted_in": true,
        "starting_lineup": true
      },
      {
        "number": "10",
        "name": "Nico Williams",
        "substituted_in": true,
        "starting_lineup": true
      },
      {
        "number": "22",
        "name": "Nico Serrano",
        "substituted_in": true,
        "starting_lineup": true
      },
      {
        "number": "7",
        "name": "Álex Berenguer",
        "substituted_in": true,
        "starting_lineup": true
      },
      {
        "number": "6",
        "name": "Mikel Vesga",
        "substituted_in": true,
        "starting_lineup": false
      },
      {
        "number": "16",
        "name": "Iñigo Ruiz de Galarreta",
        "substituted_in": true,
        "starting_lineup": false
      },
      {
        "number": "11",
        "name": "Álvaro Djaló",
        "substituted_in": true,
        "starting_lineup": false
      },
      {
        "number": "12",
        "name": "Gorka Guruzeta",
        "substituted_in": true,
        "starting_lineup": false
      },
      {
        "number": "19",
        "name": "Javi Martón",
        "substituted_in": true,
        "starting_lineup": false
      }
    ]
  },
  {
    "url": "https://www.transfermarkt.pl/getafe-cf_athletic-bilbao/aufstellung/spielbericht/4407576",
    "match_id": "4407576",
    "date": "czw., 15.05.2025",
    "competition": "LALIGA",
    "matchday": "36. Kolejka",
    "home_team": "Getafe CF",
    "away_team": "Athletic Bilbao",
    "home_players": [
      {
        "number": "13",
        "name": "David Soria",
        "substituted_in": true,
        "starting_lineup": true
      },
      {
        "number": "15",
        "name": "Omar Alderete",
        "substituted_in": true,
        "starting_lineup": true
      },
      {
        "number": "22",
        "name": "Domingos Duarte",
        "substituted_in": true,
        "starting_lineup": true
      },
      {
        "number": "16",
        "name": "Diego Rico",
        "substituted_in": true,
        "starting_lineup": true
      },
      {
        "number": "21",
        "name": "Juan Iglesias",
        "substituted_in": true,
        "starting_lineup": true
      },
      {
        "number": "5",
        "name": "Luis Milla",
        "substituted_in": true,
        "starting_lineup": true
      },
      {
        "number": "8",
        "name": "Mauro Arambarri",
        "substituted_in": true,
        "starting_lineup": true
      },
      {
        "number": "11",
        "name": "Ramón Terrats",
        "substituted_in": true,
        "starting_lineup": true
      },
      {
        "number": "29",
        "name": "Coba da Costa",
        "substituted_in": true,
        "starting_lineup": true
      },
      {
        "number": "6",
        "name": "Christantus Uche",
        "substituted_in": true,
        "starting_lineup": true
      },
      {
        "number": "18",
        "name": "Álvaro Rodríguez",
        "substituted_in": true,
        "starting_lineup": true
      },
      {
        "number": "12",
        "name": "Allan Nyom",
        "substituted_in": true,
        "starting_lineup": false
      },
      {
        "number": "28",
        "name": "Ismael Bekhoucha",
        "substituted_in": true,
        "starting_lineup": false
      },
      {
        "number": "19",
        "name": "Peter Federico",
        "substituted_in": true,
        "starting_lineup": false
      },
      {
        "number": "9",
        "name": "Borja Mayoral",
        "substituted_in": true,
        "starting_lineup": false
      },
      {
        "number": "10",
        "name": "Bertuğ Yıldırım",
        "substituted_in": true,
        "starting_lineup": false
      }
    ],
    "away_players": [
      {
        "number": "1",
        "name": "Unai Simón",
        "substituted_in": true,
        "starting_lineup": true
      },
      {
        "number": "3",
        "name": "Dani Vivian",
        "substituted_in": true,
        "starting_lineup": true
      },
      {
        "number": "5",
        "name": "Yeray Álvarez",
        "substituted_in": true,
        "starting_lineup": true
      },
      {
        "number": "17",
        "name": "Yuri Berchiche",
        "substituted_in": true,
        "starting_lineup": true
      },
      {
        "number": "6",
        "name": "Mikel Vesga",
        "substituted_in": true,
        "starting_lineup": true
      },
      {
        "number": "23",
        "name": "Mikel Jauregizar",
        "substituted_in": true,
        "starting_lineup": true
      },
      {
        "number": "2",
        "name": "Andoni Gorosabel",
        "substituted_in": true,
        "starting_lineup": true
      },
      {
        "number": "20",
        "name": "Unai Gómez",
        "substituted_in": true,
        "starting_lineup": true
      },
      {
        "number": "7",
        "name": "Álex Berenguer",
        "substituted_in": true,
        "starting_lineup": true
      },
      {
        "number": "12",
        "name": "Gorka Guruzeta",
        "substituted_in": true,
        "starting_lineup": true
      },
      {
        "number": "21",
        "name": "Maroan Sannadi",
        "substituted_in": true,
        "starting_lineup": true
      },
      {
        "number": "14",
        "name": "Unai Núñez",
        "substituted_in": true,
        "starting_lineup": false
      },
      {
        "number": "32",
        "name": "Adama Boiro",
        "substituted_in": true,
        "starting_lineup": false
      },
      {
        "number": "18",
        "name": "Óscar de Marcos",
        "substituted_in": true,
        "starting_lineup": false
      },
      {
        "number": "16",
        "name": "Iñigo Ruiz de Galarreta",
        "substituted_in": true,
        "starting_lineup": false
      },
      {
        "number": "8",
        "name": "Oihan Sancet",
        "substituted_in": true,
        "starting_lineup": false
      }
    ]
  },
  {
    "url": "https://www.transfermarkt.pl/athletic-bilbao_ca-osasuna/aufstellung/spielbericht/4407554",
    "match_id": "4407554",
    "date": "niedz., 30.03.2025",
    "competition": "LALIGA",
    "matchday": "29. Kolejka",
    "home_team": "Athletic Bilbao",
    "away_team": "CA Osasuna",
    "home_players": [
      {
        "number": "1",
        "name": "Unai Simón",
        "substituted_in": true,
        "starting_lineup": true
      },
      {
        "number": "5",
        "name": "Yeray Álvarez",
        "substituted_in": true,
        "starting_lineup": true
      },
      {
        "number": "14",
        "name": "Unai Núñez",
        "substituted_in": true,
        "starting_lineup": true
      },
      {
        "number": "17",
        "name": "Yuri Berchiche",
        "substituted_in": true,
        "starting_lineup": true
      },
      {
        "number": "18",
        "name": "Óscar de Marcos",
        "substituted_in": true,
        "starting_lineup": true
      },
      {
        "number": "23",
        "name": "Mikel Jauregizar",
        "substituted_in": true,
        "starting_lineup": true
      },
      {
        "number": "24",
        "name": "Beñat Prados",
        "substituted_in": true,
        "starting_lineup": true
      },
      {
        "number": "7",
        "name": "Álex Berenguer",
        "substituted_in": true,
        "starting_lineup": true
      },
      {
        "number": "10",
        "name": "Nico Williams",
        "substituted_in": true,
        "starting_lineup": true
      },
      {
        "number": "9",
        "name": "Iñaki Williams",
        "substituted_in": true,
        "starting_lineup": true
      },
      {
        "number": "21",
        "name": "Maroan Sannadi",
        "substituted_in": true,
        "starting_lineup": true
      },
      {
        "number": "4",
        "name": "Aitor Paredes",
        "substituted_in": true,
        "starting_lineup": false
      },
      {
        "number": "2",
        "name": "Andoni Gorosabel",
        "substituted_in": true,
        "starting_lineup": false
      },
      {
        "number": "20",
        "name": "Unai Gómez",
        "substituted_in": true,
        "starting_lineup": false
      },
      {
        "number": "28",
        "name": "Peio Canales",
        "substituted_in": true,
        "starting_lineup": false
      },
      {
        "number": "12",
        "name": "Gorka Guruzeta",
        "substituted_in": true,
        "starting_lineup": false
      }
    ],
    "away_players": [
      {
        "number": "13",
        "name": "Aitor Fernández",
        "substituted_in": true,
        "starting_lineup": true
      },
      {
        "number": "5",
        "name": "Jorge Herrando",
        "substituted_in": true,
        "starting_lineup": true
      },
      {
        "number": "22",
        "name": "Enzo Boyomo",
        "substituted_in": true,
        "starting_lineup": true
      },
      {
        "number": "24",
        "name": "Alejandro Catena",
        "substituted_in": true,
        "starting_lineup": true
      },
      {
        "number": "23",
        "name": "Abel Bretones",
        "substituted_in": true,
        "starting_lineup": true
      },
      {
        "number": "12",
        "name": "Jesús Areso",
        "substituted_in": true,
        "starting_lineup": true
      },
      {
        "number": "6",
        "name": "Lucas Torró",
        "substituted_in": true,
        "starting_lineup": true
      },
      {
        "number": "7",
        "name": "Jon Moncayola",
        "substituted_in": true,
        "starting_lineup": true
      },
      {
        "number": "10",
        "name": "Aimar Oroz",
        "substituted_in": true,
        "starting_lineup": true
      },
      {
        "number": "14",
        "name": "Rubén García",
        "substituted_in": true,
        "starting_lineup": true
      },
      {
        "number": "17",
        "name": "Ante Budimir",
        "substituted_in": true,
        "starting_lineup": true
      },
      {
        "number": "15",
        "name": "Rubén Peña",
        "substituted_in": true,
        "starting_lineup": false
      },
      {
        "number": "8",
        "name": "Pablo Ibáñez",
        "substituted_in": true,
        "starting_lineup": false
      },
      {
        "number": "16",
        "name": "Moi Gómez",
        "substituted_in": true,
        "starting_lineup": false
      },
      {
        "number": "20",
        "name": "José Manuel Arnáiz",
        "substituted_in": true,
        "starting_lineup": false
      },
      {
        "number": "9",
        "name": "Raúl García",
        "substituted_in": true,
        "starting_lineup": false
      }
    ]
  },
  {
    "url": "https://www.transfermarkt.pl/as-roma_athletic-bilbao/aufstellung/spielbericht/4547687",
    "match_id": "4547687",
    "date": "czw., 06.03.2025",
    "competition": "Unknown",
    "matchday": "Unknown",
    "home_team": "AS Roma",
    "away_team": "Athletic Bilbao",
    "home_players": [
      {
        "number": "99",
        "name": "Mile Svilar",
        "substituted_in": true,
        "starting_lineup": true
      },
      {
        "number": "5",
        "name": "Evan Ndicka",
        "substituted_in": true,
        "starting_lineup": true
      },
      {
        "number": "23",
        "name": "Gianluca Mancini",
        "substituted_in": true,
        "starting_lineup": true
      },
      {
        "number": "19",
        "name": "Zeki Çelik",
        "substituted_in": true,
        "starting_lineup": true
      },
      {
        "number": "4",
        "name": "Bryan Cristante",
        "substituted_in": true,
        "starting_lineup": true
      },
      {
        "number": "61",
        "name": "Niccolò Pisilli",
        "substituted_in": true,
        "starting_lineup": true
      },
      {
        "number": "2",
        "name": "Devyne Rensch",
        "substituted_in": true,
        "starting_lineup": true
      },
      {
        "number": "3",
        "name": "Angeliño",
        "substituted_in": true,
        "starting_lineup": true
      },
      {
        "number": "35",
        "name": "Tommaso Baldanzi",
        "substituted_in": true,
        "starting_lineup": true
      },
      {
        "number": "21",
        "name": "Paulo Dybala",
        "substituted_in": true,
        "starting_lineup": true
      },
      {
        "number": "11",
        "name": "Artem Dovbyk",
        "substituted_in": true,
        "starting_lineup": true
      },
      {
        "number": "17",
        "name": "Manu Koné",
        "substituted_in": true,
        "starting_lineup": false
      },
      {
        "number": "56",
        "name": "Alexis Saelemaekers",
        "substituted_in": true,
        "starting_lineup": false
      },
      {
        "number": "92",
        "name": "Stephan El Shaarawy",
        "substituted_in": true,
        "starting_lineup": false
      },
      {
        "number": "18",
        "name": "Matías Soulé",
        "substituted_in": true,
        "starting_lineup": false
      },
      {
        "number": "14",
        "name": "Eldor Shomurodov",
        "substituted_in": true,
        "starting_lineup": false
      }
    ],
    "away_players": [
      {
        "number": "13",
        "name": "Julen Agirrezabala",
        "substituted_in": true,
        "starting_lineup": true
      },
      {
        "number": "3",
        "name": "Dani Vivian",
        "substituted_in": true,
        "starting_lineup": true
      },
      {
        "number": "5",
        "name": "Yeray Álvarez",
        "substituted_in": true,
        "starting_lineup": true
      },
      {
        "number": "17",
        "name": "Yuri Berchiche",
        "substituted_in": true,
        "starting_lineup": true
      },
      {
        "number": "18",
        "name": "Óscar de Marcos",
        "substituted_in": true,
        "starting_lineup": true
      },
      {
        "number": "16",
        "name": "Iñigo Ruiz de Galarreta",
        "substituted_in": true,
        "starting_lineup": true
      },
      {
        "number": "23",
        "name": "Mikel Jauregizar",
        "substituted_in": true,
        "starting_lineup": true
      },
      {
        "number": "20",
        "name": "Unai Gómez",
        "substituted_in": true,
        "starting_lineup": true
      },
      {
        "number": "10",
        "name": "Nico Williams",
        "substituted_in": true,
        "starting_lineup": true
      },
      {
        "number": "9",
        "name": "Iñaki Williams",
        "substituted_in": true,
        "starting_lineup": true
      },
      {
        "number": "21",
        "name": "Maroan Sannadi",
        "substituted_in": true,
        "starting_lineup": true
      },
      {
        "number": "4",
        "name": "Aitor Paredes",
        "substituted_in": true,
        "starting_lineup": false
      },
      {
        "number": "6",
        "name": "Mikel Vesga",
        "substituted_in": true,
        "starting_lineup": false
      },
      {
        "number": "24",
        "name": "Beñat Prados",
        "substituted_in": true,
        "starting_lineup": false
      },
      {
        "number": "7",
        "name": "Álex Berenguer",
        "substituted_in": true,
        "starting_lineup": false
      },
      {
        "number": "12",
        "name": "Gorka Guruzeta",
        "substituted_in": true,
        "starting_lineup": false
      }
    ]
  }
]