[
  {
    "url": "https://www.transfermarkt.pl/athletic-bilbao_valencia-cf/aufstellung/spielbericht/4113119",
    "match_id": "4113119",
    "date": "niedz., 29.10.2023",
    "competition": "LALIGA",
    "matchday": "11. Kolejka",
    "home_team": "Athletic Bilbao",
    "away_team": "Valencia CF",
    "home_players": [
      {
        "number": "1",
        "name": "Unai Simón",
        "substituted_in": true,
        "starting_lineup": true
      },
      {
        "number": "3",
        "name": "Dani Vivian",
        "substituted_in": true,
        "starting_lineup": true
      },
      {
        "number": "4",
        "name": "Aitor Paredes",
        "substituted_in": true,
        "starting_lineup": true
      },
      {
        "number": "19",
        "name": "Imanol García de Albéniz",
        "substituted_in": true,
        "starting_lineup": true
      },
      {
        "number": "18",
        "name": "Óscar de Marcos",
        "substituted_in": true,
        "starting_lineup": true
      },
      {
        "number": "14",
        "name": "Dani García",
        "substituted_in": true,
        "starting_lineup": true
      },
      {
        "number": "16",
        "name": "Iñigo Ruiz de Galarreta",
        "substituted_in": true,
        "starting_lineup": true
      },
      {
        "number": "8",
        "name": "Oihan Sancet",
        "substituted_in": true,
        "starting_lineup": true
      },
      {
        "number": "11",
        "name": "Nico Williams",
        "substituted_in": true,
        "starting_lineup": true
      },
      {
        "number": "9",
        "name": "Iñaki Williams",
        "substituted_in": true,
        "starting_lineup": true
      },
      {
        "number": "12",
        "name": "Gorka Guruzeta",
        "substituted_in": true,
        "starting_lineup": true
      },
      {
        "number": "6",
        "name": "Mikel Vesga",
        "substituted_in": true,
        "starting_lineup": false
      },
      {
        "number": "24",
        "name": "Beñat Prados",
        "substituted_in": true,
        "starting_lineup": false
      },
      {
        "number": "7",
        "name": "Álex Berenguer",
        "substituted_in": true,
        "starting_lineup": false
      },
      {
        "number": "10",
        "name": "Iker Muniain",
        "substituted_in": true,
        "starting_lineup": false
      },
      {
        "number": "20",
        "name": "Asier Villalibre",
        "substituted_in": true,
        "starting_lineup": false
      }
    ],
    "away_players": [
      {
        "number": "25",
        "name": "Giorgi Mamardashvili",
        "substituted_in": true,
        "starting_lineup": true
      },
      {
        "number": "3",
        "name": "Cristhian Mosquera",
        "substituted_in": true,
        "starting_lineup": true
      },
      {
        "number": "5",
        "name": "Gabriel Paulista",
        "substituted_in": true,
        "starting_lineup": true
      },
      {
        "number": "14",
        "name": "José Gayà",
        "substituted_in": true,
        "starting_lineup": true
      },
      {
        "number": "12",
        "name": "Thierry Correia",
        "substituted_in": true,
        "starting_lineup": true
      },
      {
        "number": "18",
        "name": "Pepelu",
        "substituted_in": true,
        "starting_lineup": true
      },
      {
        "number": "8",
        "name": "Javi Guerra",
        "substituted_in": true,
        "starting_lineup": true
      },
      {
        "number": "19",
        "name": "Selim Amallah",
        "substituted_in": true,
        "starting_lineup": true
      },
      {
        "number": "23",
        "name": "Fran Pérez",
        "substituted_in": true,
        "starting_lineup": true
      },
      {
        "number": "16",
        "name": "Diego López",
        "substituted_in": true,
        "starting_lineup": true
      },
      {
        "number": "9",
        "name": "Hugo Duro",
        "substituted_in": true,
        "starting_lineup": true
      },
      {
        "number": "20",
        "name": "Dimitri Foulquier",
        "substituted_in": true,
        "starting_lineup": false
      },
      {
        "number": "6",
        "name": "Hugo Guillamón",
        "substituted_in": true,
        "starting_lineup": false
      },
      {
        "number": "7",
        "name": "Sergi Canós",
        "substituted_in": true,
        "starting_lineup": false
      },
      {
        "number": "17",
        "name": "Roman Yaremchuk",
        "substituted_in": true,
        "starting_lineup": false
      }
    ]
  },
  {
    "url": "https://www.transfermarkt.pl/athletic-bilbao_getafe-cf/aufstellung/spielbericht/4113065",
    "match_id": "4113065",
    "date": "śr., 27.09.2023",
    "competition": "LALIGA",
    "matchday": "7. Kolejka",
    "home_team": "Athletic Bilbao",
    "away_team": "Getafe CF",
    "home_players": [
      {
        "number": "1",
        "name": "Unai Simón",
        "substituted_in": true,
        "starting_lineup": true
      },
      {
        "number": "3",
        "name": "Dani Vivian",
        "substituted_in": true,
        "starting_lineup": true
      },
      {
        "number": "4",
        "name": "Aitor Paredes",
        "substituted_in": true,
        "starting_lineup": true
      },
      {
        "number": "17",
        "name": "Yuri Berchiche",
        "substituted_in": true,
        "starting_lineup": true
      },
      {
        "number": "18",
        "name": "Óscar de Marcos",
        "substituted_in": true,
        "starting_lineup": true
      },
      {
        "number": "6",
        "name": "Mikel Vesga",
        "substituted_in": true,
        "starting_lineup": true
      },
      {
        "number": "21",
        "name": "Ander Herrera",
        "substituted_in": true,
        "starting_lineup": true
      },
      {
        "number": "8",
        "name": "Oihan Sancet",
        "substituted_in": true,
        "starting_lineup": true
      },
      {
        "number": "7",
        "name": "Álex Berenguer",
        "substituted_in": true,
        "starting_lineup": true
      },
      {
        "number": "9",
        "name": "Iñaki Williams",
        "substituted_in": true,
        "starting_lineup": true
      },
      {
        "number": "12",
        "name": "Gorka Guruzeta",
        "substituted_in": true,
        "starting_lineup": true
      },
      {
        "number": "5",
        "name": "Yeray Álvarez",
        "substituted_in": true,
        "starting_lineup": false
      },
      {
        "number": "14",
        "name": "Dani García",
        "substituted_in": true,
        "starting_lineup": false
      },
      {
        "number": "24",
        "name": "Beñat Prados",
        "substituted_in": true,
        "starting_lineup": false
      },
      {
        "number": "22",
        "name": "Raúl García",
        "substituted_in": true,
        "starting_lineup": false
      },
      {
        "number": "10",
        "name": "Iker Muniain",
        "substituted_in": true,
        "starting_lineup": false
      }
    ],
    "away_players": [
      {
        "number": "13",
        "name": "David Soria",
        "substituted_in": true,
        "starting_lineup": true
      },
      {
        "number": "4",
        "name": "Gastón Álvarez",
        "substituted_in": true,
        "starting_lineup": true
      },
      {
        "number": "6",
        "name": "Domingos Duarte",
        "substituted_in": true,
        "starting_lineup": true
      },
      {
        "number": "16",
        "name": "Diego Rico",
        "substituted_in": true,
        "starting_lineup": true
      },
      {
        "number": "3",
        "name": "Fabrizio Angileri",
        "substituted_in": true,
        "starting_lineup": true
      },
      {
        "number": "21",
        "name": "Juan Iglesias",
        "substituted_in": true,
        "starting_lineup": true
      },
      {
        "number": "8",
        "name": "Mauro Arambarri",
        "substituted_in": true,
        "starting_lineup": true
      },
      {
        "number": "20",
        "name": "Nemanja Maksimovic",
        "substituted_in": true,
        "starting_lineup": true
      },
      {
        "number": "12",
        "name": "Mason Greenwood",
        "substituted_in": true,
        "starting_lineup": true
      },
      {
        "number": "11",
        "name": "Carles Aleñá",
        "substituted_in": true,
        "starting_lineup": true
      },
      {
        "number": "19",
        "name": "Borja Mayoral",
        "substituted_in": true,
        "starting_lineup": true
      },
      {
        "number": "2",
        "name": "Dakonam Djené",
        "substituted_in": true,
        "starting_lineup": false
      },
      {
        "number": "18",
        "name": "José Ángel Carmona",
        "substituted_in": true,
        "starting_lineup": false
      },
      {
        "number": "9",
        "name": "Óscar Rodríguez",
        "substituted_in": true,
        "starting_lineup": false
      },
      {
        "number": "14",
        "name": "Juanmi Latasa",
        "substituted_in": true,
        "starting_lineup": false
      },
      {
        "number": "7",
        "name": "Jaime Mata",
        "substituted_in": true,
        "starting_lineup": false
      }
    ]
  },
  {
    "url": "https://www.transfermarkt.pl/athletic-bilbao_ud-almería/aufstellung/spielbericht/4113060",
    "match_id": "4113060",
    "date": "pt., 06.10.2023",
    "competition": "LALIGA",
    "matchday": "9. Kolejka",
    "home_team": "Athletic Bilbao",
    "away_team": "UD Almería",
    "home_players": [
      {
        "number": "1",
        "name": "Unai Simón",
        "substituted_in": true,
        "starting_lineup": true
      },
      {
        "number": "3",
        "name": "Dani Vivian",
        "substituted_in": true,
        "starting_lineup": true
      },
      {
        "number": "5",
        "name": "Yeray Álvarez",
        "substituted_in": true,
        "starting_lineup": true
      },
      {
        "number": "17",
        "name": "Yuri Berchiche",
        "substituted_in": true,
        "starting_lineup": true
      },
      {
        "number": "18",
        "name": "Óscar de Marcos",
        "substituted_in": true,
        "starting_lineup": true
      },
      {
        "number": "14",
        "name": "Dani García",
        "substituted_in": true,
        "starting_lineup": true
      },
      {
        "number": "21",
        "name": "Ander Herrera",
        "substituted_in": true,
        "starting_lineup": true
      },
      {
        "number": "8",
        "name": "Oihan Sancet",
        "substituted_in": true,
        "starting_lineup": true
      },
      {
        "number": "11",
        "name": "Nico Williams",
        "substituted_in": true,
        "starting_lineup": true
      },
      {
        "number": "9",
        "name": "Iñaki Williams",
        "substituted_in": true,
        "starting_lineup": true
      },
      {
        "number": "12",
        "name": "Gorka Guruzeta",
        "substituted_in": true,
        "starting_lineup": true
      },
      {
        "number": "4",
        "name": "Aitor Paredes",
        "substituted_in": true,
        "starting_lineup": false
      },
      {
        "number": "24",
        "name": "Beñat Prados",
        "substituted_in": true,
        "starting_lineup": false
      },
      {
        "number": "30",
        "name": "Unai Gómez",
        "substituted_in": true,
        "starting_lineup": false
      },
      {
        "number": "10",
        "name": "Iker Muniain",
        "substituted_in": true,
        "starting_lineup": false
      },
      {
        "number": "20",
        "name": "Asier Villalibre",
        "substituted_in": true,
        "starting_lineup": false
      }
    ],
    "away_players": [
      {
        "number": "25",
        "name": "Luís Maximiano",
        "substituted_in": true,
        "starting_lineup": true
      },
      {
        "number": "2",
        "name": "Kaiky",
        "substituted_in": true,
        "starting_lineup": true
      },
      {
        "number": "21",
        "name": "Chumi",
        "substituted_in": true,
        "starting_lineup": true
      },
      {
        "number": "15",
        "name": "Sergio Akieme",
        "substituted_in": true,
        "starting_lineup": true
      },
      {
        "number": "24",
        "name": "Houboulang Mendes",
        "substituted_in": true,
        "starting_lineup": true
      },
      {
        "number": "6",
        "name": "Dion Lopy",
        "substituted_in": true,
        "starting_lineup": true
      },
      {
        "number": "4",
        "name": "Iddrisu Baba",
        "substituted_in": true,
        "starting_lineup": true
      },
      {
        "number": "7",
        "name": "Largie Ramazani",
        "substituted_in": true,
        "starting_lineup": true
      },
      {
        "number": "10",
        "name": "Adrián Embarba",
        "substituted_in": true,
        "starting_lineup": true
      },
      {
        "number": "11",
        "name": "Gonzalo Melero",
        "substituted_in": true,
        "starting_lineup": true
      },
      {
        "number": "23",
        "name": "Ibrahima Koné",
        "substituted_in": true,
        "starting_lineup": true
      },
      {
        "number": "17",
        "name": "Álex Pozo",
        "substituted_in": true,
        "starting_lineup": false
      },
      {
        "number": "8",
        "name": "Arnau Puigmal",
        "substituted_in": true,
        "starting_lineup": false
      },
      {
        "number": "19",
        "name": "Sergio Arribas",
        "substituted_in": true,
        "starting_lineup": false
      },
      {
        "number": "14",
        "name": "Lázaro",
        "substituted_in": true,
        "starting_lineup": false
      },
      {
        "number": "34",
        "name": "Marciano Sanca",
        "substituted_in": true,
        "starting_lineup": false
      }
    ]
  },
  {
    "url": "https://www.transfermarkt.pl/athletic-bilbao_celta-de-vigo/aufstellung/spielbericht/4113088",
    "match_id": "4113088",
    "date": "pt., 10.11.2023",
    "competition": "LALIGA",
    "matchday": "13. Kolejka",
    "home_team": "Athletic Bilbao",
    "away_team": "Celta de Vigo",
    "home_players": [
      {
        "number": "1",
        "name": "Unai Simón",
        "substituted_in": true,
        "starting_lineup": true
      },
      {
        "number": "3",
        "name": "Dani Vivian",
        "substituted_in": true,
        "starting_lineup": true
      },
      {
        "number": "4",
        "name": "Aitor Paredes",
        "substituted_in": true,
        "starting_lineup": true
      },
      {
        "number": "15",
        "name": "Iñigo Lekue",
        "substituted_in": true,
        "starting_lineup": true
      },
      {
        "number": "18",
        "name": "Óscar de Marcos",
        "substituted_in": true,
        "starting_lineup": true
      },
      {
        "number": "6",
        "name": "Mikel Vesga",
        "substituted_in": true,
        "starting_lineup": true
      },
      {
        "number": "16",
        "name": "Iñigo Ruiz de Galarreta",
        "substituted_in": true,
        "starting_lineup": true
      },
      {
        "number": "8",
        "name": "Oihan Sancet",
        "substituted_in": true,
        "starting_lineup": true
      },
      {
        "number": "11",
        "name": "Nico Williams",
        "substituted_in": true,
        "starting_lineup": true
      },
      {
        "number": "9",
        "name": "Iñaki Williams",
        "substituted_in": true,
        "starting_lineup": true
      },
      {
        "number": "12",
        "name": "Gorka Guruzeta",
        "substituted_in": true,
        "starting_lineup": true
      },
      {
        "number": "14",
        "name": "Dani García",
        "substituted_in": true,
        "starting_lineup": false
      },
      {
        "number": "30",
        "name": "Unai Gómez",
        "substituted_in": true,
        "starting_lineup": false
      },
      {
        "number": "22",
        "name": "Raúl García",
        "substituted_in": true,
        "starting_lineup": false
      },
      {
        "number": "7",
        "name": "Álex Berenguer",
        "substituted_in": true,
        "starting_lineup": false
      }
    ],
    "away_players": [
      {
        "number": "25",
        "name": "Vicente Guaita",
        "substituted_in": true,
        "starting_lineup": true
      },
      {
        "number": "2",
        "name": "Carl Starfelt",
        "substituted_in": true,
        "starting_lineup": true
      },
      {
        "number": "4",
        "name": "Unai Núñez",
        "substituted_in": true,
        "starting_lineup": true
      },
      {
        "number": "23",
        "name": "Manu Sánchez",
        "substituted_in": true,
        "starting_lineup": true
      },
      {
        "number": "20",
        "name": "Kevin Vázquez",
        "substituted_in": true,
        "starting_lineup": true
      },
      {
        "number": "6",
        "name": "Carlos Dotor",
        "substituted_in": true,
        "starting_lineup": true
      },
      {
        "number": "8",
        "name": "Fran Beltrán",
        "substituted_in": true,
        "starting_lineup": true
      },
      {
        "number": "3",
        "name": "Óscar Mingueza",
        "substituted_in": true,
        "starting_lineup": true
      },
      {
        "number": "17",
        "name": "Jonathan Bamba",
        "substituted_in": true,
        "starting_lineup": true
      },
      {
        "number": "10",
        "name": "Iago Aspas",
        "substituted_in": true,
        "starting_lineup": true
      },
      {
        "number": "18",
        "name": "Jørgen Strand Larsen",
        "substituted_in": true,
        "starting_lineup": true
      },
      {
        "number": "14",
        "name": "Luca de la Torre",
        "substituted_in": true,
        "starting_lineup": false
      },
      {
        "number": "11",
        "name": "Franco Cervi",
        "substituted_in": true,
        "starting_lineup": false
      },
      {
        "number": "12",
        "name": "Anastasios Douvikas",
        "substituted_in": true,
        "starting_lineup": false
      }
    ]
  },
  {
    "url": "https://www.transfermarkt.pl/athletic-bilbao_rcd-mallorca/aufstellung/spielbericht/4113035",
    "match_id": "4113035",
    "date": "pt., 02.02.2024",
    "competition": "LALIGA",
    "matchday": "23. Kolejka",
    "home_team": "Athletic Bilbao",
    "away_team": "RCD Mallorca",
    "home_players": [
      {
        "number": "1",
        "name": "Unai Simón",
        "substituted_in": true,
        "starting_lineup": true
      },
      {
        "number": "4",
        "name": "Aitor Paredes",
        "substituted_in": true,
        "starting_lineup": true
      },
      {
        "number": "5",
        "name": "Yeray Álvarez",
        "substituted_in": true,
        "starting_lineup": true
      },
      {
        "number": "17",
        "name": "Yuri Berchiche",
        "substituted_in": true,
        "starting_lineup": true
      },
      {
        "number": "18",
        "name": "Óscar de Marcos",
        "substituted_in": true,
        "starting_lineup": true
      },
      {
        "number": "16",
        "name": "Iñigo Ruiz de Galarreta",
        "substituted_in": true,
        "starting_lineup": true
      },
      {
        "number": "24",
        "name": "Beñat Prados",
        "substituted_in": true,
        "starting_lineup": true
      },
      {
        "number": "8",
        "name": "Oihan Sancet",
        "substituted_in": true,
        "starting_lineup": true
      },
      {
        "number": "11",
        "name": "Nico Williams",
        "substituted_in": true,
        "starting_lineup": true
      },
      {
        "number": "9",
        "name": "Iñaki Williams",
        "substituted_in": true,
        "starting_lineup": true
      },
      {
        "number": "12",
        "name": "Gorka Guruzeta",
        "substituted_in": true,
        "starting_lineup": true
      },
      {
        "number": "21",
        "name": "Ander Herrera",
        "substituted_in": true,
        "starting_lineup": false
      },
      {
        "number": "31",
        "name": "Mikel Jauregizar",
        "substituted_in": true,
        "starting_lineup": false
      },
      {
        "number": "22",
        "name": "Raúl García",
        "substituted_in": true,
        "starting_lineup": false
      },
      {
        "number": "10",
        "name": "Iker Muniain",
        "substituted_in": true,
        "starting_lineup": false
      },
      {
        "number": "23",
        "name": "Adu Ares",
        "substituted_in": true,
        "starting_lineup": false
      }
    ],
    "away_players": [
      {
        "number": "1",
        "name": "Predrag Rajković",
        "substituted_in": true,
        "starting_lineup": true
      },
      {
        "number": "6",
        "name": "José Copete",
        "substituted_in": true,
        "starting_lineup": true
      },
      {
        "number": "21",
        "name": "Antonio Raíllo",
        "substituted_in": true,
        "starting_lineup": true
      },
      {
        "number": "24",
        "name": "Martin Valjent",
        "substituted_in": true,
        "starting_lineup": true
      },
      {
        "number": "11",
        "name": "Jaume Costa",
        "substituted_in": true,
        "starting_lineup": true
      },
      {
        "number": "20",
        "name": "Giovanni González",
        "substituted_in": true,
        "starting_lineup": true
      },
      {
        "number": "5",
        "name": "Omar Mascarell",
        "substituted_in": true,
        "starting_lineup": true
      },
      {
        "number": "8",
        "name": "Manu Morlanes",
        "substituted_in": true,
        "starting_lineup": true
      },
      {
        "number": "14",
        "name": "Dani Rodríguez",
        "substituted_in": true,
        "starting_lineup": true
      },
      {
        "number": "18",
        "name": "Antonio Sánchez",
        "substituted_in": true,
        "starting_lineup": true
      },
      {
        "number": "17",
        "name": "Cyle Larin",
        "substituted_in": true,
        "starting_lineup": true
      },
      {
        "number": "22",
        "name": "Nacho Vidal",
        "substituted_in": true,
        "starting_lineup": false
      },
      {
        "number": "10",
        "name": "Sergi Darder",
        "substituted_in": true,
        "starting_lineup": false
      },
      {
        "number": "19",
        "name": "Javi Llabrés",
        "substituted_in": true,
        "starting_lineup": false
      },
      {
        "number": "7",
        "name": "Vedat Muriqi",
        "substituted_in": true,
        "starting_lineup": false
      },
      {
        "number": "9",
        "name": "Abdón Prats",
        "substituted_in": true,
        "starting_lineup": false
      }
    ]
  },
  {
    "url": "https://www.transfermarkt.pl/ud-las-palmas_athletic-bilbao/aufstellung/spielbericht/4113001",
    "match_id": "4113001",
    "date": "niedz., 10.03.2024",
    "competition": "LALIGA",
    "matchday": "28. Kolejka",
    "home_team": "UD Las Palmas",
    "away_team": "Athletic Bilbao",
    "home_players": [
      {
        "number": "13",
        "name": "Álvaro Valles",
        "substituted_in": true,
        "starting_lineup": true
      },
      {
        "number": "15",
        "name": "Mika Mármol",
        "substituted_in": true,
        "starting_lineup": true
      },
      {
        "number": "23",
        "name": "Saúl Coco",
        "substituted_in": true,
        "starting_lineup": true
      },
      {
        "number": "3",
        "name": "Sergi Cardona",
        "substituted_in": true,
        "starting_lineup": true
      },
      {
        "number": "28",
        "name": "Julián Araujo",
        "substituted_in": true,
        "starting_lineup": true
      },
      {
        "number": "21",
        "name": "José Campaña",
        "substituted_in": true,
        "starting_lineup": true
      },
      {
        "number": "5",
        "name": "Javi Muñoz",
        "substituted_in": true,
        "starting_lineup": true
      },
      {
        "number": "20",
        "name": "Kirian Rodríguez",
        "substituted_in": true,
        "starting_lineup": true
      },
      {
        "number": "10",
        "name": "Alberto Moleiro",
        "substituted_in": true,
        "starting_lineup": true
      },
      {
        "number": "17",
        "name": "Munir El Haddadi",
        "substituted_in": true,
        "starting_lineup": true
      },
      {
        "number": "9",
        "name": "Sandro Ramírez",
        "substituted_in": true,
        "starting_lineup": true
      },
      {
        "number": "2",
        "name": "Marvin Park",
        "substituted_in": true,
        "starting_lineup": false
      },
      {
        "number": "12",
        "name": "Enzo Loiodice",
        "substituted_in": true,
        "starting_lineup": false
      },
      {
        "number": "11",
        "name": "Benito Ramírez",
        "substituted_in": true,
        "starting_lineup": false
      },
      {
        "number": "24",
        "name": "Pejiño",
        "substituted_in": true,
        "starting_lineup": false
      },
      {
        "number": "19",
        "name": "Marc Cardona",
        "substituted_in": true,
        "starting_lineup": false
      }
    ],
    "away_players": [
      {
        "number": "1",
        "name": "Unai Simón",
        "substituted_in": true,
        "starting_lineup": true
      },
      {
        "number": "3",
        "name": "Dani Vivian",
        "substituted_in": true,
        "starting_lineup": true
      },
      {
        "number": "4",
        "name": "Aitor Paredes",
        "substituted_in": true,
        "starting_lineup": true
      },
      {
        "number": "17",
        "name": "Yuri Berchiche",
        "substituted_in": true,
        "starting_lineup": true
      },
      {
        "number": "18",
        "name": "Óscar de Marcos",
        "substituted_in": true,
        "starting_lineup": true
      },
      {
        "number": "16",
        "name": "Iñigo Ruiz de Galarreta",
        "substituted_in": true,
        "starting_lineup": true
      },
      {
        "number": "24",
        "name": "Beñat Prados",
        "substituted_in": true,
        "starting_lineup": true
      },
      {
        "number": "8",
        "name": "Oihan Sancet",
        "substituted_in": true,
        "starting_lineup": true
      },
      {
        "number": "11",
        "name": "Nico Williams",
        "substituted_in": true,
        "starting_lineup": true
      },
      {
        "number": "9",
        "name": "Iñaki Williams",
        "substituted_in": true,
        "starting_lineup": true
      },
      {
        "number": "12",
        "name": "Gorka Guruzeta",
        "substituted_in": true,
        "starting_lineup": true
      },
      {
        "number": "5",
        "name": "Yeray Álvarez",
        "substituted_in": true,
        "starting_lineup": false
      },
      {
        "number": "15",
        "name": "Iñigo Lekue",
        "substituted_in": true,
        "starting_lineup": false
      },
      {
        "number": "30",
        "name": "Unai Gómez",
        "substituted_in": true,
        "starting_lineup": false
      },
      {
        "number": "22",
        "name": "Raúl García",
        "substituted_in": true,
        "starting_lineup": false
      },
      {
        "number": "7",
        "name": "Álex Berenguer",
        "substituted_in": true,
        "starting_lineup": false
      }
    ]
  },
  {
    "url": "https://www.transfermarkt.pl/celta-de-vigo_athletic-bilbao/aufstellung/spielbericht/4112918",
    "match_id": "4112918",
    "date": "śr., 15.05.2024",
    "competition": "LALIGA",
    "matchday": "36. Kolejka",
    "home_team": "Celta de Vigo",
    "away_team": "Athletic Bilbao",
    "home_players": [
      {
        "number": "13",
        "name": "Iván Villar",
        "substituted_in": true,
        "starting_lineup": true
      },
      {
        "number": "28",
        "name": "Carlos Domínguez",
        "substituted_in": true,
        "starting_lineup": true
      },
      {
        "number": "2",
        "name": "Carl Starfelt",
        "substituted_in": true,
        "starting_lineup": true
      },
      {
        "number": "22",
        "name": "Javier Manquillo",
        "substituted_in": true,
        "starting_lineup": true
      },
      {
        "number": "34",
        "name": "Damián Rodríguez",
        "substituted_in": true,
        "starting_lineup": true
      },
      {
        "number": "8",
        "name": "Fran Beltrán",
        "substituted_in": true,
        "starting_lineup": true
      },
      {
        "number": "7",
        "name": "Carles Pérez",
        "substituted_in": true,
        "starting_lineup": true
      },
      {
        "number": "23",
        "name": "Manu Sánchez",
        "substituted_in": true,
        "starting_lineup": true
      },
      {
        "number": "19",
        "name": "Williot Swedberg",
        "substituted_in": true,
        "starting_lineup": true
      },
      {
        "number": "17",
        "name": "Jonathan Bamba",
        "substituted_in": true,
        "starting_lineup": true
      },
      {
        "number": "18",
        "name": "Jørgen Strand Larsen",
        "substituted_in": true,
        "starting_lineup": true
      },
      {
        "number": "3",
        "name": "Óscar Mingueza",
        "substituted_in": true,
        "starting_lineup": false
      },
      {
        "number": "11",
        "name": "Franco Cervi",
        "substituted_in": true,
        "starting_lineup": false
      },
      {
        "number": "33",
        "name": "Hugo Álvarez",
        "substituted_in": true,
        "starting_lineup": false
      },
      {
        "number": "10",
        "name": "Iago Aspas",
        "substituted_in": true,
        "starting_lineup": false
      },
      {
        "number": "12",
        "name": "Anastasios Douvikas",
        "substituted_in": true,
        "starting_lineup": false
      }
    ],
    "away_players": [
      {
        "number": "1",
        "name": "Unai Simón",
        "substituted_in": true,
        "starting_lineup": true
      },
      {
        "number": "4",
        "name": "Aitor Paredes",
        "substituted_in": true,
        "starting_lineup": true
      },
      {
        "number": "5",
        "name": "Yeray Álvarez",
        "substituted_in": true,
        "starting_lineup": true
      },
      {
        "number": "19",
        "name": "Imanol García de Albéniz",
        "substituted_in": true,
        "starting_lineup": true
      },
      {
        "number": "15",
        "name": "Iñigo Lekue",
        "substituted_in": true,
        "starting_lineup": true
      },
      {
        "number": "14",
        "name": "Dani García",
        "substituted_in": true,
        "starting_lineup": true
      },
      {
        "number": "24",
        "name": "Beñat Prados",
        "substituted_in": true,
        "starting_lineup": true
      },
      {
        "number": "23",
        "name": "Adu Ares",
        "substituted_in": true,
        "starting_lineup": true
      },
      {
        "number": "7",
        "name": "Álex Berenguer",
        "substituted_in": true,
        "starting_lineup": true
      },
      {
        "number": "30",
        "name": "Unai Gómez",
        "substituted_in": true,
        "starting_lineup": true
      },
      {
        "number": "20",
        "name": "Asier Villalibre",
        "substituted_in": true,
        "starting_lineup": true
      },
      {
        "number": "13",
        "name": "Julen Agirrezabala",
        "substituted_in": true,
        "starting_lineup": false
      },
      {
        "number": "6",
        "name": "Mikel Vesga",
        "substituted_in": true,
        "starting_lineup": false
      },
      {
        "number": "16",
        "name": "Iñigo Ruiz de Galarreta",
        "substituted_in": true,
        "starting_lineup": false
      },
      {
        "number": "22",
        "name": "Raúl García",
        "substituted_in": true,
        "starting_lineup": false
      },
      {
        "number": "9",
        "name": "Iñaki Williams",
        "substituted_in": true,
        "starting_lineup": false
      }
    ]
  },
  {
    "url": "https://www.transfermarkt.pl/cádiz-cf_athletic-bilbao/aufstellung/spielbericht/4112837",
    "match_id": "4112837",
    "date": "niedz., 28.01.2024",
    "competition": "LALIGA",
    "matchday": "22. Kolejka",
    "home_team": "Cádiz CF",
    "away_team": "Athletic Bilbao",
    "home_players": [
      {
        "number": "1",
        "name": "Conan Ledesma",
        "substituted_in": true,
        "starting_lineup": true
      },
      {
        "number": "5",
        "name": "Víctor Chust",
        "substituted_in": true,
        "starting_lineup": true
      },
      {
        "number": "3",
        "name": "Fali",
        "substituted_in": true,
        "starting_lineup": true
      },
      {
        "number": "33",
        "name": "Lucas Pires",
        "substituted_in": true,
        "starting_lineup": true
      },
      {
        "number": "20",
        "name": "Iza Carcelén",
        "substituted_in": true,
        "starting_lineup": true
      },
      {
        "number": "4",
        "name": "Rubén Alcaraz",
        "substituted_in": true,
        "starting_lineup": true
      },
      {
        "number": "17",
        "name": "Gonzalo Escalante",
        "substituted_in": true,
        "starting_lineup": true
      },
      {
        "number": "27",
        "name": "Robert Navarro",
        "substituted_in": true,
        "starting_lineup": true
      },
      {
        "number": "11",
        "name": "Iván Alejo",
        "substituted_in": true,
        "starting_lineup": true
      },
      {
        "number": "7",
        "name": "Rubén Sobrino",
        "substituted_in": true,
        "starting_lineup": true
      },
      {
        "number": "16",
        "name": "Chris Ramos",
        "substituted_in": true,
        "starting_lineup": true
      },
      {
        "number": "8",
        "name": "Álex Fernández",
        "substituted_in": true,
        "starting_lineup": false
      },
      {
        "number": "10",
        "name": "Brian Ocampo",
        "substituted_in": true,
        "starting_lineup": false
      },
      {
        "number": "19",
        "name": "Sergi Guardiola",
        "substituted_in": true,
        "starting_lineup": false
      }
    ],
    "away_players": [
      {
        "number": "1",
        "name": "Unai Simón",
        "substituted_in": true,
        "starting_lineup": true
      },
      {
        "number": "3",
        "name": "Dani Vivian",
        "substituted_in": true,
        "starting_lineup": true
      },
      {
        "number": "5",
        "name": "Yeray Álvarez",
        "substituted_in": true,
        "starting_lineup": true
      },
      {
        "number": "15",
        "name": "Iñigo Lekue",
        "substituted_in": true,
        "starting_lineup": true
      },
      {
        "number": "18",
        "name": "Óscar de Marcos",
        "substituted_in": true,
        "starting_lineup": true
      },
      {
        "number": "6",
        "name": "Mikel Vesga",
        "substituted_in": true,
        "starting_lineup": true
      },
      {
        "number": "21",
        "name": "Ander Herrera",
        "substituted_in": true,
        "starting_lineup": true
      },
      {
        "number": "30",
        "name": "Unai Gómez",
        "substituted_in": true,
        "starting_lineup": true
      },
      {
        "number": "29",
        "name": "Adu Ares",
        "substituted_in": true,
        "starting_lineup": true
      },
      {
        "number": "9",
        "name": "Iñaki Williams",
        "substituted_in": true,
        "starting_lineup": true
      },
      {
        "number": "20",
        "name": "Asier Villalibre",
        "substituted_in": true,
        "starting_lineup": true
      },
      {
        "number": "17",
        "name": "Yuri Berchiche",
        "substituted_in": true,
        "starting_lineup": false
      },
      {
        "number": "31",
        "name": "Mikel Jauregizar",
        "substituted_in": true,
        "starting_lineup": false
      },
      {
        "number": "8",
        "name": "Oihan Sancet",
        "substituted_in": true,
        "starting_lineup": false
      },
      {
        "number": "11",
        "name": "Nico Williams",
        "substituted_in": true,
        "starting_lineup": false
      },
      {
        "number": "12",
        "name": "Gorka Guruzeta",
        "substituted_in": true,
        "starting_lineup": false
      }
    ]
  },
  {
    "url": "https://www.transfermarkt.pl/fc-barcelona_athletic-bilbao/aufstellung/spielbericht/4113120",
    "match_id": "4113120",
    "date": "niedz., 22.10.2023",
    "competition": "LALIGA",
    "matchday": "10. Kolejka",
    "home_team": "FC Barcelona",
    "away_team": "Athletic Bilbao",
    "home_players": [
      {
        "number": "1",
        "name": "Marc-André ter Stegen",
        "substituted_in": true,
        "starting_lineup": true
      },
      {
        "number": "5",
        "name": "Iñigo Martínez",
        "substituted_in": true,
        "starting_lineup": true
      },
      {
        "number": "15",
        "name": "Andreas Christensen",
        "substituted_in": true,
        "starting_lineup": true
      },
      {
        "number": "3",
        "name": "Alejandro Balde",
        "substituted_in": true,
        "starting_lineup": true
      },
      {
        "number": "2",
        "name": "João Cancelo",
        "substituted_in": true,
        "starting_lineup": true
      },
      {
        "number": "18",
        "name": "Oriol Romeu",
        "substituted_in": true,
        "starting_lineup": true
      },
      {
        "number": "6",
        "name": "Gavi",
        "substituted_in": true,
        "starting_lineup": true
      },
      {
        "number": "22",
        "name": "İlkay Gündoğan",
        "substituted_in": true,
        "starting_lineup": true
      },
      {
        "number": "32",
        "name": "Fermín López",
        "substituted_in": true,
        "starting_lineup": true
      },
      {
        "number": "7",
        "name": "Ferran Torres",
        "substituted_in": true,
        "starting_lineup": true
      },
      {
        "number": "14",
        "name": "João Félix",
        "substituted_in": true,
        "starting_lineup": true
      },
      {
        "number": "17",
        "name": "Marcos Alonso",
        "substituted_in": true,
        "starting_lineup": false
      },
      {
        "number": "4",
        "name": "Ronald Araujo",
        "substituted_in": true,
        "starting_lineup": false
      },
      {
        "number": "27",
        "name": "Lamine Yamal",
        "substituted_in": true,
        "starting_lineup": false
      },
      {
        "number": "38",
        "name": "Marc Guiu",
        "substituted_in": true,
        "starting_lineup": false
      }
    ],
    "away_players": [
      {
        "number": "1",
        "name": "Unai Simón",
        "substituted_in": true,
        "starting_lineup": true
      },
      {
        "number": "3",
        "name": "Dani Vivian",
        "substituted_in": true,
        "starting_lineup": true
      },
      {
        "number": "4",
        "name": "Aitor Paredes",
        "substituted_in": true,
        "starting_lineup": true
      },
      {
        "number": "17",
        "name": "Yuri Berchiche",
        "substituted_in": true,
        "starting_lineup": true
      },
      {
        "number": "18",
        "name": "Óscar de Marcos",
        "substituted_in": true,
        "starting_lineup": true
      },
      {
        "number": "14",
        "name": "Dani García",
        "substituted_in": true,
        "starting_lineup": true
      },
      {
        "number": "16",
        "name": "Iñigo Ruiz de Galarreta",
        "substituted_in": true,
        "starting_lineup": true
      },
      {
        "number": "8",
        "name": "Oihan Sancet",
        "substituted_in": true,
        "starting_lineup": true
      },
      {
        "number": "11",
        "name": "Nico Williams",
        "substituted_in": true,
        "starting_lineup": true
      },
      {
        "number": "9",
        "name": "Iñaki Williams",
        "substituted_in": true,
        "starting_lineup": true
      },
      {
        "number": "12",
        "name": "Gorka Guruzeta",
        "substituted_in": true,
        "starting_lineup": true
      },
      {
        "number": "15",
        "name": "Iñigo Lekue",
        "substituted_in": true,
        "starting_lineup": false
      },
      {
        "number": "24",
        "name": "Beñat Prados",
        "substituted_in": true,
        "starting_lineup": false
      },
      {
        "number": "30",
        "name": "Unai Gómez",
        "substituted_in": true,
        "starting_lineup": false
      },
      {
        "number": "7",
        "name": "Álex Berenguer",
        "substituted_in": true,
        "starting_lineup": false
      },
      {
        "number": "29",
        "name": "Adu Ares",
        "substituted_in": true,
        "starting_lineup": false
      }
    ]
  },
  {
    "url": "https://www.transfermarkt.pl/athletic-bilbao_deportivo-alavés/aufstellung/spielbericht/4112994",
    "match_id": "4112994",
    "date": "sob., 16.03.2024",
    "competition": "LALIGA",
    "matchday": "29. Kolejka",
    "home_team": "Athletic Bilbao",
    "away_team": "Deportivo Alavés",
    "home_players": [
      {
        "number": "1",
        "name": "Unai Simón",
        "substituted_in": true,
        "starting_lineup": true
      },
      {
        "number": "3",
        "name": "Dani Vivian",
        "substituted_in": true,
        "starting_lineup": true
      },
      {
        "number": "5",
        "name": "Yeray Álvarez",
        "substituted_in": true,
        "starting_lineup": true
      },
      {
        "number": "15",
        "name": "Iñigo Lekue",
        "substituted_in": true,
        "starting_lineup": true
      },
      {
        "number": "18",
        "name": "Óscar de Marcos",
        "substituted_in": true,
        "starting_lineup": true
      },
      {
        "number": "16",
        "name": "Iñigo Ruiz de Galarreta",
        "substituted_in": true,
        "starting_lineup": true
      },
      {
        "number": "24",
        "name": "Beñat Prados",
        "substituted_in": true,
        "starting_lineup": true
      },
      {
        "number": "30",
        "name": "Unai Gómez",
        "substituted_in": true,
        "starting_lineup": true
      },
      {
        "number": "11",
        "name": "Nico Williams",
        "substituted_in": true,
        "starting_lineup": true
      },
      {
        "number": "9",
        "name": "Iñaki Williams",
        "substituted_in": true,
        "starting_lineup": true
      },
      {
        "number": "12",
        "name": "Gorka Guruzeta",
        "substituted_in": true,
        "starting_lineup": true
      },
      {
        "number": "6",
        "name": "Mikel Vesga",
        "substituted_in": true,
        "starting_lineup": false
      },
      {
        "number": "14",
        "name": "Dani García",
        "substituted_in": true,
        "starting_lineup": false
      },
      {
        "number": "22",
        "name": "Raúl García",
        "substituted_in": true,
        "starting_lineup": false
      },
      {
        "number": "7",
        "name": "Álex Berenguer",
        "substituted_in": true,
        "starting_lineup": false
      },
      {
        "number": "10",
        "name": "Iker Muniain",
        "substituted_in": true,
        "starting_lineup": false
      }
    ],
    "away_players": [
      {
        "number": "1",
        "name": "Antonio Sivera",
        "substituted_in": true,
        "starting_lineup": true
      },
      {
        "number": "5",
        "name": "Abdel Abqar",
        "substituted_in": true,
        "starting_lineup": true
      },
      {
        "number": "16",
        "name": "Rafa Marín",
        "substituted_in": true,
        "starting_lineup": true
      },
      {
        "number": "27",
        "name": "Javi López",
        "substituted_in": true,
        "starting_lineup": true
      },
      {
        "number": "2",
        "name": "Andoni Gorosabel",
        "substituted_in": true,
        "starting_lineup": true
      },
      {
        "number": "8",
        "name": "Antonio Blanco",
        "substituted_in": true,
        "starting_lineup": true
      },
      {
        "number": "6",
        "name": "Ander Guevara",
        "substituted_in": true,
        "starting_lineup": true
      },
      {
        "number": "18",
        "name": "Jon Guridi",
        "substituted_in": true,
        "starting_lineup": true
      },
      {
        "number": "11",
        "name": "Luis Rioja",
        "substituted_in": true,
        "starting_lineup": true
      },
      {
        "number": "22",
        "name": "Carlos Vicente",
        "substituted_in": true,
        "starting_lineup": true
      },
      {
        "number": "32",
        "name": "Samu Aghehowa",
        "substituted_in": true,
        "starting_lineup": true
      },
      {
        "number": "14",
        "name": "Nahuel Tenaglia",
        "substituted_in": true,
        "starting_lineup": false
      },
      {
        "number": "23",
        "name": "Carlos Protesoni",
        "substituted_in": true,
        "starting_lineup": false
      },
      {
        "number": "10",
        "name": "Ianis Hagi",
        "substituted_in": true,
        "starting_lineup": false
      },
      {
        "number": "20",
        "name": "Giuliano Simeone",
        "substituted_in": true,
        "starting_lineup": false
      },
      {
        "number": "15",
        "name": "Kike García",
        "substituted_in": true,
        "starting_lineup": false
      }
    ]
  },
  {
    "url": "https://www.transfermarkt.pl/cd-cayón_athletic-bilbao/aufstellung/spielbericht/4227821",
    "match_id": "4227821",
    "date": "czw., 07.12.2023",
    "competition": "Unknown",
    "matchday": "Unknown",
    "home_team": "CD Cayón",
    "away_team": "Athletic Bilbao",
    "home_players": [
      {
        "number": "1",
        "name": "Pablo Galnares",
        "substituted_in": true,
        "starting_lineup": true
      },
      {
        "number": "4",
        "name": "Álvaro Mier",
        "substituted_in": true,
        "starting_lineup": true
      },
      {
        "number": "2",
        "name": "Gabi Fernández",
        "substituted_in": true,
        "starting_lineup": true
      },
      {
        "number": "3",
        "name": "Álvaro Díez",
        "substituted_in": true,
        "starting_lineup": true
      },
      {
        "number": "15",
        "name": "Riki Fernández",
        "substituted_in": true,
        "starting_lineup": true
      },
      {
        "number": "14",
        "name": "Javier Turrado",
        "substituted_in": true,
        "starting_lineup": true
      },
      {
        "number": "6",
        "name": "David Sanz",
        "substituted_in": true,
        "starting_lineup": true
      },
      {
        "number": "7",
        "name": "Carlos Cagigas",
        "substituted_in": true,
        "starting_lineup": true
      },
      {
        "number": "10",
        "name": "Marcos Sáez",
        "substituted_in": true,
        "starting_lineup": true
      },
      {
        "number": "11",
        "name": "Chus Villar",
        "substituted_in": true,
        "starting_lineup": true
      },
      {
        "number": "9",
        "name": "Alejandro Cañizo",
        "substituted_in": true,
        "starting_lineup": true
      },
      {
        "number": "19",
        "name": "Alberto Montiel",
        "substituted_in": true,
        "starting_lineup": false
      },
      {
        "number": "21",
        "name": "Fernando Resines",
        "substituted_in": true,
        "starting_lineup": false
      },
      {
        "number": "8",
        "name": "Chili",
        "substituted_in": true,
        "starting_lineup": false
      },
      {
        "number": "18",
        "name": "Héctor Alonso",
        "substituted_in": true,
        "starting_lineup": false
      },
      {
        "number": "20",
        "name": "Dani Salas",
        "substituted_in": true,
        "starting_lineup": false
      }
    ],
    "away_players": [
      {
        "number": "13",
        "name": "Julen Agirrezabala",
        "substituted_in": true,
        "starting_lineup": true
      },
      {
        "number": "17",
        "name": "Yuri Berchiche",
        "substituted_in": true,
        "starting_lineup": true
      },
      {
        "number": "23",
        "name": "Peru Nolaskoain",
        "substituted_in": true,
        "starting_lineup": true
      },
      {
        "number": "19",
        "name": "Imanol García de Albéniz",
        "substituted_in": true,
        "starting_lineup": true
      },
      {
        "number": "24",
        "name": "Beñat Prados",
        "substituted_in": true,
        "starting_lineup": true
      },
      {
        "number": "30",
        "name": "Unai Gómez",
        "substituted_in": true,
        "starting_lineup": true
      },
      {
        "number": "22",
        "name": "Raúl García",
        "substituted_in": true,
        "starting_lineup": true
      },
      {
        "number": "10",
        "name": "Iker Muniain",
        "substituted_in": true,
        "starting_lineup": true
      },
      {
        "number": "7",
        "name": "Álex Berenguer",
        "substituted_in": true,
        "starting_lineup": true
      },
      {
        "number": "29",
        "name": "Adu Ares",
        "substituted_in": true,
        "starting_lineup": true
      },
      {
        "number": "20",
        "name": "Asier Villalibre",
        "substituted_in": true,
        "starting_lineup": true
      },
      {
        "number": "16",
        "name": "Iñigo Ruiz de Galarreta",
        "substituted_in": true,
        "starting_lineup": false
      },
      {
        "number": "31",
        "name": "Mikel Jauregizar",
        "substituted_in": true,
        "starting_lineup": false
      },
      {
        "number": "8",
        "name": "Oihan Sancet",
        "substituted_in": true,
        "starting_lineup": false
      },
      {
        "number": "11",
        "name": "Nico Williams",
        "substituted_in": true,
        "starting_lineup": false
      },
      {
        "number": "9",
        "name": "Iñaki Williams",
        "substituted_in": true,
        "starting_lineup": false
      }
    ]
  },
  {
    "url": "https://www.transfermarkt.pl/deportivo-alavés_athletic-bilbao/aufstellung/spielbericht/4113159",
    "match_id": "4113159",
    "date": "pt., 22.09.2023",
    "competition": "LALIGA",
    "matchday": "6. Kolejka",
    "home_team": "Deportivo Alavés",
    "away_team": "Athletic Bilbao",
    "home_players": [
      {
        "number": "1",
        "name": "Antonio Sivera",
        "substituted_in": true,
        "starting_lineup": true
      },
      {
        "number": "4",
        "name": "Aleksandar Sedlar",
        "substituted_in": true,
        "starting_lineup": true
      },
      {
        "number": "5",
        "name": "Abdel Abqar",
        "substituted_in": true,
        "starting_lineup": true
      },
      {
        "number": "3",
        "name": "Rubén Duarte",
        "substituted_in": true,
        "starting_lineup": true
      },
      {
        "number": "2",
        "name": "Andoni Gorosabel",
        "substituted_in": true,
        "starting_lineup": true
      },
      {
        "number": "23",
        "name": "Carlos Protesoni",
        "substituted_in": true,
        "starting_lineup": true
      },
      {
        "number": "6",
        "name": "Ander Guevara",
        "substituted_in": true,
        "starting_lineup": true
      },
      {
        "number": "10",
        "name": "Ianis Hagi",
        "substituted_in": true,
        "starting_lineup": true
      },
      {
        "number": "11",
        "name": "Luis Rioja",
        "substituted_in": true,
        "starting_lineup": true
      },
      {
        "number": "7",
        "name": "Álex Sola",
        "substituted_in": true,
        "starting_lineup": true
      },
      {
        "number": "15",
        "name": "Kike García",
        "substituted_in": true,
        "starting_lineup": true
      },
      {
        "number": "27",
        "name": "Javi López",
        "substituted_in": true,
        "starting_lineup": false
      },
      {
        "number": "18",
        "name": "Jon Guridi",
        "substituted_in": true,
        "starting_lineup": false
      },
      {
        "number": "21",
        "name": "Abde Rebbach",
        "substituted_in": true,
        "starting_lineup": false
      },
      {
        "number": "17",
        "name": "Xeber Alkain",
        "substituted_in": true,
        "starting_lineup": false
      },
      {
        "number": "32",
        "name": "Samu Aghehowa",
        "substituted_in": true,
        "starting_lineup": false
      }
    ],
    "away_players": [
      {
        "number": "1",
        "name": "Unai Simón",
        "substituted_in": true,
        "starting_lineup": true
      },
      {
        "number": "3",
        "name": "Dani Vivian",
        "substituted_in": true,
        "starting_lineup": true
      },
      {
        "number": "4",
        "name": "Aitor Paredes",
        "substituted_in": true,
        "starting_lineup": true
      },
      {
        "number": "17",
        "name": "Yuri Berchiche",
        "substituted_in": true,
        "starting_lineup": true
      },
      {
        "number": "18",
        "name": "Óscar de Marcos",
        "substituted_in": true,
        "starting_lineup": true
      },
      {
        "number": "6",
        "name": "Mikel Vesga",
        "substituted_in": true,
        "starting_lineup": true
      },
      {
        "number": "16",
        "name": "Iñigo Ruiz de Galarreta",
        "substituted_in": true,
        "starting_lineup": true
      },
      {
        "number": "8",
        "name": "Oihan Sancet",
        "substituted_in": true,
        "starting_lineup": true
      },
      {
        "number": "7",
        "name": "Álex Berenguer",
        "substituted_in": true,
        "starting_lineup": true
      },
      {
        "number": "9",
        "name": "Iñaki Williams",
        "substituted_in": true,
        "starting_lineup": true
      },
      {
        "number": "12",
        "name": "Gorka Guruzeta",
        "substituted_in": true,
        "starting_lineup": true
      },
      {
        "number": "5",
        "name": "Yeray Álvarez",
        "substituted_in": true,
        "starting_lineup": false
      },
      {
        "number": "15",
        "name": "Iñigo Lekue",
        "substituted_in": true,
        "starting_lineup": false
      },
      {
        "number": "14",
        "name": "Dani García",
        "substituted_in": true,
        "starting_lineup": false
      },
      {
        "number": "10",
        "name": "Iker Muniain",
        "substituted_in": true,
        "starting_lineup": false
      },
      {
        "number": "20",
        "name": "Asier Villalibre",
        "substituted_in": true,
        "starting_lineup": false
      }
    ]
  },
  {
    "url": "https://www.transfermarkt.pl/granada-cf_athletic-bilbao/aufstellung/spielbericht/4112882",
    "match_id": "4112882",
    "date": "niedz., 10.12.2023",
    "competition": "LALIGA",
    "matchday": "16. Kolejka",
    "home_team": "Granada CF",
    "away_team": "Athletic Bilbao",
    "home_players": [
      {
        "number": "13",
        "name": "André Ferreira",
        "substituted_in": true,
        "starting_lineup": true
      },
      {
        "number": "14",
        "name": "Ignasi Miquel",
        "substituted_in": true,
        "starting_lineup": true
      },
      {
        "number": "28",
        "name": "Raúl Torrente",
        "substituted_in": true,
        "starting_lineup": true
      },
      {
        "number": "15",
        "name": "Carlos Neva",
        "substituted_in": true,
        "starting_lineup": true
      },
      {
        "number": "12",
        "name": "Ricard Sánchez",
        "substituted_in": true,
        "starting_lineup": true
      },
      {
        "number": "23",
        "name": "Gerard Gumbau",
        "substituted_in": true,
        "starting_lineup": true
      },
      {
        "number": "20",
        "name": "Sergio Ruiz",
        "substituted_in": true,
        "starting_lineup": true
      },
      {
        "number": "24",
        "name": "Gonzalo Villar",
        "substituted_in": true,
        "starting_lineup": true
      },
      {
        "number": "26",
        "name": "Bryan Zaragoza",
        "substituted_in": true,
        "starting_lineup": true
      },
      {
        "number": "11",
        "name": "Myrto Uzuni",
        "substituted_in": true,
        "starting_lineup": true
      },
      {
        "number": "7",
        "name": "Lucas Boyé",
        "substituted_in": true,
        "starting_lineup": true
      },
      {
        "number": "18",
        "name": "Njegos Petrovic",
        "substituted_in": true,
        "starting_lineup": false
      },
      {
        "number": "9",
        "name": "José Callejón",
        "substituted_in": true,
        "starting_lineup": false
      },
      {
        "number": "10",
        "name": "Antonio Puertas",
        "substituted_in": true,
        "starting_lineup": false
      }
    ],
    "away_players": [
      {
        "number": "1",
        "name": "Unai Simón",
        "substituted_in": true,
        "starting_lineup": true
      },
      {
        "number": "3",
        "name": "Dani Vivian",
        "substituted_in": true,
        "starting_lineup": true
      },
      {
        "number": "4",
        "name": "Aitor Paredes",
        "substituted_in": true,
        "starting_lineup": true
      },
      {
        "number": "15",
        "name": "Iñigo Lekue",
        "substituted_in": true,
        "starting_lineup": true
      },
      {
        "number": "18",
        "name": "Óscar de Marcos",
        "substituted_in": true,
        "starting_lineup": true
      },
      {
        "number": "16",
        "name": "Iñigo Ruiz de Galarreta",
        "substituted_in": true,
        "starting_lineup": true
      },
      {
        "number": "24",
        "name": "Beñat Prados",
        "substituted_in": true,
        "starting_lineup": true
      },
      {
        "number": "8",
        "name": "Oihan Sancet",
        "substituted_in": true,
        "starting_lineup": true
      },
      {
        "number": "11",
        "name": "Nico Williams",
        "substituted_in": true,
        "starting_lineup": true
      },
      {
        "number": "9",
        "name": "Iñaki Williams",
        "substituted_in": true,
        "starting_lineup": true
      },
      {
        "number": "12",
        "name": "Gorka Guruzeta",
        "substituted_in": true,
        "starting_lineup": true
      },
      {
        "number": "17",
        "name": "Yuri Berchiche",
        "substituted_in": true,
        "starting_lineup": false
      },
      {
        "number": "23",
        "name": "Peru Nolaskoain",
        "substituted_in": true,
        "starting_lineup": false
      },
      {
        "number": "21",
        "name": "Ander Herrera",
        "substituted_in": true,
        "starting_lineup": false
      },
      {
        "number": "7",
        "name": "Álex Berenguer",
        "substituted_in": true,
        "starting_lineup": false
      },
      {
        "number": "20",
        "name": "Asier Villalibre",
        "substituted_in": true,
        "starting_lineup": false
      }
    ]
  },
  {
    "url": "https://www.transfermarkt.pl/getafe-cf_athletic-bilbao/aufstellung/spielbericht/4112947",
    "match_id": "4112947",
    "date": "pt., 03.05.2024",
    "competition": "LALIGA",
    "matchday": "34. Kolejka",
    "home_team": "Getafe CF",
    "away_team": "Athletic Bilbao",
    "home_players": [
      {
        "number": "13",
        "name": "David Soria",
        "substituted_in": true,
        "starting_lineup": true
      },
      {
        "number": "15",
        "name": "Omar Alderete",
        "substituted_in": true,
        "starting_lineup": true
      },
      {
        "number": "2",
        "name": "Dakonam Djené",
        "substituted_in": true,
        "starting_lineup": true
      },
      {
        "number": "16",
        "name": "Diego Rico",
        "substituted_in": true,
        "starting_lineup": true
      },
      {
        "number": "18",
        "name": "José Ángel Carmona",
        "substituted_in": true,
        "starting_lineup": true
      },
      {
        "number": "5",
        "name": "Luis Milla",
        "substituted_in": true,
        "starting_lineup": true
      },
      {
        "number": "20",
        "name": "Nemanja Maksimovic",
        "substituted_in": true,
        "starting_lineup": true
      },
      {
        "number": "24",
        "name": "Ilaix Moriba",
        "substituted_in": true,
        "starting_lineup": true
      },
      {
        "number": "9",
        "name": "Óscar Rodríguez",
        "substituted_in": true,
        "starting_lineup": true
      },
      {
        "number": "12",
        "name": "Mason Greenwood",
        "substituted_in": true,
        "starting_lineup": true
      },
      {
        "number": "7",
        "name": "Jaime Mata",
        "substituted_in": true,
        "starting_lineup": true
      },
      {
        "number": "3",
        "name": "Fabrizio Angileri",
        "substituted_in": true,
        "starting_lineup": false
      },
      {
        "number": "11",
        "name": "Carles Aleñá",
        "substituted_in": true,
        "starting_lineup": false
      },
      {
        "number": "38",
        "name": "Jeremy Jorge",
        "substituted_in": true,
        "starting_lineup": false
      },
      {
        "number": "14",
        "name": "Juanmi Latasa",
        "substituted_in": true,
        "starting_lineup": false
      }
    ],
    "away_players": [
      {
        "number": "1",
        "name": "Unai Simón",
        "substituted_in": true,
        "starting_lineup": true
      },
      {
        "number": "4",
        "name": "Aitor Paredes",
        "substituted_in": true,
        "starting_lineup": true
      },
      {
        "number": "5",
        "name": "Yeray Álvarez",
        "substituted_in": true,
        "starting_lineup": true
      },
      {
        "number": "15",
        "name": "Iñigo Lekue",
        "substituted_in": true,
        "starting_lineup": true
      },
      {
        "number": "18",
        "name": "Óscar de Marcos",
        "substituted_in": true,
        "starting_lineup": true
      },
      {
        "number": "21",
        "name": "Ander Herrera",
        "substituted_in": true,
        "starting_lineup": true
      },
      {
        "number": "24",
        "name": "Beñat Prados",
        "substituted_in": true,
        "starting_lineup": true
      },
      {
        "number": "30",
        "name": "Unai Gómez",
        "substituted_in": true,
        "starting_lineup": true
      },
      {
        "number": "11",
        "name": "Nico Williams",
        "substituted_in": true,
        "starting_lineup": true
      },
      {
        "number": "7",
        "name": "Álex Berenguer",
        "substituted_in": true,
        "starting_lineup": true
      },
      {
        "number": "9",
        "name": "Iñaki Williams",
        "substituted_in": true,
        "starting_lineup": true
      },
      {
        "number": "19",
        "name": "Imanol García de Albéniz",
        "substituted_in": true,
        "starting_lineup": false
      },
      {
        "number": "6",
        "name": "Mikel Vesga",
        "substituted_in": true,
        "starting_lineup": false
      },
      {
        "number": "14",
        "name": "Dani García",
        "substituted_in": true,
        "starting_lineup": false
      },
      {
        "number": "31",
        "name": "Mikel Jauregizar",
        "substituted_in": true,
        "starting_lineup": false
      },
      {
        "number": "22",
        "name": "Raúl García",
        "substituted_in": true,
        "starting_lineup": false
      }
    ]
  },
  {
    "url": "https://www.transfermarkt.pl/real-madryt_athletic-bilbao/aufstellung/spielbericht/4112981",
    "match_id": "4112981",
    "date": "niedz., 31.03.2024",
    "competition": "LALIGA",
    "matchday": "30. Kolejka",
    "home_team": "Real Madryt",
    "away_team": "Athletic Bilbao",
    "home_players": [
      {
        "number": "13",
        "name": "Andriy Lunin",
        "substituted_in": true,
        "starting_lineup": true
      },
      {
        "number": "6",
        "name": "Nacho Fernández",
        "substituted_in": true,
        "starting_lineup": true
      },
      {
        "number": "22",
        "name": "Antonio Rüdiger",
        "substituted_in": true,
        "starting_lineup": true
      },
      {
        "number": "23",
        "name": "Ferland Mendy",
        "substituted_in": true,
        "starting_lineup": true
      },
      {
        "number": "2",
        "name": "Daniel Carvajal",
        "substituted_in": true,
        "starting_lineup": true
      },
      {
        "number": "18",
        "name": "Aurélien Tchouaméni",
        "substituted_in": true,
        "starting_lineup": true
      },
      {
        "number": "8",
        "name": "Toni Kroos",
        "substituted_in": true,
        "starting_lineup": true
      },
      {
        "number": "15",
        "name": "Federico Valverde",
        "substituted_in": true,
        "starting_lineup": true
      },
      {
        "number": "5",
        "name": "Jude Bellingham",
        "substituted_in": true,
        "starting_lineup": true
      },
      {
        "number": "21",
        "name": "Brahim Díaz",
        "substituted_in": true,
        "starting_lineup": true
      },
      {
        "number": "11",
        "name": "Rodrygo",
        "substituted_in": true,
        "starting_lineup": true
      },
      {
        "number": "3",
        "name": "Éder Militão",
        "substituted_in": true,
        "starting_lineup": false
      },
      {
        "number": "17",
        "name": "Lucas Vázquez",
        "substituted_in": true,
        "starting_lineup": false
      },
      {
        "number": "12",
        "name": "Eduardo Camavinga",
        "substituted_in": true,
        "starting_lineup": false
      },
      {
        "number": "10",
        "name": "Luka Modrić",
        "substituted_in": true,
        "starting_lineup": false
      },
      {
        "number": "14",
        "name": "Joselu",
        "substituted_in": true,
        "starting_lineup": false
      }
    ],
    "away_players": [
      {
        "number": "13",
        "name": "Julen Agirrezabala",
        "substituted_in": true,
        "starting_lineup": true
      },
      {
        "number": "4",
        "name": "Aitor Paredes",
        "substituted_in": true,
        "starting_lineup": true
      },
      {
        "number": "5",
        "name": "Yeray Álvarez",
        "substituted_in": true,
        "starting_lineup": true
      },
      {
        "number": "15",
        "name": "Iñigo Lekue",
        "substituted_in": true,
        "starting_lineup": true
      },
      {
        "number": "18",
        "name": "Óscar de Marcos",
        "substituted_in": true,
        "starting_lineup": true
      },
      {
        "number": "6",
        "name": "Mikel Vesga",
        "substituted_in": true,
        "starting_lineup": true
      },
      {
        "number": "24",
        "name": "Beñat Prados",
        "substituted_in": true,
        "starting_lineup": true
      },
      {
        "number": "8",
        "name": "Oihan Sancet",
        "substituted_in": true,
        "starting_lineup": true
      },
      {
        "number": "7",
        "name": "Álex Berenguer",
        "substituted_in": true,
        "starting_lineup": true
      },
      {
        "number": "9",
        "name": "Iñaki Williams",
        "substituted_in": true,
        "starting_lineup": true
      },
      {
        "number": "12",
        "name": "Gorka Guruzeta",
        "substituted_in": true,
        "starting_lineup": true
      },
      {
        "number": "3",
        "name": "Dani Vivian",
        "substituted_in": true,
        "starting_lineup": false
      },
      {
        "number": "17",
        "name": "Yuri Berchiche",
        "substituted_in": true,
        "starting_lineup": false
      },
      {
        "number": "16",
        "name": "Iñigo Ruiz de Galarreta",
        "substituted_in": true,
        "starting_lineup": false
      },
      {
        "number": "10",
        "name": "Iker Muniain",
        "substituted_in": true,
        "starting_lineup": false
      },
      {
        "number": "23",
        "name": "Adu Ares",
        "substituted_in": true,
        "starting_lineup": false
      }
    ]
  }
]