[
  {
    "url": "https://www.transfermarkt.pl/villarreal-cf_athletic-bilbao/aufstellung/spielbericht/2899906",
    "match_id": "2899906",
    "date": "pon., 09.04.2018",
    "competition": "LALIGA",
    "matchday": "31. Kolejka",
    "home_team": "Villarreal CF",
    "away_team": "Athletic Bilbao",
    "home_players": [
      {
        "number": "1",
        "name": "Sergio Asenjo",
        "substituted_in": true,
        "starting_lineup": true
      },
      {
        "number": "3",
        "name": "Álvaro González",
        "substituted_in": true,
        "starting_lineup": true
      },
      {
        "number": "23",
        "name": "Daniele Bonera",
        "substituted_in": true,
        "starting_lineup": true
      },
      {
        "number": "11",
        "name": "Jaume Costa",
        "substituted_in": true,
        "starting_lineup": true
      },
      {
        "number": "22",
        "name": "Antonio Rukavina",
        "substituted_in": true,
        "starting_lineup": true
      },
      {
        "number": "16",
        "name": "Rodri",
        "substituted_in": true,
        "starting_lineup": true
      },
      {
        "number": "19",
        "name": "Javi Fuego",
        "substituted_in": true,
        "starting_lineup": true
      },
      {
        "number": "14",
        "name": "Manu Trigueros",
        "substituted_in": true,
        "starting_lineup": true
      },
      {
        "number": "8",
        "name": "Pablo Fornals",
        "substituted_in": true,
        "starting_lineup": true
      },
      {
        "number": "9",
        "name": "Carlos Bacca",
        "substituted_in": true,
        "starting_lineup": true
      },
      {
        "number": "15",
        "name": "Enes Ünal",
        "substituted_in": true,
        "starting_lineup": true
      },
      {
        "number": "30",
        "name": "Pau Torres",
        "substituted_in": true,
        "starting_lineup": false
      },
      {
        "number": "20",
        "name": "Roberto Soriano",
        "substituted_in": true,
        "starting_lineup": false
      },
      {
        "number": "7",
        "name": "Denis Cheryshev",
        "substituted_in": true,
        "starting_lineup": false
      }
    ],
    "away_players": [
      {
        "number": "1",
        "name": "Kepa Arrizabalaga",
        "substituted_in": true,
        "starting_lineup": true
      },
      {
        "number": "4",
        "name": "Iñigo Martínez",
        "substituted_in": true,
        "starting_lineup": true
      },
      {
        "number": "12",
        "name": "Unai Núñez",
        "substituted_in": true,
        "starting_lineup": true
      },
      {
        "number": "24",
        "name": "Mikel Balenziaga",
        "substituted_in": true,
        "starting_lineup": true
      },
      {
        "number": "18",
        "name": "Óscar de Marcos",
        "substituted_in": true,
        "starting_lineup": true
      },
      {
        "number": "6",
        "name": "Mikel San José",
        "substituted_in": true,
        "starting_lineup": true
      },
      {
        "number": "8",
        "name": "Ander Iturraspe",
        "substituted_in": true,
        "starting_lineup": true
      },
      {
        "number": "22",
        "name": "Raúl García",
        "substituted_in": true,
        "starting_lineup": true
      },
      {
        "number": "28",
        "name": "Iñigo Córdoba",
        "substituted_in": true,
        "starting_lineup": true
      },
      {
        "number": "14",
        "name": "Markel Susaeta",
        "substituted_in": true,
        "starting_lineup": true
      },
      {
        "number": "11",
        "name": "Iñaki Williams",
        "substituted_in": true,
        "starting_lineup": true
      },
      {
        "number": "15",
        "name": "Iñigo Lekue",
        "substituted_in": true,
        "starting_lineup": false
      },
      {
        "number": "17",
        "name": "Mikel Rico",
        "substituted_in": true,
        "starting_lineup": false
      },
      {
        "number": "10",
        "name": "Iker Muniain",
        "substituted_in": true,
        "starting_lineup": false
      }
    ]
  },
  {
    "url": "https://www.transfermarkt.pl/athletic-bilbao_fc-dinamo-1948/aufstellung/spielbericht/2887623",
    "match_id": "2887623",
    "date": "czw., 03.08.2017",
    "competition": "Unknown",
    "matchday": "Unknown",
    "home_team": "Athletic Bilbao",
    "away_team": "FC Dinamo 1948",
    "home_players": [
      {
        "number": "13",
        "name": "Iago Herrerín",
        "substituted_in": true,
        "starting_lineup": true
      },
      {
        "number": "4",
        "name": "Aymeric Laporte",
        "substituted_in": true,
        "starting_lineup": true
      },
      {
        "number": "16",
        "name": "Xabi Etxeita",
        "substituted_in": true,
        "starting_lineup": true
      },
      {
        "number": "24",
        "name": "Mikel Balenziaga",
        "substituted_in": true,
        "starting_lineup": true
      },
      {
        "number": "18",
        "name": "Óscar de Marcos",
        "substituted_in": true,
        "starting_lineup": true
      },
      {
        "number": "21",
        "name": "Mikel Vesga",
        "substituted_in": true,
        "starting_lineup": true
      },
      {
        "number": "7",
        "name": "Beñat Etxebarria",
        "substituted_in": true,
        "starting_lineup": true
      },
      {
        "number": "22",
        "name": "Raúl García",
        "substituted_in": true,
        "starting_lineup": true
      },
      {
        "number": "10",
        "name": "Iker Muniain",
        "substituted_in": true,
        "starting_lineup": true
      },
      {
        "number": "14",
        "name": "Markel Susaeta",
        "substituted_in": true,
        "starting_lineup": true
      },
      {
        "number": "20",
        "name": "Aritz Aduriz",
        "substituted_in": true,
        "starting_lineup": true
      },
      {
        "number": "6",
        "name": "Mikel San José",
        "substituted_in": true,
        "starting_lineup": false
      },
      {
        "number": "23",
        "name": "Ager Aketxe",
        "substituted_in": true,
        "starting_lineup": false
      },
      {
        "number": "11",
        "name": "Iñaki Williams",
        "substituted_in": true,
        "starting_lineup": false
      }
    ],
    "away_players": [
      {
        "number": "26",
        "name": "Jaime Penedo",
        "substituted_in": true,
        "starting_lineup": true
      },
      {
        "number": "3",
        "name": "Georgios Katsikas",
        "substituted_in": true,
        "starting_lineup": true
      },
      {
        "number": "5",
        "name": "Ionuț Nedelcearu",
        "substituted_in": true,
        "starting_lineup": true
      },
      {
        "number": "7",
        "name": "Steliano Filip",
        "substituted_in": true,
        "starting_lineup": true
      },
      {
        "number": "29",
        "name": "José Romera",
        "substituted_in": true,
        "starting_lineup": true
      },
      {
        "number": "24",
        "name": "Filipe Nascimento",
        "substituted_in": true,
        "starting_lineup": true
      },
      {
        "number": "18",
        "name": "May Mahlangu",
        "substituted_in": true,
        "starting_lineup": true
      },
      {
        "number": "20",
        "name": "Diogo Salomão",
        "substituted_in": true,
        "starting_lineup": true
      },
      {
        "number": "4",
        "name": "Sergiu Hanca",
        "substituted_in": true,
        "starting_lineup": true
      },
      {
        "number": "9",
        "name": "Rivaldinho",
        "substituted_in": true,
        "starting_lineup": true
      },
      {
        "number": "17",
        "name": "Adam Nemec",
        "substituted_in": true,
        "starting_lineup": true
      },
      {
        "number": "15",
        "name": "Paul Anton",
        "substituted_in": true,
        "starting_lineup": false
      },
      {
        "number": "10",
        "name": "Juan Albín",
        "substituted_in": true,
        "starting_lineup": false
      },
      {
        "number": "19",
        "name": "Valentin Costache",
        "substituted_in": true,
        "starting_lineup": false
      }
    ]
  },
  {
    "url": "https://www.transfermarkt.pl/athletic-bilbao_ud-las-palmas/aufstellung/spielbericht/2899787",
    "match_id": "2899787",
    "date": "pt., 09.02.2018",
    "competition": "LALIGA",
    "matchday": "23. Kolejka",
    "home_team": "Athletic Bilbao",
    "away_team": "UD Las Palmas",
    "home_players": [
      {
        "number": "1",
        "name": "Kepa Arrizabalaga",
        "substituted_in": true,
        "starting_lineup": true
      },
      {
        "number": "4",
        "name": "Iñigo Martínez",
        "substituted_in": true,
        "starting_lineup": true
      },
      {
        "number": "5",
        "name": "Yeray Álvarez",
        "substituted_in": true,
        "starting_lineup": true
      },
      {
        "number": "3",
        "name": "Enric Saborit",
        "substituted_in": true,
        "starting_lineup": true
      },
      {
        "number": "18",
        "name": "Óscar de Marcos",
        "substituted_in": true,
        "starting_lineup": true
      },
      {
        "number": "8",
        "name": "Ander Iturraspe",
        "substituted_in": true,
        "starting_lineup": true
      },
      {
        "number": "17",
        "name": "Mikel Rico",
        "substituted_in": true,
        "starting_lineup": true
      },
      {
        "number": "22",
        "name": "Raúl García",
        "substituted_in": true,
        "starting_lineup": true
      },
      {
        "number": "14",
        "name": "Markel Susaeta",
        "substituted_in": true,
        "starting_lineup": true
      },
      {
        "number": "11",
        "name": "Iñaki Williams",
        "substituted_in": true,
        "starting_lineup": true
      },
      {
        "number": "20",
        "name": "Aritz Aduriz",
        "substituted_in": true,
        "starting_lineup": true
      },
      {
        "number": "15",
        "name": "Iñigo Lekue",
        "substituted_in": true,
        "starting_lineup": false
      },
      {
        "number": "7",
        "name": "Beñat Etxebarria",
        "substituted_in": true,
        "starting_lineup": false
      },
      {
        "number": "28",
        "name": "Iñigo Córdoba",
        "substituted_in": true,
        "starting_lineup": false
      }
    ],
    "away_players": [
      {
        "number": "13",
        "name": "Leandro Chichizola",
        "substituted_in": true,
        "starting_lineup": true
      },
      {
        "number": "20",
        "name": "Alejandro Gálvez",
        "substituted_in": true,
        "starting_lineup": true
      },
      {
        "number": "22",
        "name": "Ximo Navarro",
        "substituted_in": true,
        "starting_lineup": true
      },
      {
        "number": "3",
        "name": "Matías Aguirregaray",
        "substituted_in": true,
        "starting_lineup": true
      },
      {
        "number": "12",
        "name": "Michel Macedo",
        "substituted_in": true,
        "starting_lineup": true
      },
      {
        "number": "6",
        "name": "Peter Etebo",
        "substituted_in": true,
        "starting_lineup": true
      },
      {
        "number": "7",
        "name": "Gabriel Peñalba",
        "substituted_in": true,
        "starting_lineup": true
      },
      {
        "number": "21",
        "name": "Jonathan Viera",
        "substituted_in": true,
        "starting_lineup": true
      },
      {
        "number": "15",
        "name": "Nacho Gil",
        "substituted_in": true,
        "starting_lineup": true
      },
      {
        "number": "19",
        "name": "Hernán Toledo",
        "substituted_in": true,
        "starting_lineup": true
      },
      {
        "number": "9",
        "name": "Jonathan Calleri",
        "substituted_in": true,
        "starting_lineup": true
      },
      {
        "number": "17",
        "name": "Pedro Bigas",
        "substituted_in": true,
        "starting_lineup": false
      },
      {
        "number": "25",
        "name": "Alberto Aquilani",
        "substituted_in": true,
        "starting_lineup": false
      },
      {
        "number": "24",
        "name": "Tana",
        "substituted_in": true,
        "starting_lineup": false
      }
    ]
  },
  {
    "url": "https://www.transfermarkt.pl/panathinaikos-fc_athletic-bilbao/aufstellung/spielbericht/2904768",
    "match_id": "2904768",
    "date": "czw., 17.08.2017",
    "competition": "Unknown",
    "matchday": "Unknown",
    "home_team": "Panathinaikos FC",
    "away_team": "Athletic Bilbao",
    "home_players": [
      {
        "number": "99",
        "name": "Odysseas Vlachodimos",
        "substituted_in": true,
        "starting_lineup": true
      },
      {
        "number": "4",
        "name": "Georgios Koutroumpis",
        "substituted_in": true,
        "starting_lineup": true
      },
      {
        "number": "31",
        "name": "Rodrigo Moledo",
        "substituted_in": true,
        "starting_lineup": true
      },
      {
        "number": "23",
        "name": "Niklas Hult",
        "substituted_in": true,
        "starting_lineup": true
      },
      {
        "number": "5",
        "name": "Nuno Reis",
        "substituted_in": true,
        "starting_lineup": true
      },
      {
        "number": "21",
        "name": "Dimitrios Kourbelis",
        "substituted_in": true,
        "starting_lineup": true
      },
      {
        "number": "10",
        "name": "Zeca",
        "substituted_in": true,
        "starting_lineup": true
      },
      {
        "number": "17",
        "name": "Robin Lod",
        "substituted_in": true,
        "starting_lineup": true
      },
      {
        "number": "11",
        "name": "Bryan Cabezas",
        "substituted_in": true,
        "starting_lineup": true
      },
      {
        "number": "7",
        "name": "Omri Altman",
        "substituted_in": true,
        "starting_lineup": true
      },
      {
        "number": "8",
        "name": "Guillermo Molins",
        "substituted_in": true,
        "starting_lineup": true
      },
      {
        "number": "6",
        "name": "Christos Donis",
        "substituted_in": true,
        "starting_lineup": false
      },
      {
        "number": "39",
        "name": "Anastasios Chatzigiovanis",
        "substituted_in": true,
        "starting_lineup": false
      },
      {
        "number": "18",
        "name": "Luciano",
        "substituted_in": true,
        "starting_lineup": false
      }
    ],
    "away_players": [
      {
        "number": "13",
        "name": "Iago Herrerín",
        "substituted_in": true,
        "starting_lineup": true
      },
      {
        "number": "4",
        "name": "Aymeric Laporte",
        "substituted_in": true,
        "starting_lineup": true
      },
      {
        "number": "16",
        "name": "Xabi Etxeita",
        "substituted_in": true,
        "starting_lineup": true
      },
      {
        "number": "24",
        "name": "Mikel Balenziaga",
        "substituted_in": true,
        "starting_lineup": true
      },
      {
        "number": "18",
        "name": "Óscar de Marcos",
        "substituted_in": true,
        "starting_lineup": true
      },
      {
        "number": "21",
        "name": "Mikel Vesga",
        "substituted_in": true,
        "starting_lineup": true
      },
      {
        "number": "7",
        "name": "Beñat Etxebarria",
        "substituted_in": true,
        "starting_lineup": true
      },
      {
        "number": "15",
        "name": "Iñigo Lekue",
        "substituted_in": true,
        "starting_lineup": true
      },
      {
        "number": "22",
        "name": "Raúl García",
        "substituted_in": true,
        "starting_lineup": true
      },
      {
        "number": "10",
        "name": "Iker Muniain",
        "substituted_in": true,
        "starting_lineup": true
      },
      {
        "number": "20",
        "name": "Aritz Aduriz",
        "substituted_in": true,
        "starting_lineup": true
      },
      {
        "number": "6",
        "name": "Mikel San José",
        "substituted_in": true,
        "starting_lineup": false
      },
      {
        "number": "11",
        "name": "Iñaki Williams",
        "substituted_in": true,
        "starting_lineup": false
      },
      {
        "number": "14",
        "name": "Markel Susaeta",
        "substituted_in": true,
        "starting_lineup": false
      }
    ]
  },
  {
    "url": "https://www.transfermarkt.pl/athletic-bilbao_panathinaikos-fc/aufstellung/spielbericht/2905735",
    "match_id": "2905735",
    "date": "czw., 24.08.2017",
    "competition": "Unknown",
    "matchday": "Unknown",
    "home_team": "Athletic Bilbao",
    "away_team": "Panathinaikos FC",
    "home_players": [
      {
        "number": "13",
        "name": "Iago Herrerín",
        "substituted_in": true,
        "starting_lineup": true
      },
      {
        "number": "4",
        "name": "Aymeric Laporte",
        "substituted_in": true,
        "starting_lineup": true
      },
      {
        "number": "16",
        "name": "Xabi Etxeita",
        "substituted_in": true,
        "starting_lineup": true
      },
      {
        "number": "24",
        "name": "Mikel Balenziaga",
        "substituted_in": true,
        "starting_lineup": true
      },
      {
        "number": "15",
        "name": "Iñigo Lekue",
        "substituted_in": true,
        "starting_lineup": true
      },
      {
        "number": "6",
        "name": "Mikel San José",
        "substituted_in": true,
        "starting_lineup": true
      },
      {
        "number": "7",
        "name": "Beñat Etxebarria",
        "substituted_in": true,
        "starting_lineup": true
      },
      {
        "number": "10",
        "name": "Iker Muniain",
        "substituted_in": true,
        "starting_lineup": true
      },
      {
        "number": "28",
        "name": "Iñigo Córdoba",
        "substituted_in": true,
        "starting_lineup": true
      },
      {
        "number": "14",
        "name": "Markel Susaeta",
        "substituted_in": true,
        "starting_lineup": true
      },
      {
        "number": "20",
        "name": "Aritz Aduriz",
        "substituted_in": true,
        "starting_lineup": true
      },
      {
        "number": "17",
        "name": "Mikel Rico",
        "substituted_in": true,
        "starting_lineup": false
      },
      {
        "number": "23",
        "name": "Ager Aketxe",
        "substituted_in": true,
        "starting_lineup": false
      },
      {
        "number": "11",
        "name": "Iñaki Williams",
        "substituted_in": true,
        "starting_lineup": false
      }
    ],
    "away_players": [
      {
        "number": "99",
        "name": "Odysseas Vlachodimos",
        "substituted_in": true,
        "starting_lineup": true
      },
      {
        "number": "4",
        "name": "Georgios Koutroumpis",
        "substituted_in": true,
        "starting_lineup": true
      },
      {
        "number": "26",
        "name": "Dimitrios Kolovetsios",
        "substituted_in": true,
        "starting_lineup": true
      },
      {
        "number": "23",
        "name": "Niklas Hult",
        "substituted_in": true,
        "starting_lineup": true
      },
      {
        "number": "2",
        "name": "Mattias Johansson",
        "substituted_in": true,
        "starting_lineup": true
      },
      {
        "number": "21",
        "name": "Dimitrios Kourbelis",
        "substituted_in": true,
        "starting_lineup": true
      },
      {
        "number": "10",
        "name": "Zeca",
        "substituted_in": true,
        "starting_lineup": true
      },
      {
        "number": "17",
        "name": "Robin Lod",
        "substituted_in": true,
        "starting_lineup": true
      },
      {
        "number": "11",
        "name": "Bryan Cabezas",
        "substituted_in": true,
        "starting_lineup": true
      },
      {
        "number": "18",
        "name": "Luciano",
        "substituted_in": true,
        "starting_lineup": true
      },
      {
        "number": "9",
        "name": "Andrés Chávez",
        "substituted_in": true,
        "starting_lineup": true
      },
      {
        "number": "6",
        "name": "Christos Donis",
        "substituted_in": true,
        "starting_lineup": false
      },
      {
        "number": "7",
        "name": "Omri Altman",
        "substituted_in": true,
        "starting_lineup": false
      },
      {
        "number": "8",
        "name": "Guillermo Molins",
        "substituted_in": true,
        "starting_lineup": false
      }
    ]
  },
  {
    "url": "https://www.transfermarkt.pl/athletic-bilbao_östersunds-fk/aufstellung/spielbericht/2919874",
    "match_id": "2919874",
    "date": "czw., 02.11.2017",
    "competition": "Unknown",
    "matchday": "Unknown",
    "home_team": "Athletic Bilbao",
    "away_team": "Östersunds FK",
    "home_players": [
      {
        "number": "13",
        "name": "Iago Herrerín",
        "substituted_in": true,
        "starting_lineup": true
      },
      {
        "number": "4",
        "name": "Aymeric Laporte",
        "substituted_in": true,
        "starting_lineup": true
      },
      {
        "number": "30",
        "name": "Unai Núñez",
        "substituted_in": true,
        "starting_lineup": true
      },
      {
        "number": "24",
        "name": "Mikel Balenziaga",
        "substituted_in": true,
        "starting_lineup": true
      },
      {
        "number": "15",
        "name": "Iñigo Lekue",
        "substituted_in": true,
        "starting_lineup": true
      },
      {
        "number": "6",
        "name": "Mikel San José",
        "substituted_in": true,
        "starting_lineup": true
      },
      {
        "number": "8",
        "name": "Ander Iturraspe",
        "substituted_in": true,
        "starting_lineup": true
      },
      {
        "number": "22",
        "name": "Raúl García",
        "substituted_in": true,
        "starting_lineup": true
      },
      {
        "number": "28",
        "name": "Iñigo Córdoba",
        "substituted_in": true,
        "starting_lineup": true
      },
      {
        "number": "11",
        "name": "Iñaki Williams",
        "substituted_in": true,
        "starting_lineup": true
      },
      {
        "number": "20",
        "name": "Aritz Aduriz",
        "substituted_in": true,
        "starting_lineup": true
      },
      {
        "number": "17",
        "name": "Mikel Rico",
        "substituted_in": true,
        "starting_lineup": false
      },
      {
        "number": "23",
        "name": "Ager Aketxe",
        "substituted_in": true,
        "starting_lineup": false
      },
      {
        "number": "14",
        "name": "Markel Susaeta",
        "substituted_in": true,
        "starting_lineup": false
      }
    ],
    "away_players": [
      {
        "number": "1",
        "name": "Aly Keita",
        "substituted_in": true,
        "starting_lineup": true
      },
      {
        "number": "24",
        "name": "Ronald Mukiibi",
        "substituted_in": true,
        "starting_lineup": true
      },
      {
        "number": "2",
        "name": "Tom Pettersson",
        "substituted_in": true,
        "starting_lineup": true
      },
      {
        "number": "4",
        "name": "Sotirios Papagiannopoulos",
        "substituted_in": true,
        "starting_lineup": true
      },
      {
        "number": "21",
        "name": "Fouad Bachirou",
        "substituted_in": true,
        "starting_lineup": true
      },
      {
        "number": "22",
        "name": "Brwa Nouri",
        "substituted_in": true,
        "starting_lineup": true
      },
      {
        "number": "17",
        "name": "Curtis Edwards",
        "substituted_in": true,
        "starting_lineup": true
      },
      {
        "number": "19",
        "name": "Dennis Widgren",
        "substituted_in": true,
        "starting_lineup": true
      },
      {
        "number": "12",
        "name": "Ken Sema",
        "substituted_in": true,
        "starting_lineup": true
      },
      {
        "number": "93",
        "name": "Saman Ghoddos",
        "substituted_in": true,
        "starting_lineup": true
      },
      {
        "number": "9",
        "name": "Alhaji Gero",
        "substituted_in": true,
        "starting_lineup": true
      },
      {
        "number": "20",
        "name": "Gabriel Somi",
        "substituted_in": true,
        "starting_lineup": false
      },
      {
        "number": "8",
        "name": "Jamie Hopcutt",
        "substituted_in": true,
        "starting_lineup": false
      },
      {
        "number": "10",
        "name": "Hosam Aiesh",
        "substituted_in": true,
        "starting_lineup": false
      }
    ]
  },
  {
    "url": "https://www.transfermarkt.pl/fc-dinamo-1948_athletic-bilbao/aufstellung/spielbericht/2887587",
    "match_id": "2887587",
    "date": "czw., 27.07.2017",
    "competition": "Unknown",
    "matchday": "Unknown",
    "home_team": "FC Dinamo 1948",
    "away_team": "Athletic Bilbao",
    "home_players": [
      {
        "number": "26",
        "name": "Jaime Penedo",
        "substituted_in": true,
        "starting_lineup": true
      },
      {
        "number": "3",
        "name": "Georgios Katsikas",
        "substituted_in": true,
        "starting_lineup": true
      },
      {
        "number": "5",
        "name": "Ionuț Nedelcearu",
        "substituted_in": true,
        "starting_lineup": true
      },
      {
        "number": "7",
        "name": "Steliano Filip",
        "substituted_in": true,
        "starting_lineup": true
      },
      {
        "number": "29",
        "name": "José Romera",
        "substituted_in": true,
        "starting_lineup": true
      },
      {
        "number": "6",
        "name": "Azer Busuladzic",
        "substituted_in": true,
        "starting_lineup": true
      },
      {
        "number": "24",
        "name": "Filipe Nascimento",
        "substituted_in": true,
        "starting_lineup": true
      },
      {
        "number": "18",
        "name": "May Mahlangu",
        "substituted_in": true,
        "starting_lineup": true
      },
      {
        "number": "20",
        "name": "Diogo Salomão",
        "substituted_in": true,
        "starting_lineup": true
      },
      {
        "number": "4",
        "name": "Sergiu Hanca",
        "substituted_in": true,
        "starting_lineup": true
      },
      {
        "number": "17",
        "name": "Adam Nemec",
        "substituted_in": true,
        "starting_lineup": true
      },
      {
        "number": "15",
        "name": "Paul Anton",
        "substituted_in": true,
        "starting_lineup": false
      },
      {
        "number": "10",
        "name": "Juan Albín",
        "substituted_in": true,
        "starting_lineup": false
      },
      {
        "number": "9",
        "name": "Rivaldinho",
        "substituted_in": true,
        "starting_lineup": false
      }
    ],
    "away_players": [
      {
        "number": "13",
        "name": "Iago Herrerín",
        "substituted_in": true,
        "starting_lineup": true
      },
      {
        "number": "4",
        "name": "Aymeric Laporte",
        "substituted_in": true,
        "starting_lineup": true
      },
      {
        "number": "16",
        "name": "Xabi Etxeita",
        "substituted_in": true,
        "starting_lineup": true
      },
      {
        "number": "24",
        "name": "Mikel Balenziaga",
        "substituted_in": true,
        "starting_lineup": true
      },
      {
        "number": "18",
        "name": "Óscar de Marcos",
        "substituted_in": true,
        "starting_lineup": true
      },
      {
        "number": "21",
        "name": "Mikel Vesga",
        "substituted_in": true,
        "starting_lineup": true
      },
      {
        "number": "7",
        "name": "Beñat Etxebarria",
        "substituted_in": true,
        "starting_lineup": true
      },
      {
        "number": "22",
        "name": "Raúl García",
        "substituted_in": true,
        "starting_lineup": true
      },
      {
        "number": "10",
        "name": "Iker Muniain",
        "substituted_in": true,
        "starting_lineup": true
      },
      {
        "number": "14",
        "name": "Markel Susaeta",
        "substituted_in": true,
        "starting_lineup": true
      },
      {
        "number": "20",
        "name": "Aritz Aduriz",
        "substituted_in": true,
        "starting_lineup": true
      },
      {
        "number": "15",
        "name": "Iñigo Lekue",
        "substituted_in": true,
        "starting_lineup": false
      },
      {
        "number": "17",
        "name": "Mikel Rico",
        "substituted_in": true,
        "starting_lineup": false
      },
      {
        "number": "19",
        "name": "Sabin Merino",
        "substituted_in": true,
        "starting_lineup": false
      }
    ]
  },
  {
    "url": "https://www.transfermarkt.pl/cd-leganés_athletic-bilbao/aufstellung/spielbericht/2899636",
    "match_id": "2899636",
    "date": "niedz., 22.10.2017",
    "competition": "LALIGA",
    "matchday": "9. Kolejka",
    "home_team": "CD Leganés",
    "away_team": "Athletic Bilbao",
    "home_players": [
      {
        "number": "1",
        "name": "Iván Cuéllar",
        "substituted_in": true,
        "starting_lineup": true
      },
      {
        "number": "22",
        "name": "Dimitrios Siovas",
        "substituted_in": true,
        "starting_lineup": true
      },
      {
        "number": "16",
        "name": "Mauro dos Santos",
        "substituted_in": true,
        "starting_lineup": true
      },
      {
        "number": "14",
        "name": "Raúl Carnero",
        "substituted_in": true,
        "starting_lineup": true
      },
      {
        "number": "20",
        "name": "Joseba Zaldua",
        "substituted_in": true,
        "starting_lineup": true
      },
      {
        "number": "21",
        "name": "Rubén Pérez",
        "substituted_in": true,
        "starting_lineup": true
      },
      {
        "number": "8",
        "name": "Gabriel Pires",
        "substituted_in": true,
        "starting_lineup": true
      },
      {
        "number": "17",
        "name": "Javi Eraso",
        "substituted_in": true,
        "starting_lineup": true
      },
      {
        "number": "10",
        "name": "Nabil El Zhar",
        "substituted_in": true,
        "starting_lineup": true
      },
      {
        "number": "25",
        "name": "Nordin Amrabat",
        "substituted_in": true,
        "starting_lineup": true
      },
      {
        "number": "12",
        "name": "Claudio Beauvue",
        "substituted_in": true,
        "starting_lineup": true
      },
      {
        "number": "24",
        "name": "Darko Brasanac",
        "substituted_in": true,
        "starting_lineup": false
      },
      {
        "number": "18",
        "name": "José Naranjo",
        "substituted_in": true,
        "starting_lineup": false
      }
    ],
    "away_players": [
      {
        "number": "1",
        "name": "Kepa Arrizabalaga",
        "substituted_in": true,
        "starting_lineup": true
      },
      {
        "number": "4",
        "name": "Aymeric Laporte",
        "substituted_in": true,
        "starting_lineup": true
      },
      {
        "number": "30",
        "name": "Unai Núñez",
        "substituted_in": true,
        "starting_lineup": true
      },
      {
        "number": "3",
        "name": "Enric Saborit",
        "substituted_in": true,
        "starting_lineup": true
      },
      {
        "number": "2",
        "name": "Eneko Bóveda",
        "substituted_in": true,
        "starting_lineup": true
      },
      {
        "number": "21",
        "name": "Mikel Vesga",
        "substituted_in": true,
        "starting_lineup": true
      },
      {
        "number": "6",
        "name": "Mikel San José",
        "substituted_in": true,
        "starting_lineup": true
      },
      {
        "number": "22",
        "name": "Raúl García",
        "substituted_in": true,
        "starting_lineup": true
      },
      {
        "number": "28",
        "name": "Iñigo Córdoba",
        "substituted_in": true,
        "starting_lineup": true
      },
      {
        "number": "11",
        "name": "Iñaki Williams",
        "substituted_in": true,
        "starting_lineup": true
      },
      {
        "number": "20",
        "name": "Aritz Aduriz",
        "substituted_in": true,
        "starting_lineup": true
      },
      {
        "number": "8",
        "name": "Ander Iturraspe",
        "substituted_in": true,
        "starting_lineup": false
      },
      {
        "number": "7",
        "name": "Beñat Etxebarria",
        "substituted_in": true,
        "starting_lineup": false
      },
      {
        "number": "14",
        "name": "Markel Susaeta",
        "substituted_in": true,
        "starting_lineup": false
      }
    ]
  },
  {
    "url": "https://www.transfermarkt.pl/athletic-bilbao_levante-ud/aufstellung/spielbericht/2899890",
    "match_id": "2899890",
    "date": "pon., 23.04.2018",
    "competition": "LALIGA",
    "matchday": "34. Kolejka",
    "home_team": "Athletic Bilbao",
    "away_team": "Levante UD",
    "home_players": [
      {
        "number": "1",
        "name": "Kepa Arrizabalaga",
        "substituted_in": true,
        "starting_lineup": true
      },
      {
        "number": "4",
        "name": "Iñigo Martínez",
        "substituted_in": true,
        "starting_lineup": true
      },
      {
        "number": "12",
        "name": "Unai Núñez",
        "substituted_in": true,
        "starting_lineup": true
      },
      {
        "number": "24",
        "name": "Mikel Balenziaga",
        "substituted_in": true,
        "starting_lineup": true
      },
      {
        "number": "18",
        "name": "Óscar de Marcos",
        "substituted_in": true,
        "starting_lineup": true
      },
      {
        "number": "6",
        "name": "Mikel San José",
        "substituted_in": true,
        "starting_lineup": true
      },
      {
        "number": "8",
        "name": "Ander Iturraspe",
        "substituted_in": true,
        "starting_lineup": true
      },
      {
        "number": "22",
        "name": "Raúl García",
        "substituted_in": true,
        "starting_lineup": true
      },
      {
        "number": "28",
        "name": "Iñigo Córdoba",
        "substituted_in": true,
        "starting_lineup": true
      },
      {
        "number": "14",
        "name": "Markel Susaeta",
        "substituted_in": true,
        "starting_lineup": true
      },
      {
        "number": "11",
        "name": "Iñaki Williams",
        "substituted_in": true,
        "starting_lineup": true
      },
      {
        "number": "17",
        "name": "Mikel Rico",
        "substituted_in": true,
        "starting_lineup": false
      },
      {
        "number": "10",
        "name": "Iker Muniain",
        "substituted_in": true,
        "starting_lineup": false
      },
      {
        "number": "19",
        "name": "Sabin Merino",
        "substituted_in": true,
        "starting_lineup": false
      }
    ],
    "away_players": [
      {
        "number": "13",
        "name": "Oier Olazábal",
        "substituted_in": true,
        "starting_lineup": true
      },
      {
        "number": "6",
        "name": "Chema Rodríguez",
        "substituted_in": true,
        "starting_lineup": true
      },
      {
        "number": "15",
        "name": "Sergio Postigo",
        "substituted_in": true,
        "starting_lineup": true
      },
      {
        "number": "22",
        "name": "Antonio Luna",
        "substituted_in": true,
        "starting_lineup": true
      },
      {
        "number": "19",
        "name": "Pedro López",
        "substituted_in": true,
        "starting_lineup": true
      },
      {
        "number": "8",
        "name": "Jefferson Lerma",
        "substituted_in": true,
        "starting_lineup": true
      },
      {
        "number": "24",
        "name": "José Campaña",
        "substituted_in": true,
        "starting_lineup": true
      },
      {
        "number": "12",
        "name": "Coke",
        "substituted_in": true,
        "starting_lineup": true
      },
      {
        "number": "10",
        "name": "Enis Bardhi",
        "substituted_in": true,
        "starting_lineup": true
      },
      {
        "number": "11",
        "name": "José Luis Morales",
        "substituted_in": true,
        "starting_lineup": true
      },
      {
        "number": "21",
        "name": "Emmanuel Boateng",
        "substituted_in": true,
        "starting_lineup": true
      },
      {
        "number": "20",
        "name": "Saša Lukić",
        "substituted_in": true,
        "starting_lineup": false
      },
      {
        "number": "23",
        "name": "Jason Remeseiro",
        "substituted_in": true,
        "starting_lineup": false
      },
      {
        "number": "9",
        "name": "Roger Martí",
        "substituted_in": true,
        "starting_lineup": false
      }
    ]
  },
  {
    "url": "https://www.transfermarkt.pl/hertha-bsc_athletic-bilbao/aufstellung/spielbericht/2919794",
    "match_id": "2919794",
    "date": "czw., 14.09.2017",
    "competition": "Unknown",
    "matchday": "Unknown",
    "home_team": "Hertha BSC",
    "away_team": "Athletic Bilbao",
    "home_players": [
      {
        "number": "1",
        "name": "Thomas Kraft",
        "substituted_in": true,
        "starting_lineup": true
      },
      {
        "number": "4",
        "name": "Karim Rekik",
        "substituted_in": true,
        "starting_lineup": true
      },
      {
        "number": "15",
        "name": "Sebastian Langkamp",
        "substituted_in": true,
        "starting_lineup": true
      },
      {
        "number": "21",
        "name": "Marvin Plattenhardt",
        "substituted_in": true,
        "starting_lineup": true
      },
      {
        "number": "2",
        "name": "Peter Pekarík",
        "substituted_in": true,
        "starting_lineup": true
      },
      {
        "number": "28",
        "name": "Fabian Lustenberger",
        "substituted_in": true,
        "starting_lineup": true
      },
      {
        "number": "6",
        "name": "Vladimír Darida",
        "substituted_in": true,
        "starting_lineup": true
      },
      {
        "number": "23",
        "name": "Mitchell Weiser",
        "substituted_in": true,
        "starting_lineup": true
      },
      {
        "number": "10",
        "name": "Ondrej Duda",
        "substituted_in": true,
        "starting_lineup": true
      },
      {
        "number": "8",
        "name": "Salomon Kalou",
        "substituted_in": true,
        "starting_lineup": true
      },
      {
        "number": "19",
        "name": "Vedad Ibisevic",
        "substituted_in": true,
        "starting_lineup": true
      },
      {
        "number": "24",
        "name": "Genki Haraguchi",
        "substituted_in": true,
        "starting_lineup": false
      },
      {
        "number": "11",
        "name": "Mathew Leckie",
        "substituted_in": true,
        "starting_lineup": false
      }
    ],
    "away_players": [
      {
        "number": "13",
        "name": "Iago Herrerín",
        "substituted_in": true,
        "starting_lineup": true
      },
      {
        "number": "4",
        "name": "Aymeric Laporte",
        "substituted_in": true,
        "starting_lineup": true
      },
      {
        "number": "16",
        "name": "Xabi Etxeita",
        "substituted_in": true,
        "starting_lineup": true
      },
      {
        "number": "24",
        "name": "Mikel Balenziaga",
        "substituted_in": true,
        "starting_lineup": true
      },
      {
        "number": "15",
        "name": "Iñigo Lekue",
        "substituted_in": true,
        "starting_lineup": true
      },
      {
        "number": "6",
        "name": "Mikel San José",
        "substituted_in": true,
        "starting_lineup": true
      },
      {
        "number": "21",
        "name": "Mikel Vesga",
        "substituted_in": true,
        "starting_lineup": true
      },
      {
        "number": "28",
        "name": "Iñigo Córdoba",
        "substituted_in": true,
        "starting_lineup": true
      },
      {
        "number": "11",
        "name": "Iñaki Williams",
        "substituted_in": true,
        "starting_lineup": true
      },
      {
        "number": "10",
        "name": "Iker Muniain",
        "substituted_in": true,
        "starting_lineup": true
      },
      {
        "number": "20",
        "name": "Aritz Aduriz",
        "substituted_in": true,
        "starting_lineup": true
      },
      {
        "number": "22",
        "name": "Raúl García",
        "substituted_in": true,
        "starting_lineup": false
      },
      {
        "number": "23",
        "name": "Ager Aketxe",
        "substituted_in": true,
        "starting_lineup": false
      },
      {
        "number": "14",
        "name": "Markel Susaeta",
        "substituted_in": true,
        "starting_lineup": false
      }
    ]
  },
  {
    "url": "https://www.transfermarkt.pl/athletic-bilbao_real-betis-balompié/aufstellung/spielbericht/2899896",
    "match_id": "2899896",
    "date": "sob., 05.05.2018",
    "competition": "LALIGA",
    "matchday": "36. Kolejka",
    "home_team": "Athletic Bilbao",
    "away_team": "Real Betis Balompié",
    "home_players": [
      {
        "number": "1",
        "name": "Kepa Arrizabalaga",
        "substituted_in": true,
        "starting_lineup": true
      },
      {
        "number": "4",
        "name": "Iñigo Martínez",
        "substituted_in": true,
        "starting_lineup": true
      },
      {
        "number": "5",
        "name": "Yeray Álvarez",
        "substituted_in": true,
        "starting_lineup": true
      },
      {
        "number": "12",
        "name": "Unai Núñez",
        "substituted_in": true,
        "starting_lineup": true
      },
      {
        "number": "7",
        "name": "Beñat Etxebarria",
        "substituted_in": true,
        "starting_lineup": true
      },
      {
        "number": "17",
        "name": "Mikel Rico",
        "substituted_in": true,
        "starting_lineup": true
      },
      {
        "number": "15",
        "name": "Iñigo Lekue",
        "substituted_in": true,
        "starting_lineup": true
      },
      {
        "number": "3",
        "name": "Enric Saborit",
        "substituted_in": true,
        "starting_lineup": true
      },
      {
        "number": "10",
        "name": "Iker Muniain",
        "substituted_in": true,
        "starting_lineup": true
      },
      {
        "number": "11",
        "name": "Iñaki Williams",
        "substituted_in": true,
        "starting_lineup": true
      },
      {
        "number": "20",
        "name": "Aritz Aduriz",
        "substituted_in": true,
        "starting_lineup": true
      },
      {
        "number": "8",
        "name": "Ander Iturraspe",
        "substituted_in": true,
        "starting_lineup": false
      },
      {
        "number": "28",
        "name": "Iñigo Córdoba",
        "substituted_in": true,
        "starting_lineup": false
      },
      {
        "number": "14",
        "name": "Markel Susaeta",
        "substituted_in": true,
        "starting_lineup": false
      }
    ],
    "away_players": [
      {
        "number": "31",
        "name": "Pedro López",
        "substituted_in": true,
        "starting_lineup": true
      },
      {
        "number": "5",
        "name": "Jordi Amat",
        "substituted_in": true,
        "starting_lineup": true
      },
      {
        "number": "15",
        "name": "Marc Bartra",
        "substituted_in": true,
        "starting_lineup": true
      },
      {
        "number": "28",
        "name": "Junior Firpo",
        "substituted_in": true,
        "starting_lineup": true
      },
      {
        "number": "3",
        "name": "Javi García",
        "substituted_in": true,
        "starting_lineup": true
      },
      {
        "number": "6",
        "name": "Fabián Ruiz",
        "substituted_in": true,
        "starting_lineup": true
      },
      {
        "number": "20",
        "name": "Cristian Tello",
        "substituted_in": true,
        "starting_lineup": true
      },
      {
        "number": "14",
        "name": "Riza Durmisi",
        "substituted_in": true,
        "starting_lineup": true
      },
      {
        "number": "17",
        "name": "Joaquín",
        "substituted_in": true,
        "starting_lineup": true
      },
      {
        "number": "9",
        "name": "Antonio Sanabria",
        "substituted_in": true,
        "starting_lineup": true
      },
      {
        "number": "16",
        "name": "Loren Morón",
        "substituted_in": true,
        "starting_lineup": true
      },
      {
        "number": "8",
        "name": "Víctor Camarasa",
        "substituted_in": true,
        "starting_lineup": false
      },
      {
        "number": "10",
        "name": "Ryad Boudebouz",
        "substituted_in": true,
        "starting_lineup": false
      },
      {
        "number": "24",
        "name": "Rubén Castro",
        "substituted_in": true,
        "starting_lineup": false
      }
    ]
  },
  {
    "url": "https://www.transfermarkt.pl/málaga-cf_athletic-bilbao/aufstellung/spielbericht/2899607",
    "match_id": "2899607",
    "date": "sob., 23.09.2017",
    "competition": "LALIGA",
    "matchday": "6. Kolejka",
    "home_team": "Málaga CF",
    "away_team": "Athletic Bilbao",
    "home_players": [
      {
        "number": "1",
        "name": "Roberto",
        "substituted_in": true,
        "starting_lineup": true
      },
      {
        "number": "4",
        "name": "Luis Hernández",
        "substituted_in": true,
        "starting_lineup": true
      },
      {
        "number": "22",
        "name": "Paul Baysse",
        "substituted_in": true,
        "starting_lineup": true
      },
      {
        "number": "15",
        "name": "Federico Ricca",
        "substituted_in": true,
        "starting_lineup": true
      },
      {
        "number": "18",
        "name": "Roberto Rosales",
        "substituted_in": true,
        "starting_lineup": true
      },
      {
        "number": "6",
        "name": "Zdravko Kuzmanovic",
        "substituted_in": true,
        "starting_lineup": true
      },
      {
        "number": "14",
        "name": "Recio",
        "substituted_in": true,
        "starting_lineup": true
      },
      {
        "number": "8",
        "name": "Adrián González",
        "substituted_in": true,
        "starting_lineup": true
      },
      {
        "number": "24",
        "name": "Diego Rolán",
        "substituted_in": true,
        "starting_lineup": true
      },
      {
        "number": "28",
        "name": "Álex Mula",
        "substituted_in": true,
        "starting_lineup": true
      },
      {
        "number": "9",
        "name": "Borja Bastón",
        "substituted_in": true,
        "starting_lineup": true
      },
      {
        "number": "7",
        "name": "Juankar",
        "substituted_in": true,
        "starting_lineup": false
      },
      {
        "number": "5",
        "name": "Esteban Rolón",
        "substituted_in": true,
        "starting_lineup": false
      },
      {
        "number": "10",
        "name": "Juanpi",
        "substituted_in": true,
        "starting_lineup": false
      }
    ],
    "away_players": [
      {
        "number": "1",
        "name": "Kepa Arrizabalaga",
        "substituted_in": true,
        "starting_lineup": true
      },
      {
        "number": "4",
        "name": "Aymeric Laporte",
        "substituted_in": true,
        "starting_lineup": true
      },
      {
        "number": "30",
        "name": "Unai Núñez",
        "substituted_in": true,
        "starting_lineup": true
      },
      {
        "number": "24",
        "name": "Mikel Balenziaga",
        "substituted_in": true,
        "starting_lineup": true
      },
      {
        "number": "15",
        "name": "Iñigo Lekue",
        "substituted_in": true,
        "starting_lineup": true
      },
      {
        "number": "6",
        "name": "Mikel San José",
        "substituted_in": true,
        "starting_lineup": true
      },
      {
        "number": "21",
        "name": "Mikel Vesga",
        "substituted_in": true,
        "starting_lineup": true
      },
      {
        "number": "10",
        "name": "Iker Muniain",
        "substituted_in": true,
        "starting_lineup": true
      },
      {
        "number": "28",
        "name": "Iñigo Córdoba",
        "substituted_in": true,
        "starting_lineup": true
      },
      {
        "number": "11",
        "name": "Iñaki Williams",
        "substituted_in": true,
        "starting_lineup": true
      },
      {
        "number": "20",
        "name": "Aritz Aduriz",
        "substituted_in": true,
        "starting_lineup": true
      },
      {
        "number": "22",
        "name": "Raúl García",
        "substituted_in": true,
        "starting_lineup": false
      },
      {
        "number": "23",
        "name": "Ager Aketxe",
        "substituted_in": true,
        "starting_lineup": false
      },
      {
        "number": "14",
        "name": "Markel Susaeta",
        "substituted_in": true,
        "starting_lineup": false
      }
    ]
  },
  {
    "url": "https://www.transfermarkt.pl/sevilla-fc_athletic-bilbao/aufstellung/spielbericht/2899804",
    "match_id": "2899804",
    "date": "sob., 03.03.2018",
    "competition": "LALIGA",
    "matchday": "27. Kolejka",
    "home_team": "Sevilla FC",
    "away_team": "Athletic Bilbao",
    "home_players": [
      {
        "number": "1",
        "name": "Sergio Rico",
        "substituted_in": true,
        "starting_lineup": true
      },
      {
        "number": "5",
        "name": "Clément Lenglet",
        "substituted_in": true,
        "starting_lineup": true
      },
      {
        "number": "25",
        "name": "Gabriel Mercado",
        "substituted_in": true,
        "starting_lineup": true
      },
      {
        "number": "18",
        "name": "Sergio Escudero",
        "substituted_in": true,
        "starting_lineup": true
      },
      {
        "number": "3",
        "name": "Miguel Layún",
        "substituted_in": true,
        "starting_lineup": true
      },
      {
        "number": "15",
        "name": "Steven Nzonzi",
        "substituted_in": true,
        "starting_lineup": true
      },
      {
        "number": "10",
        "name": "Éver Banega",
        "substituted_in": true,
        "starting_lineup": true
      },
      {
        "number": "22",
        "name": "Franco Vázquez",
        "substituted_in": true,
        "starting_lineup": true
      },
      {
        "number": "11",
        "name": "Joaquín Correa",
        "substituted_in": true,
        "starting_lineup": true
      },
      {
        "number": "17",
        "name": "Pablo Sarabia",
        "substituted_in": true,
        "starting_lineup": true
      },
      {
        "number": "20",
        "name": "Luis Muriel",
        "substituted_in": true,
        "starting_lineup": true
      },
      {
        "number": "4",
        "name": "Simon Kjaer",
        "substituted_in": true,
        "starting_lineup": false
      },
      {
        "number": "14",
        "name": "Guido Pizarro",
        "substituted_in": true,
        "starting_lineup": false
      },
      {
        "number": "24",
        "name": "Nolito",
        "substituted_in": true,
        "starting_lineup": false
      }
    ],
    "away_players": [
      {
        "number": "1",
        "name": "Kepa Arrizabalaga",
        "substituted_in": true,
        "starting_lineup": true
      },
      {
        "number": "4",
        "name": "Iñigo Martínez",
        "substituted_in": true,
        "starting_lineup": true
      },
      {
        "number": "5",
        "name": "Yeray Álvarez",
        "substituted_in": true,
        "starting_lineup": true
      },
      {
        "number": "3",
        "name": "Enric Saborit",
        "substituted_in": true,
        "starting_lineup": true
      },
      {
        "number": "15",
        "name": "Iñigo Lekue",
        "substituted_in": true,
        "starting_lineup": true
      },
      {
        "number": "6",
        "name": "Mikel San José",
        "substituted_in": true,
        "starting_lineup": true
      },
      {
        "number": "8",
        "name": "Ander Iturraspe",
        "substituted_in": true,
        "starting_lineup": true
      },
      {
        "number": "21",
        "name": "Mikel Vesga",
        "substituted_in": true,
        "starting_lineup": true
      },
      {
        "number": "28",
        "name": "Iñigo Córdoba",
        "substituted_in": true,
        "starting_lineup": true
      },
      {
        "number": "14",
        "name": "Markel Susaeta",
        "substituted_in": true,
        "starting_lineup": true
      },
      {
        "number": "11",
        "name": "Iñaki Williams",
        "substituted_in": true,
        "starting_lineup": true
      },
      {
        "number": "7",
        "name": "Beñat Etxebarria",
        "substituted_in": true,
        "starting_lineup": false
      },
      {
        "number": "22",
        "name": "Raúl García",
        "substituted_in": true,
        "starting_lineup": false
      },
      {
        "number": "20",
        "name": "Aritz Aduriz",
        "substituted_in": true,
        "starting_lineup": false
      }
    ]
  },
  {
    "url": "https://www.transfermarkt.pl/deportivo-alavés_athletic-bilbao/aufstellung/spielbericht/2899908",
    "match_id": "2899908",
    "date": "sob., 12.05.2018",
    "competition": "LALIGA",
    "matchday": "37. Kolejka",
    "home_team": "Deportivo Alavés",
    "away_team": "Athletic Bilbao",
    "home_players": [
      {
        "number": "1",
        "name": "Fernando Pacheco",
        "substituted_in": true,
        "starting_lineup": true
      },
      {
        "number": "5",
        "name": "Víctor Laguardia",
        "substituted_in": true,
        "starting_lineup": true
      },
      {
        "number": "6",
        "name": "Guillermo Maripán",
        "substituted_in": true,
        "starting_lineup": true
      },
      {
        "number": "4",
        "name": "Alexis Ruano",
        "substituted_in": true,
        "starting_lineup": true
      },
      {
        "number": "32",
        "name": "Martín Aguirregabiria",
        "substituted_in": true,
        "starting_lineup": true
      },
      {
        "number": "19",
        "name": "Manu García",
        "substituted_in": true,
        "starting_lineup": true
      },
      {
        "number": "18",
        "name": "Tomás Pina",
        "substituted_in": true,
        "starting_lineup": true
      },
      {
        "number": "17",
        "name": "Alfonso Pedraza",
        "substituted_in": true,
        "starting_lineup": true
      },
      {
        "number": "11",
        "name": "Ibai Gómez",
        "substituted_in": true,
        "starting_lineup": true
      },
      {
        "number": "24",
        "name": "Munir El Haddadi",
        "substituted_in": true,
        "starting_lineup": true
      },
      {
        "number": "10",
        "name": "John Guidetti",
        "substituted_in": true,
        "starting_lineup": true
      },
      {
        "number": "12",
        "name": "Rodrigo Ely",
        "substituted_in": true,
        "starting_lineup": false
      },
      {
        "number": "22",
        "name": "Mubarak Wakaso",
        "substituted_in": true,
        "starting_lineup": false
      },
      {
        "number": "7",
        "name": "Rubén Sobrino",
        "substituted_in": true,
        "starting_lineup": false
      }
    ],
    "away_players": [
      {
        "number": "1",
        "name": "Kepa Arrizabalaga",
        "substituted_in": true,
        "starting_lineup": true
      },
      {
        "number": "4",
        "name": "Iñigo Martínez",
        "substituted_in": true,
        "starting_lineup": true
      },
      {
        "number": "5",
        "name": "Yeray Álvarez",
        "substituted_in": true,
        "starting_lineup": true
      },
      {
        "number": "12",
        "name": "Unai Núñez",
        "substituted_in": true,
        "starting_lineup": true
      },
      {
        "number": "7",
        "name": "Beñat Etxebarria",
        "substituted_in": true,
        "starting_lineup": true
      },
      {
        "number": "17",
        "name": "Mikel Rico",
        "substituted_in": true,
        "starting_lineup": true
      },
      {
        "number": "18",
        "name": "Óscar de Marcos",
        "substituted_in": true,
        "starting_lineup": true
      },
      {
        "number": "3",
        "name": "Enric Saborit",
        "substituted_in": true,
        "starting_lineup": true
      },
      {
        "number": "10",
        "name": "Iker Muniain",
        "substituted_in": true,
        "starting_lineup": true
      },
      {
        "number": "11",
        "name": "Iñaki Williams",
        "substituted_in": true,
        "starting_lineup": true
      },
      {
        "number": "20",
        "name": "Aritz Aduriz",
        "substituted_in": true,
        "starting_lineup": true
      },
      {
        "number": "6",
        "name": "Mikel San José",
        "substituted_in": true,
        "starting_lineup": false
      },
      {
        "number": "28",
        "name": "Iñigo Córdoba",
        "substituted_in": true,
        "starting_lineup": false
      }
    ]
  },
  {
    "url": "https://www.transfermarkt.pl/athletic-bilbao_zorya-lugansk/aufstellung/spielbericht/2919808",
    "match_id": "2919808",
    "date": "czw., 28.09.2017",
    "competition": "Unknown",
    "matchday": "Unknown",
    "home_team": "Athletic Bilbao",
    "away_team": "Zorya Lugansk",
    "home_players": [
      {
        "number": "13",
        "name": "Iago Herrerín",
        "substituted_in": true,
        "starting_lineup": true
      },
      {
        "number": "4",
        "name": "Aymeric Laporte",
        "substituted_in": true,
        "starting_lineup": true
      },
      {
        "number": "16",
        "name": "Xabi Etxeita",
        "substituted_in": true,
        "starting_lineup": true
      },
      {
        "number": "3",
        "name": "Enric Saborit",
        "substituted_in": true,
        "starting_lineup": true
      },
      {
        "number": "2",
        "name": "Eneko Bóveda",
        "substituted_in": true,
        "starting_lineup": true
      },
      {
        "number": "6",
        "name": "Mikel San José",
        "substituted_in": true,
        "starting_lineup": true
      },
      {
        "number": "7",
        "name": "Beñat Etxebarria",
        "substituted_in": true,
        "starting_lineup": true
      },
      {
        "number": "22",
        "name": "Raúl García",
        "substituted_in": true,
        "starting_lineup": true
      },
      {
        "number": "10",
        "name": "Iker Muniain",
        "substituted_in": true,
        "starting_lineup": true
      },
      {
        "number": "11",
        "name": "Iñaki Williams",
        "substituted_in": true,
        "starting_lineup": true
      },
      {
        "number": "20",
        "name": "Aritz Aduriz",
        "substituted_in": true,
        "starting_lineup": true
      },
      {
        "number": "8",
        "name": "Ander Iturraspe",
        "substituted_in": true,
        "starting_lineup": false
      },
      {
        "number": "28",
        "name": "Iñigo Córdoba",
        "substituted_in": true,
        "starting_lineup": false
      },
      {
        "number": "23",
        "name": "Ager Aketxe",
        "substituted_in": true,
        "starting_lineup": false
      }
    ],
    "away_players": [
      {
        "number": "16",
        "name": "Andriy Lunin",
        "substituted_in": true,
        "starting_lineup": true
      },
      {
        "number": "3",
        "name": "Oleksandr Svatok",
        "substituted_in": true,
        "starting_lineup": true
      },
      {
        "number": "24",
        "name": "Dmytro Grechyshkin",
        "substituted_in": true,
        "starting_lineup": true
      },
      {
        "number": "2",
        "name": "Artem Sukhotskyi",
        "substituted_in": true,
        "starting_lineup": true
      },
      {
        "number": "39",
        "name": "Yevgen Opanasenko",
        "substituted_in": true,
        "starting_lineup": true
      },
      {
        "number": "8",
        "name": "Igor Kharatin",
        "substituted_in": true,
        "starting_lineup": true
      },
      {
        "number": "96",
        "name": "Silas",
        "substituted_in": true,
        "starting_lineup": true
      },
      {
        "number": "18",
        "name": "Oleksandr Andriyevskyi",
        "substituted_in": true,
        "starting_lineup": true
      },
      {
        "number": "20",
        "name": "Oleksandr Karavaev",
        "substituted_in": true,
        "starting_lineup": true
      },
      {
        "number": "19",
        "name": "Maksym Lunyov",
        "substituted_in": true,
        "starting_lineup": true
      },
      {
        "number": "28",
        "name": "Artem Gromov",
        "substituted_in": true,
        "starting_lineup": true
      },
      {
        "number": "44",
        "name": "Vyacheslav Checher",
        "substituted_in": true,
        "starting_lineup": false
      },
      {
        "number": "5",
        "name": "Artem Gordienko",
        "substituted_in": true,
        "starting_lineup": false
      },
      {
        "number": "7",
        "name": "Vladyslav Kochergin",
        "substituted_in": true,
        "starting_lineup": false
      }
    ]
  }
]