[
  {
    "url": "https://www.transfermarkt.pl/elche-cf_athletic-bilbao/aufstellung/spielbericht/3307685",
    "match_id": "3307685",
    "date": "śr., 22.01.2020",
    "competition": "Unknown",
    "matchday": "Unknown",
    "home_team": "Elche CF",
    "away_team": "Athletic Bilbao",
    "home_players": [
      {
        "number": "1",
        "name": "Miguel San Román",
        "substituted_in": true,
        "starting_lineup": true
      },
      {
        "number": "12",
        "name": "Dani Calvo",
        "substituted_in": true,
        "starting_lineup": true
      },
      {
        "number": "35",
        "name": "Nacho Pastor",
        "substituted_in": true,
        "starting_lineup": true
      },
      {
        "number": "2",
        "name": "Tekio",
        "substituted_in": true,
        "starting_lineup": true
      },
      {
        "number": "27",
        "name": "Óscar Gil",
        "substituted_in": true,
        "starting_lineup": true
      },
      {
        "number": "6",
        "name": "Manuel Sánchez",
        "substituted_in": true,
        "starting_lineup": true
      },
      {
        "number": "21",
        "name": "Nuke Mfulu",
        "substituted_in": true,
        "starting_lineup": true
      },
      {
        "number": "16",
        "name": "Fidel",
        "substituted_in": true,
        "starting_lineup": true
      },
      {
        "number": "17",
        "name": "Josan",
        "substituted_in": true,
        "starting_lineup": true
      },
      {
        "number": "11",
        "name": "Pere Milla",
        "substituted_in": true,
        "starting_lineup": true
      },
      {
        "number": "32",
        "name": "Mourad El Ghezouani",
        "substituted_in": true,
        "starting_lineup": true
      },
      {
        "number": "4",
        "name": "Ramón Folch",
        "substituted_in": true,
        "starting_lineup": false
      },
      {
        "number": "10",
        "name": "Iván Sánchez",
        "substituted_in": true,
        "starting_lineup": false
      },
      {
        "number": "9",
        "name": "Yacine Qasmi",
        "substituted_in": true,
        "starting_lineup": false
      },
      {
        "number": "7",
        "name": "Nino",
        "substituted_in": true,
        "starting_lineup": false
      }
    ],
    "away_players": [
      {
        "number": "13",
        "name": "Iago Herrerín",
        "substituted_in": true,
        "starting_lineup": true
      },
      {
        "number": "4",
        "name": "Iñigo Martínez",
        "substituted_in": true,
        "starting_lineup": true
      },
      {
        "number": "3",
        "name": "Unai Núñez",
        "substituted_in": true,
        "starting_lineup": true
      },
      {
        "number": "24",
        "name": "Mikel Balenziaga",
        "substituted_in": true,
        "starting_lineup": true
      },
      {
        "number": "21",
        "name": "Ander Capa",
        "substituted_in": true,
        "starting_lineup": true
      },
      {
        "number": "16",
        "name": "Mikel Vesga",
        "substituted_in": true,
        "starting_lineup": true
      },
      {
        "number": "7",
        "name": "Beñat Etxebarria",
        "substituted_in": true,
        "starting_lineup": true
      },
      {
        "number": "15",
        "name": "Iñigo Lekue",
        "substituted_in": true,
        "starting_lineup": true
      },
      {
        "number": "22",
        "name": "Raúl García",
        "substituted_in": true,
        "starting_lineup": true
      },
      {
        "number": "11",
        "name": "Iñigo Córdoba",
        "substituted_in": true,
        "starting_lineup": true
      },
      {
        "number": "9",
        "name": "Iñaki Williams",
        "substituted_in": true,
        "starting_lineup": true
      },
      {
        "number": "17",
        "name": "Yuri Berchiche",
        "substituted_in": true,
        "starting_lineup": false
      },
      {
        "number": "8",
        "name": "Unai López",
        "substituted_in": true,
        "starting_lineup": false
      },
      {
        "number": "10",
        "name": "Iker Muniain",
        "substituted_in": true,
        "starting_lineup": false
      },
      {
        "number": "25",
        "name": "Asier Villalibre",
        "substituted_in": true,
        "starting_lineup": false
      }
    ]
  },
  {
    "url": "https://www.transfermarkt.pl/fc-barcelona_athletic-bilbao/aufstellung/spielbericht/3210074",
    "match_id": "3210074",
    "date": "wt., 23.06.2020",
    "competition": "LALIGA",
    "matchday": "31. Kolejka",
    "home_team": "FC Barcelona",
    "away_team": "Athletic Bilbao",
    "home_players": [
      {
        "number": "1",
        "name": "Marc-André ter Stegen",
        "substituted_in": true,
        "starting_lineup": true
      },
      {
        "number": "15",
        "name": "Clément Lenglet",
        "substituted_in": true,
        "starting_lineup": true
      },
      {
        "number": "3",
        "name": "Gerard Piqué",
        "substituted_in": true,
        "starting_lineup": true
      },
      {
        "number": "18",
        "name": "Jordi Alba",
        "substituted_in": true,
        "starting_lineup": true
      },
      {
        "number": "2",
        "name": "Nélson Semedo",
        "substituted_in": true,
        "starting_lineup": true
      },
      {
        "number": "5",
        "name": "Sergio Busquets",
        "substituted_in": true,
        "starting_lineup": true
      },
      {
        "number": "8",
        "name": "Arthur Melo",
        "substituted_in": true,
        "starting_lineup": true
      },
      {
        "number": "22",
        "name": "Arturo Vidal",
        "substituted_in": true,
        "starting_lineup": true
      },
      {
        "number": "17",
        "name": "Antoine Griezmann",
        "substituted_in": true,
        "starting_lineup": true
      },
      {
        "number": "10",
        "name": "Lionel Messi",
        "substituted_in": true,
        "starting_lineup": true
      },
      {
        "number": "9",
        "name": "Luis Suárez",
        "substituted_in": true,
        "starting_lineup": true
      },
      {
        "number": "4",
        "name": "Ivan Rakitic",
        "substituted_in": true,
        "starting_lineup": false
      },
      {
        "number": "28",
        "name": "Riqui Puig",
        "substituted_in": true,
        "starting_lineup": false
      },
      {
        "number": "31",
        "name": "Ansu Fati",
        "substituted_in": true,
        "starting_lineup": false
      },
      {
        "number": "19",
        "name": "Martin Braithwaite",
        "substituted_in": true,
        "starting_lineup": false
      }
    ],
    "away_players": [
      {
        "number": "1",
        "name": "Unai Simón",
        "substituted_in": true,
        "starting_lineup": true
      },
      {
        "number": "3",
        "name": "Unai Núñez",
        "substituted_in": true,
        "starting_lineup": true
      },
      {
        "number": "5",
        "name": "Yeray Álvarez",
        "substituted_in": true,
        "starting_lineup": true
      },
      {
        "number": "24",
        "name": "Mikel Balenziaga",
        "substituted_in": true,
        "starting_lineup": true
      },
      {
        "number": "18",
        "name": "Óscar de Marcos",
        "substituted_in": true,
        "starting_lineup": true
      },
      {
        "number": "16",
        "name": "Mikel Vesga",
        "substituted_in": true,
        "starting_lineup": true
      },
      {
        "number": "8",
        "name": "Unai López",
        "substituted_in": true,
        "starting_lineup": true
      },
      {
        "number": "15",
        "name": "Iñigo Lekue",
        "substituted_in": true,
        "starting_lineup": true
      },
      {
        "number": "34",
        "name": "Oihan Sancet",
        "substituted_in": true,
        "starting_lineup": true
      },
      {
        "number": "11",
        "name": "Iñigo Córdoba",
        "substituted_in": true,
        "starting_lineup": true
      },
      {
        "number": "9",
        "name": "Iñaki Williams",
        "substituted_in": true,
        "starting_lineup": true
      },
      {
        "number": "21",
        "name": "Ander Capa",
        "substituted_in": true,
        "starting_lineup": false
      },
      {
        "number": "14",
        "name": "Dani García",
        "substituted_in": true,
        "starting_lineup": false
      },
      {
        "number": "22",
        "name": "Raúl García",
        "substituted_in": true,
        "starting_lineup": false
      },
      {
        "number": "10",
        "name": "Iker Muniain",
        "substituted_in": true,
        "starting_lineup": false
      },
      {
        "number": "25",
        "name": "Asier Villalibre",
        "substituted_in": true,
        "starting_lineup": false
      }
    ]
  },
  {
    "url": "https://www.transfermarkt.pl/athletic-bilbao_sd-eibar/aufstellung/spielbericht/3208803",
    "match_id": "3208803",
    "date": "sob., 14.12.2019",
    "competition": "LALIGA",
    "matchday": "17. Kolejka",
    "home_team": "Athletic Bilbao",
    "away_team": "SD Eibar",
    "home_players": [
      {
        "number": "1",
        "name": "Unai Simón",
        "substituted_in": true,
        "starting_lineup": true
      },
      {
        "number": "4",
        "name": "Iñigo Martínez",
        "substituted_in": true,
        "starting_lineup": true
      },
      {
        "number": "5",
        "name": "Yeray Álvarez",
        "substituted_in": true,
        "starting_lineup": true
      },
      {
        "number": "17",
        "name": "Yuri Berchiche",
        "substituted_in": true,
        "starting_lineup": true
      },
      {
        "number": "21",
        "name": "Ander Capa",
        "substituted_in": true,
        "starting_lineup": true
      },
      {
        "number": "6",
        "name": "Mikel San José",
        "substituted_in": true,
        "starting_lineup": true
      },
      {
        "number": "14",
        "name": "Dani García",
        "substituted_in": true,
        "starting_lineup": true
      },
      {
        "number": "8",
        "name": "Unai López",
        "substituted_in": true,
        "starting_lineup": true
      },
      {
        "number": "11",
        "name": "Iñigo Córdoba",
        "substituted_in": true,
        "starting_lineup": true
      },
      {
        "number": "9",
        "name": "Iñaki Williams",
        "substituted_in": true,
        "starting_lineup": true
      },
      {
        "number": "22",
        "name": "Raúl García",
        "substituted_in": true,
        "starting_lineup": true
      },
      {
        "number": "19",
        "name": "Ibai Gómez",
        "substituted_in": true,
        "starting_lineup": false
      },
      {
        "number": "25",
        "name": "Asier Villalibre",
        "substituted_in": true,
        "starting_lineup": false
      }
    ],
    "away_players": [
      {
        "number": "1",
        "name": "Marko Dmitrovic",
        "substituted_in": true,
        "starting_lineup": true
      },
      {
        "number": "3",
        "name": "Pedro Bigas",
        "substituted_in": true,
        "starting_lineup": true
      },
      {
        "number": "12",
        "name": "Paulo Oliveira",
        "substituted_in": true,
        "starting_lineup": true
      },
      {
        "number": "24",
        "name": "Álvaro Tejero",
        "substituted_in": true,
        "starting_lineup": true
      },
      {
        "number": "20",
        "name": "Rober Correa",
        "substituted_in": true,
        "starting_lineup": true
      },
      {
        "number": "5",
        "name": "Gonzalo Escalante",
        "substituted_in": true,
        "starting_lineup": true
      },
      {
        "number": "10",
        "name": "Edu Expósito",
        "substituted_in": true,
        "starting_lineup": true
      },
      {
        "number": "22",
        "name": "Takashi Inui",
        "substituted_in": true,
        "starting_lineup": true
      },
      {
        "number": "21",
        "name": "Pedro León",
        "substituted_in": true,
        "starting_lineup": true
      },
      {
        "number": "9",
        "name": "Sergi Enrich",
        "substituted_in": true,
        "starting_lineup": true
      },
      {
        "number": "17",
        "name": "Kike García",
        "substituted_in": true,
        "starting_lineup": true
      },
      {
        "number": "2",
        "name": "Esteban Burgos",
        "substituted_in": true,
        "starting_lineup": false
      },
      {
        "number": "16",
        "name": "Pablo de Blasis",
        "substituted_in": true,
        "starting_lineup": false
      },
      {
        "number": "19",
        "name": "Charles",
        "substituted_in": true,
        "starting_lineup": false
      }
    ]
  },
  {
    "url": "https://www.transfermarkt.pl/villarreal-cf_athletic-bilbao/aufstellung/spielbericht/3208760",
    "match_id": "3208760",
    "date": "niedz., 03.11.2019",
    "competition": "LALIGA",
    "matchday": "12. Kolejka",
    "home_team": "Villarreal CF",
    "away_team": "Athletic Bilbao",
    "home_players": [
      {
        "number": "1",
        "name": "Sergio Asenjo",
        "substituted_in": true,
        "starting_lineup": true
      },
      {
        "number": "4",
        "name": "Pau Torres",
        "substituted_in": true,
        "starting_lineup": true
      },
      {
        "number": "3",
        "name": "Raúl Albiol",
        "substituted_in": true,
        "starting_lineup": true
      },
      {
        "number": "16",
        "name": "Xavi Quintillà",
        "substituted_in": true,
        "starting_lineup": true
      },
      {
        "number": "20",
        "name": "Rubén Peña",
        "substituted_in": true,
        "starting_lineup": true
      },
      {
        "number": "10",
        "name": "Vicente Iborra",
        "substituted_in": true,
        "starting_lineup": true
      },
      {
        "number": "8",
        "name": "Santi Cazorla",
        "substituted_in": true,
        "starting_lineup": true
      },
      {
        "number": "19",
        "name": "Frank Anguissa",
        "substituted_in": true,
        "starting_lineup": true
      },
      {
        "number": "23",
        "name": "Moi Gómez",
        "substituted_in": true,
        "starting_lineup": true
      },
      {
        "number": "7",
        "name": "Gerard Moreno",
        "substituted_in": true,
        "starting_lineup": true
      },
      {
        "number": "17",
        "name": "Karl Toko Ekambi",
        "substituted_in": true,
        "starting_lineup": true
      },
      {
        "number": "24",
        "name": "Javi Ontiveros",
        "substituted_in": true,
        "starting_lineup": false
      },
      {
        "number": "11",
        "name": "Samuel Chukwueze",
        "substituted_in": true,
        "starting_lineup": false
      },
      {
        "number": "9",
        "name": "Carlos Bacca",
        "substituted_in": true,
        "starting_lineup": false
      }
    ],
    "away_players": [
      {
        "number": "1",
        "name": "Unai Simón",
        "substituted_in": true,
        "starting_lineup": true
      },
      {
        "number": "4",
        "name": "Iñigo Martínez",
        "substituted_in": true,
        "starting_lineup": true
      },
      {
        "number": "5",
        "name": "Yeray Álvarez",
        "substituted_in": true,
        "starting_lineup": true
      },
      {
        "number": "17",
        "name": "Yuri Berchiche",
        "substituted_in": true,
        "starting_lineup": true
      },
      {
        "number": "21",
        "name": "Ander Capa",
        "substituted_in": true,
        "starting_lineup": true
      },
      {
        "number": "6",
        "name": "Mikel San José",
        "substituted_in": true,
        "starting_lineup": true
      },
      {
        "number": "14",
        "name": "Dani García",
        "substituted_in": true,
        "starting_lineup": true
      },
      {
        "number": "22",
        "name": "Raúl García",
        "substituted_in": true,
        "starting_lineup": true
      },
      {
        "number": "10",
        "name": "Iker Muniain",
        "substituted_in": true,
        "starting_lineup": true
      },
      {
        "number": "19",
        "name": "Ibai Gómez",
        "substituted_in": true,
        "starting_lineup": true
      },
      {
        "number": "9",
        "name": "Iñaki Williams",
        "substituted_in": true,
        "starting_lineup": true
      },
      {
        "number": "12",
        "name": "Gaizka Larrazabal",
        "substituted_in": true,
        "starting_lineup": false
      },
      {
        "number": "16",
        "name": "Mikel Vesga",
        "substituted_in": true,
        "starting_lineup": false
      },
      {
        "number": "11",
        "name": "Iñigo Córdoba",
        "substituted_in": true,
        "starting_lineup": false
      }
    ]
  },
  {
    "url": "https://www.transfermarkt.pl/rcd-espanyol_athletic-bilbao/aufstellung/spielbericht/3208845",
    "match_id": "3208845",
    "date": "sob., 25.01.2020",
    "competition": "LALIGA",
    "matchday": "21. Kolejka",
    "home_team": "RCD Espanyol",
    "away_team": "Athletic Bilbao",
    "home_players": [
      {
        "number": "13",
        "name": "Diego López",
        "substituted_in": true,
        "starting_lineup": true
      },
      {
        "number": "18",
        "name": "Leandro Cabrera",
        "substituted_in": true,
        "starting_lineup": true
      },
      {
        "number": "20",
        "name": "Bernardo Espinosa",
        "substituted_in": true,
        "starting_lineup": true
      },
      {
        "number": "17",
        "name": "Dídac Vilà",
        "substituted_in": true,
        "starting_lineup": true
      },
      {
        "number": "4",
        "name": "Víctor Sánchez",
        "substituted_in": true,
        "starting_lineup": true
      },
      {
        "number": "15",
        "name": "David López",
        "substituted_in": true,
        "starting_lineup": true
      },
      {
        "number": "21",
        "name": "Marc Roca",
        "substituted_in": true,
        "starting_lineup": true
      },
      {
        "number": "10",
        "name": "Sergi Darder",
        "substituted_in": true,
        "starting_lineup": true
      },
      {
        "number": "14",
        "name": "Óscar Melendo",
        "substituted_in": true,
        "starting_lineup": true
      },
      {
        "number": "11",
        "name": "Raúl de Tomás",
        "substituted_in": true,
        "starting_lineup": true
      },
      {
        "number": "12",
        "name": "Jonathan Calleri",
        "substituted_in": true,
        "starting_lineup": true
      },
      {
        "number": "6",
        "name": "Lluís López",
        "substituted_in": true,
        "starting_lineup": false
      },
      {
        "number": "7",
        "name": "Lei Wu",
        "substituted_in": true,
        "starting_lineup": false
      },
      {
        "number": "25",
        "name": "Adrián Embarba",
        "substituted_in": true,
        "starting_lineup": false
      }
    ],
    "away_players": [
      {
        "number": "13",
        "name": "Iago Herrerín",
        "substituted_in": true,
        "starting_lineup": true
      },
      {
        "number": "4",
        "name": "Iñigo Martínez",
        "substituted_in": true,
        "starting_lineup": true
      },
      {
        "number": "3",
        "name": "Unai Núñez",
        "substituted_in": true,
        "starting_lineup": true
      },
      {
        "number": "5",
        "name": "Yeray Álvarez",
        "substituted_in": true,
        "starting_lineup": true
      },
      {
        "number": "17",
        "name": "Yuri Berchiche",
        "substituted_in": true,
        "starting_lineup": true
      },
      {
        "number": "21",
        "name": "Ander Capa",
        "substituted_in": true,
        "starting_lineup": true
      },
      {
        "number": "16",
        "name": "Mikel Vesga",
        "substituted_in": true,
        "starting_lineup": true
      },
      {
        "number": "14",
        "name": "Dani García",
        "substituted_in": true,
        "starting_lineup": true
      },
      {
        "number": "10",
        "name": "Iker Muniain",
        "substituted_in": true,
        "starting_lineup": true
      },
      {
        "number": "9",
        "name": "Iñaki Williams",
        "substituted_in": true,
        "starting_lineup": true
      },
      {
        "number": "25",
        "name": "Asier Villalibre",
        "substituted_in": true,
        "starting_lineup": true
      },
      {
        "number": "7",
        "name": "Beñat Etxebarria",
        "substituted_in": true,
        "starting_lineup": false
      },
      {
        "number": "22",
        "name": "Raúl García",
        "substituted_in": true,
        "starting_lineup": false
      },
      {
        "number": "23",
        "name": "Kenan Kodro",
        "substituted_in": true,
        "starting_lineup": false
      }
    ]
  },
  {
    "url": "https://www.transfermarkt.pl/athletic-bilbao_real-betis-balompié/aufstellung/spielbericht/3210054",
    "match_id": "3210054",
    "date": "sob., 20.06.2020",
    "competition": "LALIGA",
    "matchday": "30. Kolejka",
    "home_team": "Athletic Bilbao",
    "away_team": "Real Betis Balompié",
    "home_players": [
      {
        "number": "1",
        "name": "Unai Simón",
        "substituted_in": true,
        "starting_lineup": true
      },
      {
        "number": "4",
        "name": "Iñigo Martínez",
        "substituted_in": true,
        "starting_lineup": true
      },
      {
        "number": "3",
        "name": "Unai Núñez",
        "substituted_in": true,
        "starting_lineup": true
      },
      {
        "number": "17",
        "name": "Yuri Berchiche",
        "substituted_in": true,
        "starting_lineup": true
      },
      {
        "number": "21",
        "name": "Ander Capa",
        "substituted_in": true,
        "starting_lineup": true
      },
      {
        "number": "14",
        "name": "Dani García",
        "substituted_in": true,
        "starting_lineup": true
      },
      {
        "number": "8",
        "name": "Unai López",
        "substituted_in": true,
        "starting_lineup": true
      },
      {
        "number": "11",
        "name": "Iñigo Córdoba",
        "substituted_in": true,
        "starting_lineup": true
      },
      {
        "number": "10",
        "name": "Iker Muniain",
        "substituted_in": true,
        "starting_lineup": true
      },
      {
        "number": "9",
        "name": "Iñaki Williams",
        "substituted_in": true,
        "starting_lineup": true
      },
      {
        "number": "22",
        "name": "Raúl García",
        "substituted_in": true,
        "starting_lineup": true
      },
      {
        "number": "24",
        "name": "Mikel Balenziaga",
        "substituted_in": true,
        "starting_lineup": false
      },
      {
        "number": "18",
        "name": "Óscar de Marcos",
        "substituted_in": true,
        "starting_lineup": false
      },
      {
        "number": "16",
        "name": "Mikel Vesga",
        "substituted_in": true,
        "starting_lineup": false
      },
      {
        "number": "34",
        "name": "Oihan Sancet",
        "substituted_in": true,
        "starting_lineup": false
      },
      {
        "number": "25",
        "name": "Asier Villalibre",
        "substituted_in": true,
        "starting_lineup": false
      }
    ],
    "away_players": [
      {
        "number": "1",
        "name": "Joel Robles",
        "substituted_in": true,
        "starting_lineup": true
      },
      {
        "number": "5",
        "name": "Marc Bartra",
        "substituted_in": true,
        "starting_lineup": true
      },
      {
        "number": "23",
        "name": "Aïssa Mandi",
        "substituted_in": true,
        "starting_lineup": true
      },
      {
        "number": "6",
        "name": "Alfonso Pedraza",
        "substituted_in": true,
        "starting_lineup": true
      },
      {
        "number": "22",
        "name": "Emerson Royal",
        "substituted_in": true,
        "starting_lineup": true
      },
      {
        "number": "21",
        "name": "Guido Rodríguez",
        "substituted_in": true,
        "starting_lineup": true
      },
      {
        "number": "18",
        "name": "Andrés Guardado",
        "substituted_in": true,
        "starting_lineup": true
      },
      {
        "number": "10",
        "name": "Sergio Canales",
        "substituted_in": true,
        "starting_lineup": true
      },
      {
        "number": "20",
        "name": "Diego Lainez",
        "substituted_in": true,
        "starting_lineup": true
      },
      {
        "number": "8",
        "name": "Nabil Fekir",
        "substituted_in": true,
        "starting_lineup": true
      },
      {
        "number": "9",
        "name": "Borja Iglesias",
        "substituted_in": true,
        "starting_lineup": true
      },
      {
        "number": "15",
        "name": "Álex Moreno",
        "substituted_in": true,
        "starting_lineup": false
      },
      {
        "number": "24",
        "name": "Carles Aleñá",
        "substituted_in": true,
        "starting_lineup": false
      },
      {
        "number": "11",
        "name": "Cristian Tello",
        "substituted_in": true,
        "starting_lineup": false
      },
      {
        "number": "7",
        "name": "Juanmi",
        "substituted_in": true,
        "starting_lineup": false
      },
      {
        "number": "16",
        "name": "Loren Morón",
        "substituted_in": true,
        "starting_lineup": false
      }
    ]
  },
  {
    "url": "https://www.transfermarkt.pl/valencia-cf_athletic-bilbao/aufstellung/spielbericht/3210101",
    "match_id": "3210101",
    "date": "śr., 01.07.2020",
    "competition": "LALIGA",
    "matchday": "33. Kolejka",
    "home_team": "Valencia CF",
    "away_team": "Athletic Bilbao",
    "home_players": [
      {
        "number": "13",
        "name": "Jasper Cillessen",
        "substituted_in": true,
        "starting_lineup": true
      },
      {
        "number": "5",
        "name": "Gabriel Paulista",
        "substituted_in": true,
        "starting_lineup": true
      },
      {
        "number": "12",
        "name": "Mouctar Diakhaby",
        "substituted_in": true,
        "starting_lineup": true
      },
      {
        "number": "3",
        "name": "Jaume Costa",
        "substituted_in": true,
        "starting_lineup": true
      },
      {
        "number": "25",
        "name": "Alessandro Florenzi",
        "substituted_in": true,
        "starting_lineup": true
      },
      {
        "number": "6",
        "name": "Geoffrey Kondogbia",
        "substituted_in": true,
        "starting_lineup": true
      },
      {
        "number": "10",
        "name": "Dani Parejo",
        "substituted_in": true,
        "starting_lineup": true
      },
      {
        "number": "7",
        "name": "Gonçalo Guedes",
        "substituted_in": true,
        "starting_lineup": true
      },
      {
        "number": "20",
        "name": "Ferran Torres",
        "substituted_in": true,
        "starting_lineup": true
      },
      {
        "number": "19",
        "name": "Rodrigo",
        "substituted_in": true,
        "starting_lineup": true
      },
      {
        "number": "22",
        "name": "Maxi Gómez",
        "substituted_in": true,
        "starting_lineup": true
      },
      {
        "number": "8",
        "name": "Carlos Soler",
        "substituted_in": true,
        "starting_lineup": false
      },
      {
        "number": "18",
        "name": "Daniel Wass",
        "substituted_in": true,
        "starting_lineup": false
      },
      {
        "number": "11",
        "name": "Denis Cheryshev",
        "substituted_in": true,
        "starting_lineup": false
      },
      {
        "number": "15",
        "name": "Manu Vallejo",
        "substituted_in": true,
        "starting_lineup": false
      },
      {
        "number": "9",
        "name": "Kévin Gameiro",
        "substituted_in": true,
        "starting_lineup": false
      }
    ],
    "away_players": [
      {
        "number": "1",
        "name": "Unai Simón",
        "substituted_in": true,
        "starting_lineup": true
      },
      {
        "number": "4",
        "name": "Iñigo Martínez",
        "substituted_in": true,
        "starting_lineup": true
      },
      {
        "number": "5",
        "name": "Yeray Álvarez",
        "substituted_in": true,
        "starting_lineup": true
      },
      {
        "number": "17",
        "name": "Yuri Berchiche",
        "substituted_in": true,
        "starting_lineup": true
      },
      {
        "number": "21",
        "name": "Ander Capa",
        "substituted_in": true,
        "starting_lineup": true
      },
      {
        "number": "14",
        "name": "Dani García",
        "substituted_in": true,
        "starting_lineup": true
      },
      {
        "number": "8",
        "name": "Unai López",
        "substituted_in": true,
        "starting_lineup": true
      },
      {
        "number": "10",
        "name": "Iker Muniain",
        "substituted_in": true,
        "starting_lineup": true
      },
      {
        "number": "11",
        "name": "Iñigo Córdoba",
        "substituted_in": true,
        "starting_lineup": true
      },
      {
        "number": "9",
        "name": "Iñaki Williams",
        "substituted_in": true,
        "starting_lineup": true
      },
      {
        "number": "22",
        "name": "Raúl García",
        "substituted_in": true,
        "starting_lineup": true
      },
      {
        "number": "24",
        "name": "Mikel Balenziaga",
        "substituted_in": true,
        "starting_lineup": false
      },
      {
        "number": "18",
        "name": "Óscar de Marcos",
        "substituted_in": true,
        "starting_lineup": false
      },
      {
        "number": "16",
        "name": "Mikel Vesga",
        "substituted_in": true,
        "starting_lineup": false
      },
      {
        "number": "34",
        "name": "Oihan Sancet",
        "substituted_in": true,
        "starting_lineup": false
      },
      {
        "number": "25",
        "name": "Asier Villalibre",
        "substituted_in": true,
        "starting_lineup": false
      }
    ]
  },
  {
    "url": "https://www.transfermarkt.pl/athletic-bilbao_granada-cf/aufstellung/spielbericht/3316885",
    "match_id": "3316885",
    "date": "śr., 12.02.2020",
    "competition": "Unknown",
    "matchday": "Unknown",
    "home_team": "Athletic Bilbao",
    "away_team": "Granada CF",
    "home_players": [
      {
        "number": "1",
        "name": "Unai Simón",
        "substituted_in": true,
        "starting_lineup": true
      },
      {
        "number": "4",
        "name": "Iñigo Martínez",
        "substituted_in": true,
        "starting_lineup": true
      },
      {
        "number": "3",
        "name": "Unai Núñez",
        "substituted_in": true,
        "starting_lineup": true
      },
      {
        "number": "5",
        "name": "Yeray Álvarez",
        "substituted_in": true,
        "starting_lineup": true
      },
      {
        "number": "16",
        "name": "Mikel Vesga",
        "substituted_in": true,
        "starting_lineup": true
      },
      {
        "number": "14",
        "name": "Dani García",
        "substituted_in": true,
        "starting_lineup": true
      },
      {
        "number": "21",
        "name": "Ander Capa",
        "substituted_in": true,
        "starting_lineup": true
      },
      {
        "number": "17",
        "name": "Yuri Berchiche",
        "substituted_in": true,
        "starting_lineup": true
      },
      {
        "number": "10",
        "name": "Iker Muniain",
        "substituted_in": true,
        "starting_lineup": true
      },
      {
        "number": "22",
        "name": "Raúl García",
        "substituted_in": true,
        "starting_lineup": true
      },
      {
        "number": "9",
        "name": "Iñaki Williams",
        "substituted_in": true,
        "starting_lineup": true
      },
      {
        "number": "6",
        "name": "Mikel San José",
        "substituted_in": true,
        "starting_lineup": false
      },
      {
        "number": "20",
        "name": "Aritz Aduriz",
        "substituted_in": true,
        "starting_lineup": false
      }
    ],
    "away_players": [
      {
        "number": "1",
        "name": "Rui Silva",
        "substituted_in": true,
        "starting_lineup": true
      },
      {
        "number": "6",
        "name": "Germán Sánchez",
        "substituted_in": true,
        "starting_lineup": true
      },
      {
        "number": "22",
        "name": "Domingos Duarte",
        "substituted_in": true,
        "starting_lineup": true
      },
      {
        "number": "15",
        "name": "Carlos Neva",
        "substituted_in": true,
        "starting_lineup": true
      },
      {
        "number": "16",
        "name": "Víctor Díaz",
        "substituted_in": true,
        "starting_lineup": true
      },
      {
        "number": "4",
        "name": "Maxime Gonalons",
        "substituted_in": true,
        "starting_lineup": true
      },
      {
        "number": "21",
        "name": "Yangel Herrera",
        "substituted_in": true,
        "starting_lineup": true
      },
      {
        "number": "23",
        "name": "Darwin Machís",
        "substituted_in": true,
        "starting_lineup": true
      },
      {
        "number": "10",
        "name": "Antonio Puertas",
        "substituted_in": true,
        "starting_lineup": true
      },
      {
        "number": "24",
        "name": "Carlos Fernández",
        "substituted_in": true,
        "starting_lineup": true
      },
      {
        "number": "9",
        "name": "Roberto Soldado",
        "substituted_in": true,
        "starting_lineup": true
      },
      {
        "number": "20",
        "name": "Jesús Vallejo",
        "substituted_in": true,
        "starting_lineup": false
      },
      {
        "number": "8",
        "name": "Yan Eteki",
        "substituted_in": true,
        "starting_lineup": false
      },
      {
        "number": "17",
        "name": "Gil Dias",
        "substituted_in": true,
        "starting_lineup": false
      }
    ]
  },
  {
    "url": "https://www.transfermarkt.pl/athletic-bilbao_rcd-mallorca/aufstellung/spielbericht/3210083",
    "match_id": "3210083",
    "date": "sob., 27.06.2020",
    "competition": "LALIGA",
    "matchday": "32. Kolejka",
    "home_team": "Athletic Bilbao",
    "away_team": "RCD Mallorca",
    "home_players": [
      {
        "number": "1",
        "name": "Unai Simón",
        "substituted_in": true,
        "starting_lineup": true
      },
      {
        "number": "4",
        "name": "Iñigo Martínez",
        "substituted_in": true,
        "starting_lineup": true
      },
      {
        "number": "5",
        "name": "Yeray Álvarez",
        "substituted_in": true,
        "starting_lineup": true
      },
      {
        "number": "17",
        "name": "Yuri Berchiche",
        "substituted_in": true,
        "starting_lineup": true
      },
      {
        "number": "21",
        "name": "Ander Capa",
        "substituted_in": true,
        "starting_lineup": true
      },
      {
        "number": "14",
        "name": "Dani García",
        "substituted_in": true,
        "starting_lineup": true
      },
      {
        "number": "8",
        "name": "Unai López",
        "substituted_in": true,
        "starting_lineup": true
      },
      {
        "number": "34",
        "name": "Oihan Sancet",
        "substituted_in": true,
        "starting_lineup": true
      },
      {
        "number": "10",
        "name": "Iker Muniain",
        "substituted_in": true,
        "starting_lineup": true
      },
      {
        "number": "9",
        "name": "Iñaki Williams",
        "substituted_in": true,
        "starting_lineup": true
      },
      {
        "number": "22",
        "name": "Raúl García",
        "substituted_in": true,
        "starting_lineup": true
      },
      {
        "number": "18",
        "name": "Óscar de Marcos",
        "substituted_in": true,
        "starting_lineup": false
      },
      {
        "number": "16",
        "name": "Mikel Vesga",
        "substituted_in": true,
        "starting_lineup": false
      },
      {
        "number": "11",
        "name": "Iñigo Córdoba",
        "substituted_in": true,
        "starting_lineup": false
      },
      {
        "number": "25",
        "name": "Asier Villalibre",
        "substituted_in": true,
        "starting_lineup": false
      },
      {
        "number": "23",
        "name": "Kenan Kodro",
        "substituted_in": true,
        "starting_lineup": false
      }
    ],
    "away_players": [
      {
        "number": "1",
        "name": "Manolo Reina",
        "substituted_in": true,
        "starting_lineup": true
      },
      {
        "number": "20",
        "name": "Aleksandar Sedlar",
        "substituted_in": true,
        "starting_lineup": true
      },
      {
        "number": "21",
        "name": "Antonio Raíllo",
        "substituted_in": true,
        "starting_lineup": true
      },
      {
        "number": "24",
        "name": "Martin Valjent",
        "substituted_in": true,
        "starting_lineup": true
      },
      {
        "number": "8",
        "name": "Salva Sevilla",
        "substituted_in": true,
        "starting_lineup": true
      },
      {
        "number": "12",
        "name": "Iddrisu Baba",
        "substituted_in": true,
        "starting_lineup": true
      },
      {
        "number": "7",
        "name": "Álex Pozo",
        "substituted_in": true,
        "starting_lineup": true
      },
      {
        "number": "11",
        "name": "Lago Júnior",
        "substituted_in": true,
        "starting_lineup": true
      },
      {
        "number": "14",
        "name": "Dani Rodríguez",
        "substituted_in": true,
        "starting_lineup": true
      },
      {
        "number": "26",
        "name": "Takefusa Kubo",
        "substituted_in": true,
        "starting_lineup": true
      },
      {
        "number": "29",
        "name": "Cucho Hernández",
        "substituted_in": true,
        "starting_lineup": true
      },
      {
        "number": "15",
        "name": "Fran Gámez",
        "substituted_in": true,
        "starting_lineup": false
      },
      {
        "number": "17",
        "name": "Aleksandar Trajkovski",
        "substituted_in": true,
        "starting_lineup": false
      },
      {
        "number": "9",
        "name": "Abdón Prats",
        "substituted_in": true,
        "starting_lineup": false
      },
      {
        "number": "22",
        "name": "Ante Budimir",
        "substituted_in": true,
        "starting_lineup": false
      }
    ]
  },
  {
    "url": "https://www.transfermarkt.pl/athletic-bilbao_valencia-cf/aufstellung/spielbericht/3208693",
    "match_id": "3208693",
    "date": "sob., 28.09.2019",
    "competition": "LALIGA",
    "matchday": "7. Kolejka",
    "home_team": "Athletic Bilbao",
    "away_team": "Valencia CF",
    "home_players": [
      {
        "number": "1",
        "name": "Unai Simón",
        "substituted_in": true,
        "starting_lineup": true
      },
      {
        "number": "4",
        "name": "Iñigo Martínez",
        "substituted_in": true,
        "starting_lineup": true
      },
      {
        "number": "5",
        "name": "Yeray Álvarez",
        "substituted_in": true,
        "starting_lineup": true
      },
      {
        "number": "17",
        "name": "Yuri Berchiche",
        "substituted_in": true,
        "starting_lineup": true
      },
      {
        "number": "21",
        "name": "Ander Capa",
        "substituted_in": true,
        "starting_lineup": true
      },
      {
        "number": "14",
        "name": "Dani García",
        "substituted_in": true,
        "starting_lineup": true
      },
      {
        "number": "8",
        "name": "Unai López",
        "substituted_in": true,
        "starting_lineup": true
      },
      {
        "number": "22",
        "name": "Raúl García",
        "substituted_in": true,
        "starting_lineup": true
      },
      {
        "number": "10",
        "name": "Iker Muniain",
        "substituted_in": true,
        "starting_lineup": true
      },
      {
        "number": "19",
        "name": "Ibai Gómez",
        "substituted_in": true,
        "starting_lineup": true
      },
      {
        "number": "9",
        "name": "Iñaki Williams",
        "substituted_in": true,
        "starting_lineup": true
      },
      {
        "number": "15",
        "name": "Iñigo Lekue",
        "substituted_in": true,
        "starting_lineup": false
      },
      {
        "number": "7",
        "name": "Beñat Etxebarria",
        "substituted_in": true,
        "starting_lineup": false
      },
      {
        "number": "20",
        "name": "Aritz Aduriz",
        "substituted_in": true,
        "starting_lineup": false
      }
    ],
    "away_players": [
      {
        "number": "13",
        "name": "Jasper Cillessen",
        "substituted_in": true,
        "starting_lineup": true
      },
      {
        "number": "12",
        "name": "Mouctar Diakhaby",
        "substituted_in": true,
        "starting_lineup": true
      },
      {
        "number": "24",
        "name": "Ezequiel Garay",
        "substituted_in": true,
        "starting_lineup": true
      },
      {
        "number": "3",
        "name": "Jaume Costa",
        "substituted_in": true,
        "starting_lineup": true
      },
      {
        "number": "18",
        "name": "Daniel Wass",
        "substituted_in": true,
        "starting_lineup": true
      },
      {
        "number": "17",
        "name": "Francis Coquelin",
        "substituted_in": true,
        "starting_lineup": true
      },
      {
        "number": "10",
        "name": "Dani Parejo",
        "substituted_in": true,
        "starting_lineup": true
      },
      {
        "number": "11",
        "name": "Denis Cheryshev",
        "substituted_in": true,
        "starting_lineup": true
      },
      {
        "number": "20",
        "name": "Ferran Torres",
        "substituted_in": true,
        "starting_lineup": true
      },
      {
        "number": "19",
        "name": "Rodrigo",
        "substituted_in": true,
        "starting_lineup": true
      },
      {
        "number": "22",
        "name": "Maxi Gómez",
        "substituted_in": true,
        "starting_lineup": true
      },
      {
        "number": "5",
        "name": "Gabriel Paulista",
        "substituted_in": true,
        "starting_lineup": false
      },
      {
        "number": "15",
        "name": "Manu Vallejo",
        "substituted_in": true,
        "starting_lineup": false
      },
      {
        "number": "23",
        "name": "Rubén Sobrino",
        "substituted_in": true,
        "starting_lineup": false
      }
    ]
  },
  {
    "url": "https://www.transfermarkt.pl/granada-cf_athletic-bilbao/aufstellung/spielbericht/3208635",
    "match_id": "3208635",
    "date": "niedz., 19.07.2020",
    "competition": "LALIGA",
    "matchday": "38. Kolejka",
    "home_team": "Granada CF",
    "away_team": "Athletic Bilbao",
    "home_players": [
      {
        "number": "1",
        "name": "Rui Silva",
        "substituted_in": true,
        "starting_lineup": true
      },
      {
        "number": "6",
        "name": "Germán Sánchez",
        "substituted_in": true,
        "starting_lineup": true
      },
      {
        "number": "22",
        "name": "Domingos Duarte",
        "substituted_in": true,
        "starting_lineup": true
      },
      {
        "number": "15",
        "name": "Carlos Neva",
        "substituted_in": true,
        "starting_lineup": true
      },
      {
        "number": "16",
        "name": "Víctor Díaz",
        "substituted_in": true,
        "starting_lineup": true
      },
      {
        "number": "21",
        "name": "Yangel Herrera",
        "substituted_in": true,
        "starting_lineup": true
      },
      {
        "number": "8",
        "name": "Yan Eteki",
        "substituted_in": true,
        "starting_lineup": true
      },
      {
        "number": "12",
        "name": "Ramon Azeez",
        "substituted_in": true,
        "starting_lineup": true
      },
      {
        "number": "24",
        "name": "Carlos Fernández",
        "substituted_in": true,
        "starting_lineup": true
      },
      {
        "number": "10",
        "name": "Antonio Puertas",
        "substituted_in": true,
        "starting_lineup": true
      },
      {
        "number": "9",
        "name": "Roberto Soldado",
        "substituted_in": true,
        "starting_lineup": true
      },
      {
        "number": "20",
        "name": "Jesús Vallejo",
        "substituted_in": true,
        "starting_lineup": false
      },
      {
        "number": "19",
        "name": "Ángel Montoro",
        "substituted_in": true,
        "starting_lineup": false
      },
      {
        "number": "14",
        "name": "Fede Vico",
        "substituted_in": true,
        "starting_lineup": false
      },
      {
        "number": "17",
        "name": "Gil Dias",
        "substituted_in": true,
        "starting_lineup": false
      },
      {
        "number": "18",
        "name": "Antoñín",
        "substituted_in": true,
        "starting_lineup": false
      }
    ],
    "away_players": [
      {
        "number": "13",
        "name": "Iago Herrerín",
        "substituted_in": true,
        "starting_lineup": true
      },
      {
        "number": "4",
        "name": "Iñigo Martínez",
        "substituted_in": true,
        "starting_lineup": true
      },
      {
        "number": "3",
        "name": "Unai Núñez",
        "substituted_in": true,
        "starting_lineup": true
      },
      {
        "number": "24",
        "name": "Mikel Balenziaga",
        "substituted_in": true,
        "starting_lineup": true
      },
      {
        "number": "21",
        "name": "Ander Capa",
        "substituted_in": true,
        "starting_lineup": true
      },
      {
        "number": "16",
        "name": "Mikel Vesga",
        "substituted_in": true,
        "starting_lineup": true
      },
      {
        "number": "14",
        "name": "Dani García",
        "substituted_in": true,
        "starting_lineup": true
      },
      {
        "number": "15",
        "name": "Iñigo Lekue",
        "substituted_in": true,
        "starting_lineup": true
      },
      {
        "number": "22",
        "name": "Raúl García",
        "substituted_in": true,
        "starting_lineup": true
      },
      {
        "number": "11",
        "name": "Iñigo Córdoba",
        "substituted_in": true,
        "starting_lineup": true
      },
      {
        "number": "25",
        "name": "Asier Villalibre",
        "substituted_in": true,
        "starting_lineup": true
      },
      {
        "number": "17",
        "name": "Yuri Berchiche",
        "substituted_in": true,
        "starting_lineup": false
      },
      {
        "number": "8",
        "name": "Unai López",
        "substituted_in": true,
        "starting_lineup": false
      },
      {
        "number": "10",
        "name": "Iker Muniain",
        "substituted_in": true,
        "starting_lineup": false
      },
      {
        "number": "19",
        "name": "Ibai Gómez",
        "substituted_in": true,
        "starting_lineup": false
      },
      {
        "number": "9",
        "name": "Iñaki Williams",
        "substituted_in": true,
        "starting_lineup": false
      }
    ]
  },
  {
    "url": "https://www.transfermarkt.pl/sd-eibar_athletic-bilbao/aufstellung/spielbericht/3210038",
    "match_id": "3210038",
    "date": "śr., 17.06.2020",
    "competition": "LALIGA",
    "matchday": "29. Kolejka",
    "home_team": "SD Eibar",
    "away_team": "Athletic Bilbao",
    "home_players": [
      {
        "number": "1",
        "name": "Marko Dmitrovic",
        "substituted_in": true,
        "starting_lineup": true
      },
      {
        "number": "12",
        "name": "Paulo Oliveira",
        "substituted_in": true,
        "starting_lineup": true
      },
      {
        "number": "23",
        "name": "Anaitz Arbilla",
        "substituted_in": true,
        "starting_lineup": true
      },
      {
        "number": "15",
        "name": "Cote",
        "substituted_in": true,
        "starting_lineup": true
      },
      {
        "number": "20",
        "name": "Rober Correa",
        "substituted_in": true,
        "starting_lineup": true
      },
      {
        "number": "5",
        "name": "Gonzalo Escalante",
        "substituted_in": true,
        "starting_lineup": true
      },
      {
        "number": "10",
        "name": "Edu Expósito",
        "substituted_in": true,
        "starting_lineup": true
      },
      {
        "number": "14",
        "name": "Fabián Orellana",
        "substituted_in": true,
        "starting_lineup": true
      },
      {
        "number": "21",
        "name": "Pedro León",
        "substituted_in": true,
        "starting_lineup": true
      },
      {
        "number": "9",
        "name": "Sergi Enrich",
        "substituted_in": true,
        "starting_lineup": true
      },
      {
        "number": "17",
        "name": "Kike García",
        "substituted_in": true,
        "starting_lineup": true
      },
      {
        "number": "8",
        "name": "Pape Diop",
        "substituted_in": true,
        "starting_lineup": false
      },
      {
        "number": "18",
        "name": "Sebastián Cristóforo",
        "substituted_in": true,
        "starting_lineup": false
      },
      {
        "number": "16",
        "name": "Pablo de Blasis",
        "substituted_in": true,
        "starting_lineup": false
      },
      {
        "number": "7",
        "name": "Quique González",
        "substituted_in": true,
        "starting_lineup": false
      },
      {
        "number": "19",
        "name": "Charles",
        "substituted_in": true,
        "starting_lineup": false
      }
    ],
    "away_players": [
      {
        "number": "1",
        "name": "Unai Simón",
        "substituted_in": true,
        "starting_lineup": true
      },
      {
        "number": "4",
        "name": "Iñigo Martínez",
        "substituted_in": true,
        "starting_lineup": true
      },
      {
        "number": "5",
        "name": "Yeray Álvarez",
        "substituted_in": true,
        "starting_lineup": true
      },
      {
        "number": "17",
        "name": "Yuri Berchiche",
        "substituted_in": true,
        "starting_lineup": true
      },
      {
        "number": "21",
        "name": "Ander Capa",
        "substituted_in": true,
        "starting_lineup": true
      },
      {
        "number": "16",
        "name": "Mikel Vesga",
        "substituted_in": true,
        "starting_lineup": true
      },
      {
        "number": "14",
        "name": "Dani García",
        "substituted_in": true,
        "starting_lineup": true
      },
      {
        "number": "10",
        "name": "Iker Muniain",
        "substituted_in": true,
        "starting_lineup": true
      },
      {
        "number": "11",
        "name": "Iñigo Córdoba",
        "substituted_in": true,
        "starting_lineup": true
      },
      {
        "number": "12",
        "name": "Gaizka Larrazabal",
        "substituted_in": true,
        "starting_lineup": true
      },
      {
        "number": "22",
        "name": "Raúl García",
        "substituted_in": true,
        "starting_lineup": true
      },
      {
        "number": "15",
        "name": "Iñigo Lekue",
        "substituted_in": true,
        "starting_lineup": false
      },
      {
        "number": "19",
        "name": "Ibai Gómez",
        "substituted_in": true,
        "starting_lineup": false
      },
      {
        "number": "9",
        "name": "Iñaki Williams",
        "substituted_in": true,
        "starting_lineup": false
      },
      {
        "number": "25",
        "name": "Asier Villalibre",
        "substituted_in": true,
        "starting_lineup": false
      }
    ]
  },
  {
    "url": "https://www.transfermarkt.pl/levante-ud_athletic-bilbao/aufstellung/spielbericht/3210128",
    "match_id": "3210128",
    "date": "niedz., 12.07.2020",
    "competition": "LALIGA",
    "matchday": "36. Kolejka",
    "home_team": "Levante UD",
    "away_team": "Athletic Bilbao",
    "home_players": [
      {
        "number": "13",
        "name": "Aitor Fernández",
        "substituted_in": true,
        "starting_lineup": true
      },
      {
        "number": "6",
        "name": "Óscar Duarte",
        "substituted_in": true,
        "starting_lineup": true
      },
      {
        "number": "14",
        "name": "Rúben Vezo",
        "substituted_in": true,
        "starting_lineup": true
      },
      {
        "number": "19",
        "name": "Carlos Clerc",
        "substituted_in": true,
        "starting_lineup": true
      },
      {
        "number": "15",
        "name": "Sergio Postigo",
        "substituted_in": true,
        "starting_lineup": true
      },
      {
        "number": "17",
        "name": "Nikola Vukcevic",
        "substituted_in": true,
        "starting_lineup": true
      },
      {
        "number": "24",
        "name": "José Campaña",
        "substituted_in": true,
        "starting_lineup": true
      },
      {
        "number": "10",
        "name": "Enis Bardhi",
        "substituted_in": true,
        "starting_lineup": true
      },
      {
        "number": "16",
        "name": "Rubén Rochina",
        "substituted_in": true,
        "starting_lineup": true
      },
      {
        "number": "11",
        "name": "José Luis Morales",
        "substituted_in": true,
        "starting_lineup": true
      },
      {
        "number": "21",
        "name": "Borja Mayoral",
        "substituted_in": true,
        "starting_lineup": true
      },
      {
        "number": "5",
        "name": "Nemanja Radoja",
        "substituted_in": true,
        "starting_lineup": false
      },
      {
        "number": "22",
        "name": "Gonzalo Melero",
        "substituted_in": true,
        "starting_lineup": false
      },
      {
        "number": "43",
        "name": "Giorgi Kochorashvili",
        "substituted_in": true,
        "starting_lineup": false
      },
      {
        "number": "8",
        "name": "Hernâni",
        "substituted_in": true,
        "starting_lineup": false
      },
      {
        "number": "9",
        "name": "Roger Martí",
        "substituted_in": true,
        "starting_lineup": false
      }
    ],
    "away_players": [
      {
        "number": "1",
        "name": "Unai Simón",
        "substituted_in": true,
        "starting_lineup": true
      },
      {
        "number": "4",
        "name": "Iñigo Martínez",
        "substituted_in": true,
        "starting_lineup": true
      },
      {
        "number": "3",
        "name": "Unai Núñez",
        "substituted_in": true,
        "starting_lineup": true
      },
      {
        "number": "24",
        "name": "Mikel Balenziaga",
        "substituted_in": true,
        "starting_lineup": true
      },
      {
        "number": "18",
        "name": "Óscar de Marcos",
        "substituted_in": true,
        "starting_lineup": true
      },
      {
        "number": "16",
        "name": "Mikel Vesga",
        "substituted_in": true,
        "starting_lineup": true
      },
      {
        "number": "8",
        "name": "Unai López",
        "substituted_in": true,
        "starting_lineup": true
      },
      {
        "number": "34",
        "name": "Oihan Sancet",
        "substituted_in": true,
        "starting_lineup": true
      },
      {
        "number": "10",
        "name": "Iker Muniain",
        "substituted_in": true,
        "starting_lineup": true
      },
      {
        "number": "9",
        "name": "Iñaki Williams",
        "substituted_in": true,
        "starting_lineup": true
      },
      {
        "number": "22",
        "name": "Raúl García",
        "substituted_in": true,
        "starting_lineup": true
      },
      {
        "number": "15",
        "name": "Iñigo Lekue",
        "substituted_in": true,
        "starting_lineup": false
      },
      {
        "number": "11",
        "name": "Iñigo Córdoba",
        "substituted_in": true,
        "starting_lineup": false
      },
      {
        "number": "25",
        "name": "Asier Villalibre",
        "substituted_in": true,
        "starting_lineup": false
      },
      {
        "number": "23",
        "name": "Kenan Kodro",
        "substituted_in": true,
        "starting_lineup": false
      }
    ]
  },
  {
    "url": "https://www.transfermarkt.pl/athletic-bilbao_villarreal-cf/aufstellung/spielbericht/3209978",
    "match_id": "3209978",
    "date": "niedz., 01.03.2020",
    "competition": "LALIGA",
    "matchday": "26. Kolejka",
    "home_team": "Athletic Bilbao",
    "away_team": "Villarreal CF",
    "home_players": [
      {
        "number": "1",
        "name": "Unai Simón",
        "substituted_in": true,
        "starting_lineup": true
      },
      {
        "number": "4",
        "name": "Iñigo Martínez",
        "substituted_in": true,
        "starting_lineup": true
      },
      {
        "number": "5",
        "name": "Yeray Álvarez",
        "substituted_in": true,
        "starting_lineup": true
      },
      {
        "number": "17",
        "name": "Yuri Berchiche",
        "substituted_in": true,
        "starting_lineup": true
      },
      {
        "number": "21",
        "name": "Ander Capa",
        "substituted_in": true,
        "starting_lineup": true
      },
      {
        "number": "16",
        "name": "Mikel Vesga",
        "substituted_in": true,
        "starting_lineup": true
      },
      {
        "number": "14",
        "name": "Dani García",
        "substituted_in": true,
        "starting_lineup": true
      },
      {
        "number": "10",
        "name": "Iker Muniain",
        "substituted_in": true,
        "starting_lineup": true
      },
      {
        "number": "11",
        "name": "Iñigo Córdoba",
        "substituted_in": true,
        "starting_lineup": true
      },
      {
        "number": "19",
        "name": "Ibai Gómez",
        "substituted_in": true,
        "starting_lineup": true
      },
      {
        "number": "22",
        "name": "Raúl García",
        "substituted_in": true,
        "starting_lineup": true
      },
      {
        "number": "3",
        "name": "Unai Núñez",
        "substituted_in": true,
        "starting_lineup": false
      },
      {
        "number": "34",
        "name": "Oihan Sancet",
        "substituted_in": true,
        "starting_lineup": false
      },
      {
        "number": "9",
        "name": "Iñaki Williams",
        "substituted_in": true,
        "starting_lineup": false
      }
    ],
    "away_players": [
      {
        "number": "1",
        "name": "Sergio Asenjo",
        "substituted_in": true,
        "starting_lineup": true
      },
      {
        "number": "4",
        "name": "Pau Torres",
        "substituted_in": true,
        "starting_lineup": true
      },
      {
        "number": "3",
        "name": "Raúl Albiol",
        "substituted_in": true,
        "starting_lineup": true
      },
      {
        "number": "18",
        "name": "Alberto Moreno",
        "substituted_in": true,
        "starting_lineup": true
      },
      {
        "number": "20",
        "name": "Rubén Peña",
        "substituted_in": true,
        "starting_lineup": true
      },
      {
        "number": "10",
        "name": "Vicente Iborra",
        "substituted_in": true,
        "starting_lineup": true
      },
      {
        "number": "14",
        "name": "Manu Trigueros",
        "substituted_in": true,
        "starting_lineup": true
      },
      {
        "number": "8",
        "name": "Santi Cazorla",
        "substituted_in": true,
        "starting_lineup": true
      },
      {
        "number": "24",
        "name": "Javi Ontiveros",
        "substituted_in": true,
        "starting_lineup": true
      },
      {
        "number": "7",
        "name": "Gerard Moreno",
        "substituted_in": true,
        "starting_lineup": true
      },
      {
        "number": "17",
        "name": "Paco Alcácer",
        "substituted_in": true,
        "starting_lineup": true
      },
      {
        "number": "19",
        "name": "Frank Anguissa",
        "substituted_in": true,
        "starting_lineup": false
      },
      {
        "number": "23",
        "name": "Moi Gómez",
        "substituted_in": true,
        "starting_lineup": false
      },
      {
        "number": "11",
        "name": "Samuel Chukwueze",
        "substituted_in": true,
        "starting_lineup": false
      }
    ]
  },
  {
    "url": "https://www.transfermarkt.pl/rcd-mallorca_athletic-bilbao/aufstellung/spielbericht/3208665",
    "match_id": "3208665",
    "date": "pt., 13.09.2019",
    "competition": "LALIGA",
    "matchday": "4. Kolejka",
    "home_team": "RCD Mallorca",
    "away_team": "Athletic Bilbao",
    "home_players": [
      {
        "number": "1",
        "name": "Manolo Reina",
        "substituted_in": true,
        "starting_lineup": true
      },
      {
        "number": "21",
        "name": "Antonio Raíllo",
        "substituted_in": true,
        "starting_lineup": true
      },
      {
        "number": "24",
        "name": "Martin Valjent",
        "substituted_in": true,
        "starting_lineup": true
      },
      {
        "number": "18",
        "name": "Abdul Rahman Baba",
        "substituted_in": true,
        "starting_lineup": true
      },
      {
        "number": "2",
        "name": "Joan Sastre",
        "substituted_in": true,
        "starting_lineup": true
      },
      {
        "number": "12",
        "name": "Iddrisu Baba",
        "substituted_in": true,
        "starting_lineup": true
      },
      {
        "number": "8",
        "name": "Salva Sevilla",
        "substituted_in": true,
        "starting_lineup": true
      },
      {
        "number": "14",
        "name": "Dani Rodríguez",
        "substituted_in": true,
        "starting_lineup": true
      },
      {
        "number": "23",
        "name": "Aleix Febas",
        "substituted_in": true,
        "starting_lineup": true
      },
      {
        "number": "11",
        "name": "Lago Júnior",
        "substituted_in": true,
        "starting_lineup": true
      },
      {
        "number": "22",
        "name": "Ante Budimir",
        "substituted_in": true,
        "starting_lineup": true
      },
      {
        "number": "26",
        "name": "Takefusa Kubo",
        "substituted_in": true,
        "starting_lineup": false
      },
      {
        "number": "9",
        "name": "Abdón Prats",
        "substituted_in": true,
        "starting_lineup": false
      },
      {
        "number": "10",
        "name": "Álex Alegría",
        "substituted_in": true,
        "starting_lineup": false
      }
    ],
    "away_players": [
      {
        "number": "1",
        "name": "Unai Simón",
        "substituted_in": true,
        "starting_lineup": true
      },
      {
        "number": "4",
        "name": "Iñigo Martínez",
        "substituted_in": true,
        "starting_lineup": true
      },
      {
        "number": "5",
        "name": "Yeray Álvarez",
        "substituted_in": true,
        "starting_lineup": true
      },
      {
        "number": "17",
        "name": "Yuri Berchiche",
        "substituted_in": true,
        "starting_lineup": true
      },
      {
        "number": "21",
        "name": "Ander Capa",
        "substituted_in": true,
        "starting_lineup": true
      },
      {
        "number": "14",
        "name": "Dani García",
        "substituted_in": true,
        "starting_lineup": true
      },
      {
        "number": "8",
        "name": "Unai López",
        "substituted_in": true,
        "starting_lineup": true
      },
      {
        "number": "22",
        "name": "Raúl García",
        "substituted_in": true,
        "starting_lineup": true
      },
      {
        "number": "11",
        "name": "Iñigo Córdoba",
        "substituted_in": true,
        "starting_lineup": true
      },
      {
        "number": "10",
        "name": "Iker Muniain",
        "substituted_in": true,
        "starting_lineup": true
      },
      {
        "number": "9",
        "name": "Iñaki Williams",
        "substituted_in": true,
        "starting_lineup": true
      },
      {
        "number": "12",
        "name": "Gaizka Larrazabal",
        "substituted_in": true,
        "starting_lineup": false
      },
      {
        "number": "7",
        "name": "Beñat Etxebarria",
        "substituted_in": true,
        "starting_lineup": false
      },
      {
        "number": "20",
        "name": "Aritz Aduriz",
        "substituted_in": true,
        "starting_lineup": false
      }
    ]
  }
]