[
  {
    "url": "https://www.transfermarkt.pl/real-betis-balompié_athletic-bilbao/aufstellung/spielbericht/3079386",
    "match_id": "3079386",
    "date": "niedz., 23.09.2018",
    "competition": "LALIGA",
    "matchday": "5. Kolejka",
    "home_team": "Real Betis Balompié",
    "away_team": "Athletic Bilbao",
    "home_players": [
      {
        "number": "13",
        "name": "Pau López",
        "substituted_in": true,
        "starting_lineup": true
      },
      {
        "number": "5",
        "name": "Marc Bartra",
        "substituted_in": true,
        "starting_lineup": true
      },
      {
        "number": "12",
        "name": "Sidnei",
        "substituted_in": true,
        "starting_lineup": true
      },
      {
        "number": "23",
        "name": "Aïssa Mandi",
        "substituted_in": true,
        "starting_lineup": true
      },
      {
        "number": "18",
        "name": "Andrés Guardado",
        "substituted_in": true,
        "starting_lineup": true
      },
      {
        "number": "21",
        "name": "Giovani Lo Celso",
        "substituted_in": true,
        "starting_lineup": true
      },
      {
        "number": "2",
        "name": "Francis Guerrero",
        "substituted_in": true,
        "starting_lineup": true
      },
      {
        "number": "20",
        "name": "Junior Firpo",
        "substituted_in": true,
        "starting_lineup": true
      },
      {
        "number": "6",
        "name": "Sergio Canales",
        "substituted_in": true,
        "starting_lineup": true
      },
      {
        "number": "17",
        "name": "Joaquín",
        "substituted_in": true,
        "starting_lineup": true
      },
      {
        "number": "9",
        "name": "Antonio Sanabria",
        "substituted_in": true,
        "starting_lineup": true
      },
      {
        "number": "11",
        "name": "Cristian Tello",
        "substituted_in": true,
        "starting_lineup": false
      },
      {
        "number": "8",
        "name": "Takashi Inui",
        "substituted_in": true,
        "starting_lineup": false
      },
      {
        "number": "16",
        "name": "Loren Morón",
        "substituted_in": true,
        "starting_lineup": false
      }
    ],
    "away_players": [
      {
        "number": "25",
        "name": "Unai Simón",
        "substituted_in": true,
        "starting_lineup": true
      },
      {
        "number": "4",
        "name": "Iñigo Martínez",
        "substituted_in": true,
        "starting_lineup": true
      },
      {
        "number": "5",
        "name": "Yeray Álvarez",
        "substituted_in": true,
        "starting_lineup": true
      },
      {
        "number": "24",
        "name": "Mikel Balenziaga",
        "substituted_in": true,
        "starting_lineup": true
      },
      {
        "number": "18",
        "name": "Óscar de Marcos",
        "substituted_in": true,
        "starting_lineup": true
      },
      {
        "number": "16",
        "name": "Dani García",
        "substituted_in": true,
        "starting_lineup": true
      },
      {
        "number": "7",
        "name": "Beñat Etxebarria",
        "substituted_in": true,
        "starting_lineup": true
      },
      {
        "number": "12",
        "name": "Yuri Berchiche",
        "substituted_in": true,
        "starting_lineup": true
      },
      {
        "number": "22",
        "name": "Raúl García",
        "substituted_in": true,
        "starting_lineup": true
      },
      {
        "number": "14",
        "name": "Markel Susaeta",
        "substituted_in": true,
        "starting_lineup": true
      },
      {
        "number": "9",
        "name": "Iñaki Williams",
        "substituted_in": true,
        "starting_lineup": true
      },
      {
        "number": "21",
        "name": "Ander Capa",
        "substituted_in": true,
        "starting_lineup": false
      },
      {
        "number": "6",
        "name": "Mikel San José",
        "substituted_in": true,
        "starting_lineup": false
      },
      {
        "number": "10",
        "name": "Iker Muniain",
        "substituted_in": true,
        "starting_lineup": false
      }
    ]
  },
  {
    "url": "https://www.transfermarkt.pl/levante-ud_athletic-bilbao/aufstellung/spielbericht/3079476",
    "match_id": "3079476",
    "date": "pon., 03.12.2018",
    "competition": "LALIGA",
    "matchday": "14. Kolejka",
    "home_team": "Levante UD",
    "away_team": "Athletic Bilbao",
    "home_players": [
      {
        "number": "13",
        "name": "Oier Olazábal",
        "substituted_in": true,
        "starting_lineup": true
      },
      {
        "number": "6",
        "name": "Chema Rodríguez",
        "substituted_in": true,
        "starting_lineup": true
      },
      {
        "number": "4",
        "name": "Róber Pier",
        "substituted_in": true,
        "starting_lineup": true
      },
      {
        "number": "18",
        "name": "Erick Cabaco",
        "substituted_in": true,
        "starting_lineup": true
      },
      {
        "number": "24",
        "name": "José Campaña",
        "substituted_in": true,
        "starting_lineup": true
      },
      {
        "number": "10",
        "name": "Enis Bardhi",
        "substituted_in": true,
        "starting_lineup": true
      },
      {
        "number": "23",
        "name": "Jason Remeseiro",
        "substituted_in": true,
        "starting_lineup": true
      },
      {
        "number": "3",
        "name": "Toño García",
        "substituted_in": true,
        "starting_lineup": true
      },
      {
        "number": "16",
        "name": "Rubén Rochina",
        "substituted_in": true,
        "starting_lineup": true
      },
      {
        "number": "9",
        "name": "Roger Martí",
        "substituted_in": true,
        "starting_lineup": true
      },
      {
        "number": "11",
        "name": "José Luis Morales",
        "substituted_in": true,
        "starting_lineup": true
      },
      {
        "number": "17",
        "name": "Nikola Vukcevic",
        "substituted_in": true,
        "starting_lineup": false
      },
      {
        "number": "2",
        "name": "Borja Mayoral",
        "substituted_in": true,
        "starting_lineup": false
      },
      {
        "number": "21",
        "name": "Emmanuel Boateng",
        "substituted_in": true,
        "starting_lineup": false
      }
    ],
    "away_players": [
      {
        "number": "13",
        "name": "Iago Herrerín",
        "substituted_in": true,
        "starting_lineup": true
      },
      {
        "number": "4",
        "name": "Iñigo Martínez",
        "substituted_in": true,
        "starting_lineup": true
      },
      {
        "number": "3",
        "name": "Unai Núñez",
        "substituted_in": true,
        "starting_lineup": true
      },
      {
        "number": "31",
        "name": "Peru Nolaskoain",
        "substituted_in": true,
        "starting_lineup": true
      },
      {
        "number": "6",
        "name": "Mikel San José",
        "substituted_in": true,
        "starting_lineup": true
      },
      {
        "number": "7",
        "name": "Beñat Etxebarria",
        "substituted_in": true,
        "starting_lineup": true
      },
      {
        "number": "18",
        "name": "Óscar de Marcos",
        "substituted_in": true,
        "starting_lineup": true
      },
      {
        "number": "2",
        "name": "Cristian Ganea",
        "substituted_in": true,
        "starting_lineup": true
      },
      {
        "number": "10",
        "name": "Iker Muniain",
        "substituted_in": true,
        "starting_lineup": true
      },
      {
        "number": "9",
        "name": "Iñaki Williams",
        "substituted_in": true,
        "starting_lineup": true
      },
      {
        "number": "20",
        "name": "Aritz Aduriz",
        "substituted_in": true,
        "starting_lineup": true
      },
      {
        "number": "21",
        "name": "Ander Capa",
        "substituted_in": true,
        "starting_lineup": false
      },
      {
        "number": "22",
        "name": "Raúl García",
        "substituted_in": true,
        "starting_lineup": false
      },
      {
        "number": "14",
        "name": "Markel Susaeta",
        "substituted_in": true,
        "starting_lineup": false
      }
    ]
  },
  {
    "url": "https://www.transfermarkt.pl/athletic-bilbao_sd-huesca/aufstellung/spielbericht/3118594",
    "match_id": "3118594",
    "date": "śr., 28.11.2018",
    "competition": "Unknown",
    "matchday": "Unknown",
    "home_team": "Athletic Bilbao",
    "away_team": "SD Huesca",
    "home_players": [
      {
        "number": "25",
        "name": "Unai Simón",
        "substituted_in": true,
        "starting_lineup": true
      },
      {
        "number": "4",
        "name": "Iñigo Martínez",
        "substituted_in": true,
        "starting_lineup": true
      },
      {
        "number": "31",
        "name": "Peru Nolaskoain",
        "substituted_in": true,
        "starting_lineup": true
      },
      {
        "number": "12",
        "name": "Yuri Berchiche",
        "substituted_in": true,
        "starting_lineup": true
      },
      {
        "number": "18",
        "name": "Óscar de Marcos",
        "substituted_in": true,
        "starting_lineup": true
      },
      {
        "number": "6",
        "name": "Mikel San José",
        "substituted_in": true,
        "starting_lineup": true
      },
      {
        "number": "7",
        "name": "Beñat Etxebarria",
        "substituted_in": true,
        "starting_lineup": true
      },
      {
        "number": "10",
        "name": "Iker Muniain",
        "substituted_in": true,
        "starting_lineup": true
      },
      {
        "number": "30",
        "name": "Gorka Guruzeta",
        "substituted_in": true,
        "starting_lineup": true
      },
      {
        "number": "9",
        "name": "Iñaki Williams",
        "substituted_in": true,
        "starting_lineup": true
      },
      {
        "number": "20",
        "name": "Aritz Aduriz",
        "substituted_in": true,
        "starting_lineup": true
      },
      {
        "number": "2",
        "name": "Cristian Ganea",
        "substituted_in": true,
        "starting_lineup": false
      },
      {
        "number": "21",
        "name": "Ander Capa",
        "substituted_in": true,
        "starting_lineup": false
      },
      {
        "number": "16",
        "name": "Dani García",
        "substituted_in": true,
        "starting_lineup": false
      }
    ],
    "away_players": [
      {
        "number": "1",
        "name": "Axel Werner",
        "substituted_in": true,
        "starting_lineup": true
      },
      {
        "number": "4",
        "name": "Rúben Semedo",
        "substituted_in": true,
        "starting_lineup": true
      },
      {
        "number": "18",
        "name": "Pablo Insua",
        "substituted_in": true,
        "starting_lineup": true
      },
      {
        "number": "20",
        "name": "Rajko Brezancic",
        "substituted_in": true,
        "starting_lineup": true
      },
      {
        "number": "15",
        "name": "Carlos Akapo",
        "substituted_in": true,
        "starting_lineup": true
      },
      {
        "number": "5",
        "name": "Juan Aguilera",
        "substituted_in": true,
        "starting_lineup": true
      },
      {
        "number": "17",
        "name": "Christian Rivera",
        "substituted_in": true,
        "starting_lineup": true
      },
      {
        "number": "22",
        "name": "Lluis Sastre",
        "substituted_in": true,
        "starting_lineup": true
      },
      {
        "number": "19",
        "name": "Chimy Ávila",
        "substituted_in": true,
        "starting_lineup": true
      },
      {
        "number": "21",
        "name": "Serdar Gürler",
        "substituted_in": true,
        "starting_lineup": true
      },
      {
        "number": "12",
        "name": "Samuele Longo",
        "substituted_in": true,
        "starting_lineup": true
      },
      {
        "number": "14",
        "name": "Jorge Pulido",
        "substituted_in": true,
        "starting_lineup": false
      },
      {
        "number": "24",
        "name": "Jorge Miramón",
        "substituted_in": true,
        "starting_lineup": false
      },
      {
        "number": "10",
        "name": "Juanjo Camacho",
        "substituted_in": true,
        "starting_lineup": false
      }
    ]
  },
  {
    "url": "https://www.transfermarkt.pl/sevilla-fc_athletic-bilbao/aufstellung/spielbericht/3142971",
    "match_id": "3142971",
    "date": "śr., 16.01.2019",
    "competition": "Unknown",
    "matchday": "Unknown",
    "home_team": "Sevilla FC",
    "away_team": "Athletic Bilbao",
    "home_players": [
      {
        "number": "13",
        "name": "Juan Soriano",
        "substituted_in": true,
        "starting_lineup": true
      },
      {
        "number": "6",
        "name": "Daniel Carriço",
        "substituted_in": true,
        "starting_lineup": true
      },
      {
        "number": "24",
        "name": "Joris Gnagnon",
        "substituted_in": true,
        "starting_lineup": true
      },
      {
        "number": "25",
        "name": "Gabriel Mercado",
        "substituted_in": true,
        "starting_lineup": true
      },
      {
        "number": "5",
        "name": "Ibrahim Amadou",
        "substituted_in": true,
        "starting_lineup": true
      },
      {
        "number": "7",
        "name": "Roque Mesa",
        "substituted_in": true,
        "starting_lineup": true
      },
      {
        "number": "11",
        "name": "Aleix Vidal",
        "substituted_in": true,
        "starting_lineup": true
      },
      {
        "number": "21",
        "name": "Quincy Promes",
        "substituted_in": true,
        "starting_lineup": true
      },
      {
        "number": "22",
        "name": "Franco Vázquez",
        "substituted_in": true,
        "starting_lineup": true
      },
      {
        "number": "19",
        "name": "Munir El Haddadi",
        "substituted_in": true,
        "starting_lineup": true
      },
      {
        "number": "9",
        "name": "Wissam Ben Yedder",
        "substituted_in": true,
        "starting_lineup": true
      },
      {
        "number": "10",
        "name": "Éver Banega",
        "substituted_in": true,
        "starting_lineup": false
      },
      {
        "number": "41",
        "name": "Bryan Gil",
        "substituted_in": true,
        "starting_lineup": false
      },
      {
        "number": "17",
        "name": "Pablo Sarabia",
        "substituted_in": true,
        "starting_lineup": false
      }
    ],
    "away_players": [
      {
        "number": "25",
        "name": "Unai Simón",
        "substituted_in": true,
        "starting_lineup": true
      },
      {
        "number": "3",
        "name": "Unai Núñez",
        "substituted_in": true,
        "starting_lineup": true
      },
      {
        "number": "31",
        "name": "Peru Nolaskoain",
        "substituted_in": true,
        "starting_lineup": true
      },
      {
        "number": "24",
        "name": "Mikel Balenziaga",
        "substituted_in": true,
        "starting_lineup": true
      },
      {
        "number": "18",
        "name": "Óscar de Marcos",
        "substituted_in": true,
        "starting_lineup": true
      },
      {
        "number": "6",
        "name": "Mikel San José",
        "substituted_in": true,
        "starting_lineup": true
      },
      {
        "number": "8",
        "name": "Ander Iturraspe",
        "substituted_in": true,
        "starting_lineup": true
      },
      {
        "number": "23",
        "name": "Unai López",
        "substituted_in": true,
        "starting_lineup": true
      },
      {
        "number": "19",
        "name": "Ibai Gómez",
        "substituted_in": true,
        "starting_lineup": true
      },
      {
        "number": "14",
        "name": "Markel Susaeta",
        "substituted_in": true,
        "starting_lineup": true
      },
      {
        "number": "30",
        "name": "Gorka Guruzeta",
        "substituted_in": true,
        "starting_lineup": true
      },
      {
        "number": "16",
        "name": "Dani García",
        "substituted_in": true,
        "starting_lineup": false
      },
      {
        "number": "11",
        "name": "Iñigo Córdoba",
        "substituted_in": true,
        "starting_lineup": false
      },
      {
        "number": "10",
        "name": "Iker Muniain",
        "substituted_in": true,
        "starting_lineup": false
      }
    ]
  },
  {
    "url": "https://www.transfermarkt.pl/fc-barcelona_athletic-bilbao/aufstellung/spielbericht/3079406",
    "match_id": "3079406",
    "date": "sob., 29.09.2018",
    "competition": "LALIGA",
    "matchday": "7. Kolejka",
    "home_team": "FC Barcelona",
    "away_team": "Athletic Bilbao",
    "home_players": [
      {
        "number": "1",
        "name": "Marc-André ter Stegen",
        "substituted_in": true,
        "starting_lineup": true
      },
      {
        "number": "15",
        "name": "Clément Lenglet",
        "substituted_in": true,
        "starting_lineup": true
      },
      {
        "number": "3",
        "name": "Gerard Piqué",
        "substituted_in": true,
        "starting_lineup": true
      },
      {
        "number": "18",
        "name": "Jordi Alba",
        "substituted_in": true,
        "starting_lineup": true
      },
      {
        "number": "2",
        "name": "Nélson Semedo",
        "substituted_in": true,
        "starting_lineup": true
      },
      {
        "number": "20",
        "name": "Sergi Roberto",
        "substituted_in": true,
        "starting_lineup": true
      },
      {
        "number": "4",
        "name": "Ivan Rakitic",
        "substituted_in": true,
        "starting_lineup": true
      },
      {
        "number": "22",
        "name": "Arturo Vidal",
        "substituted_in": true,
        "starting_lineup": true
      },
      {
        "number": "7",
        "name": "Philippe Coutinho",
        "substituted_in": true,
        "starting_lineup": true
      },
      {
        "number": "11",
        "name": "Ousmane Dembélé",
        "substituted_in": true,
        "starting_lineup": true
      },
      {
        "number": "9",
        "name": "Luis Suárez",
        "substituted_in": true,
        "starting_lineup": true
      },
      {
        "number": "5",
        "name": "Sergio Busquets",
        "substituted_in": true,
        "starting_lineup": false
      },
      {
        "number": "19",
        "name": "Munir El Haddadi",
        "substituted_in": true,
        "starting_lineup": false
      },
      {
        "number": "10",
        "name": "Lionel Messi",
        "substituted_in": true,
        "starting_lineup": false
      }
    ],
    "away_players": [
      {
        "number": "25",
        "name": "Unai Simón",
        "substituted_in": true,
        "starting_lineup": true
      },
      {
        "number": "4",
        "name": "Iñigo Martínez",
        "substituted_in": true,
        "starting_lineup": true
      },
      {
        "number": "5",
        "name": "Yeray Álvarez",
        "substituted_in": true,
        "starting_lineup": true
      },
      {
        "number": "24",
        "name": "Mikel Balenziaga",
        "substituted_in": true,
        "starting_lineup": true
      },
      {
        "number": "18",
        "name": "Óscar de Marcos",
        "substituted_in": true,
        "starting_lineup": true
      },
      {
        "number": "16",
        "name": "Dani García",
        "substituted_in": true,
        "starting_lineup": true
      },
      {
        "number": "7",
        "name": "Beñat Etxebarria",
        "substituted_in": true,
        "starting_lineup": true
      },
      {
        "number": "12",
        "name": "Yuri Berchiche",
        "substituted_in": true,
        "starting_lineup": true
      },
      {
        "number": "22",
        "name": "Raúl García",
        "substituted_in": true,
        "starting_lineup": true
      },
      {
        "number": "14",
        "name": "Markel Susaeta",
        "substituted_in": true,
        "starting_lineup": true
      },
      {
        "number": "9",
        "name": "Iñaki Williams",
        "substituted_in": true,
        "starting_lineup": true
      },
      {
        "number": "6",
        "name": "Mikel San José",
        "substituted_in": true,
        "starting_lineup": false
      },
      {
        "number": "31",
        "name": "Peru Nolaskoain",
        "substituted_in": true,
        "starting_lineup": false
      },
      {
        "number": "20",
        "name": "Aritz Aduriz",
        "substituted_in": true,
        "starting_lineup": false
      }
    ]
  },
  {
    "url": "https://www.transfermarkt.pl/valencia-cf_athletic-bilbao/aufstellung/spielbericht/3080828",
    "match_id": "3080828",
    "date": "niedz., 03.03.2019",
    "competition": "LALIGA",
    "matchday": "26. Kolejka",
    "home_team": "Valencia CF",
    "away_team": "Athletic Bilbao",
    "home_players": [
      {
        "number": "13",
        "name": "Neto",
        "substituted_in": true,
        "starting_lineup": true
      },
      {
        "number": "4",
        "name": "Facundo Roncaglia",
        "substituted_in": true,
        "starting_lineup": true
      },
      {
        "number": "12",
        "name": "Mouctar Diakhaby",
        "substituted_in": true,
        "starting_lineup": true
      },
      {
        "number": "14",
        "name": "José Gayà",
        "substituted_in": true,
        "starting_lineup": true
      },
      {
        "number": "18",
        "name": "Daniel Wass",
        "substituted_in": true,
        "starting_lineup": true
      },
      {
        "number": "6",
        "name": "Geoffrey Kondogbia",
        "substituted_in": true,
        "starting_lineup": true
      },
      {
        "number": "10",
        "name": "Dani Parejo",
        "substituted_in": true,
        "starting_lineup": true
      },
      {
        "number": "11",
        "name": "Denis Cheryshev",
        "substituted_in": true,
        "starting_lineup": true
      },
      {
        "number": "20",
        "name": "Ferran Torres",
        "substituted_in": true,
        "starting_lineup": true
      },
      {
        "number": "19",
        "name": "Rodrigo",
        "substituted_in": true,
        "starting_lineup": true
      },
      {
        "number": "22",
        "name": "Santi Mina",
        "substituted_in": true,
        "starting_lineup": true
      },
      {
        "number": "8",
        "name": "Carlos Soler",
        "substituted_in": true,
        "starting_lineup": false
      },
      {
        "number": "7",
        "name": "Gonçalo Guedes",
        "substituted_in": true,
        "starting_lineup": false
      },
      {
        "number": "9",
        "name": "Kévin Gameiro",
        "substituted_in": true,
        "starting_lineup": false
      }
    ],
    "away_players": [
      {
        "number": "13",
        "name": "Iago Herrerín",
        "substituted_in": true,
        "starting_lineup": true
      },
      {
        "number": "4",
        "name": "Iñigo Martínez",
        "substituted_in": true,
        "starting_lineup": true
      },
      {
        "number": "5",
        "name": "Yeray Álvarez",
        "substituted_in": true,
        "starting_lineup": true
      },
      {
        "number": "12",
        "name": "Yuri Berchiche",
        "substituted_in": true,
        "starting_lineup": true
      },
      {
        "number": "18",
        "name": "Óscar de Marcos",
        "substituted_in": true,
        "starting_lineup": true
      },
      {
        "number": "16",
        "name": "Dani García",
        "substituted_in": true,
        "starting_lineup": true
      },
      {
        "number": "7",
        "name": "Beñat Etxebarria",
        "substituted_in": true,
        "starting_lineup": true
      },
      {
        "number": "22",
        "name": "Raúl García",
        "substituted_in": true,
        "starting_lineup": true
      },
      {
        "number": "10",
        "name": "Iker Muniain",
        "substituted_in": true,
        "starting_lineup": true
      },
      {
        "number": "19",
        "name": "Ibai Gómez",
        "substituted_in": true,
        "starting_lineup": true
      },
      {
        "number": "9",
        "name": "Iñaki Williams",
        "substituted_in": true,
        "starting_lineup": true
      },
      {
        "number": "6",
        "name": "Mikel San José",
        "substituted_in": true,
        "starting_lineup": false
      },
      {
        "number": "14",
        "name": "Markel Susaeta",
        "substituted_in": true,
        "starting_lineup": false
      },
      {
        "number": "2",
        "name": "Kenan Kodro",
        "substituted_in": true,
        "starting_lineup": false
      }
    ]
  },
  {
    "url": "https://www.transfermarkt.pl/sd-huesca_athletic-bilbao/aufstellung/spielbericht/3080806",
    "match_id": "3080806",
    "date": "pon., 18.02.2019",
    "competition": "LALIGA",
    "matchday": "24. Kolejka",
    "home_team": "SD Huesca",
    "away_team": "Athletic Bilbao",
    "home_players": [
      {
        "number": "13",
        "name": "Roberto Santamaría",
        "substituted_in": true,
        "starting_lineup": true
      },
      {
        "number": "4",
        "name": "Adrián Diéguez",
        "substituted_in": true,
        "starting_lineup": true
      },
      {
        "number": "3",
        "name": "Xabi Etxeita",
        "substituted_in": true,
        "starting_lineup": true
      },
      {
        "number": "14",
        "name": "Jorge Pulido",
        "substituted_in": true,
        "starting_lineup": true
      },
      {
        "number": "12",
        "name": "Javi Galán",
        "substituted_in": true,
        "starting_lineup": true
      },
      {
        "number": "24",
        "name": "Jorge Miramón",
        "substituted_in": true,
        "starting_lineup": true
      },
      {
        "number": "17",
        "name": "Christian Rivera",
        "substituted_in": true,
        "starting_lineup": true
      },
      {
        "number": "21",
        "name": "Yangel Herrera",
        "substituted_in": true,
        "starting_lineup": true
      },
      {
        "number": "6",
        "name": "Moi Gómez",
        "substituted_in": true,
        "starting_lineup": true
      },
      {
        "number": "22",
        "name": "Enric Gallego",
        "substituted_in": true,
        "starting_lineup": true
      },
      {
        "number": "19",
        "name": "Chimy Ávila",
        "substituted_in": true,
        "starting_lineup": true
      },
      {
        "number": "20",
        "name": "Juanpi",
        "substituted_in": true,
        "starting_lineup": false
      },
      {
        "number": "7",
        "name": "David Ferreiro",
        "substituted_in": true,
        "starting_lineup": false
      },
      {
        "number": "9",
        "name": "Cucho Hernández",
        "substituted_in": true,
        "starting_lineup": false
      }
    ],
    "away_players": [
      {
        "number": "13",
        "name": "Iago Herrerín",
        "substituted_in": true,
        "starting_lineup": true
      },
      {
        "number": "4",
        "name": "Iñigo Martínez",
        "substituted_in": true,
        "starting_lineup": true
      },
      {
        "number": "5",
        "name": "Yeray Álvarez",
        "substituted_in": true,
        "starting_lineup": true
      },
      {
        "number": "12",
        "name": "Yuri Berchiche",
        "substituted_in": true,
        "starting_lineup": true
      },
      {
        "number": "21",
        "name": "Ander Capa",
        "substituted_in": true,
        "starting_lineup": true
      },
      {
        "number": "6",
        "name": "Mikel San José",
        "substituted_in": true,
        "starting_lineup": true
      },
      {
        "number": "7",
        "name": "Beñat Etxebarria",
        "substituted_in": true,
        "starting_lineup": true
      },
      {
        "number": "22",
        "name": "Raúl García",
        "substituted_in": true,
        "starting_lineup": true
      },
      {
        "number": "10",
        "name": "Iker Muniain",
        "substituted_in": true,
        "starting_lineup": true
      },
      {
        "number": "14",
        "name": "Markel Susaeta",
        "substituted_in": true,
        "starting_lineup": true
      },
      {
        "number": "9",
        "name": "Iñaki Williams",
        "substituted_in": true,
        "starting_lineup": true
      },
      {
        "number": "11",
        "name": "Iñigo Córdoba",
        "substituted_in": true,
        "starting_lineup": false
      },
      {
        "number": "19",
        "name": "Ibai Gómez",
        "substituted_in": true,
        "starting_lineup": false
      },
      {
        "number": "2",
        "name": "Kenan Kodro",
        "substituted_in": true,
        "starting_lineup": false
      }
    ]
  },
  {
    "url": "https://www.transfermarkt.pl/atlético-madryt_athletic-bilbao/aufstellung/spielbericht/3079458",
    "match_id": "3079458",
    "date": "sob., 10.11.2018",
    "competition": "LALIGA",
    "matchday": "12. Kolejka",
    "home_team": "Atlético Madryt",
    "away_team": "Athletic Bilbao",
    "home_players": [
      {
        "number": "13",
        "name": "Jan Oblak",
        "substituted_in": true,
        "starting_lineup": true
      },
      {
        "number": "35",
        "name": "Javi Montero",
        "substituted_in": true,
        "starting_lineup": true
      },
      {
        "number": "2",
        "name": "Diego Godín",
        "substituted_in": true,
        "starting_lineup": true
      },
      {
        "number": "3",
        "name": "Filipe Luís",
        "substituted_in": true,
        "starting_lineup": true
      },
      {
        "number": "4",
        "name": "Santiago Arias",
        "substituted_in": true,
        "starting_lineup": true
      },
      {
        "number": "5",
        "name": "Thomas Partey",
        "substituted_in": true,
        "starting_lineup": true
      },
      {
        "number": "14",
        "name": "Rodri",
        "substituted_in": true,
        "starting_lineup": true
      },
      {
        "number": "8",
        "name": "Saúl Ñíguez",
        "substituted_in": true,
        "starting_lineup": true
      },
      {
        "number": "10",
        "name": "Ángel Correa",
        "substituted_in": true,
        "starting_lineup": true
      },
      {
        "number": "7",
        "name": "Antoine Griezmann",
        "substituted_in": true,
        "starting_lineup": true
      },
      {
        "number": "19",
        "name": "Diego Costa",
        "substituted_in": true,
        "starting_lineup": true
      },
      {
        "number": "23",
        "name": "Vitolo",
        "substituted_in": true,
        "starting_lineup": false
      },
      {
        "number": "18",
        "name": "Gelson Martins",
        "substituted_in": true,
        "starting_lineup": false
      },
      {
        "number": "9",
        "name": "Nikola Kalinić",
        "substituted_in": true,
        "starting_lineup": false
      }
    ],
    "away_players": [
      {
        "number": "13",
        "name": "Iago Herrerín",
        "substituted_in": true,
        "starting_lineup": true
      },
      {
        "number": "4",
        "name": "Iñigo Martínez",
        "substituted_in": true,
        "starting_lineup": true
      },
      {
        "number": "3",
        "name": "Unai Núñez",
        "substituted_in": true,
        "starting_lineup": true
      },
      {
        "number": "24",
        "name": "Mikel Balenziaga",
        "substituted_in": true,
        "starting_lineup": true
      },
      {
        "number": "18",
        "name": "Óscar de Marcos",
        "substituted_in": true,
        "starting_lineup": true
      },
      {
        "number": "6",
        "name": "Mikel San José",
        "substituted_in": true,
        "starting_lineup": true
      },
      {
        "number": "7",
        "name": "Beñat Etxebarria",
        "substituted_in": true,
        "starting_lineup": true
      },
      {
        "number": "12",
        "name": "Yuri Berchiche",
        "substituted_in": true,
        "starting_lineup": true
      },
      {
        "number": "10",
        "name": "Iker Muniain",
        "substituted_in": true,
        "starting_lineup": true
      },
      {
        "number": "14",
        "name": "Markel Susaeta",
        "substituted_in": true,
        "starting_lineup": true
      },
      {
        "number": "9",
        "name": "Iñaki Williams",
        "substituted_in": true,
        "starting_lineup": true
      },
      {
        "number": "21",
        "name": "Ander Capa",
        "substituted_in": true,
        "starting_lineup": false
      },
      {
        "number": "31",
        "name": "Peru Nolaskoain",
        "substituted_in": true,
        "starting_lineup": false
      },
      {
        "number": "22",
        "name": "Raúl García",
        "substituted_in": true,
        "starting_lineup": false
      }
    ]
  },
  {
    "url": "https://www.transfermarkt.pl/sd-eibar_athletic-bilbao/aufstellung/spielbericht/3079424",
    "match_id": "3079424",
    "date": "niedz., 21.10.2018",
    "competition": "LALIGA",
    "matchday": "9. Kolejka",
    "home_team": "SD Eibar",
    "away_team": "Athletic Bilbao",
    "home_players": [
      {
        "number": "13",
        "name": "Asier Riesgo",
        "substituted_in": true,
        "starting_lineup": true
      },
      {
        "number": "4",
        "name": "Iván Ramis",
        "substituted_in": true,
        "starting_lineup": true
      },
      {
        "number": "23",
        "name": "Anaitz Arbilla",
        "substituted_in": true,
        "starting_lineup": true
      },
      {
        "number": "15",
        "name": "Cote",
        "substituted_in": true,
        "starting_lineup": true
      },
      {
        "number": "11",
        "name": "Rubén Peña",
        "substituted_in": true,
        "starting_lineup": true
      },
      {
        "number": "8",
        "name": "Pape Diop",
        "substituted_in": true,
        "starting_lineup": true
      },
      {
        "number": "24",
        "name": "Joan Jordán",
        "substituted_in": true,
        "starting_lineup": true
      },
      {
        "number": "16",
        "name": "Pablo de Blasis",
        "substituted_in": true,
        "starting_lineup": true
      },
      {
        "number": "14",
        "name": "Fabián Orellana",
        "substituted_in": true,
        "starting_lineup": true
      },
      {
        "number": "9",
        "name": "Sergi Enrich",
        "substituted_in": true,
        "starting_lineup": true
      },
      {
        "number": "19",
        "name": "Charles",
        "substituted_in": true,
        "starting_lineup": true
      },
      {
        "number": "20",
        "name": "Marc Cucurella",
        "substituted_in": true,
        "starting_lineup": false
      },
      {
        "number": "17",
        "name": "Kike García",
        "substituted_in": true,
        "starting_lineup": false
      }
    ],
    "away_players": [
      {
        "number": "13",
        "name": "Iago Herrerín",
        "substituted_in": true,
        "starting_lineup": true
      },
      {
        "number": "4",
        "name": "Iñigo Martínez",
        "substituted_in": true,
        "starting_lineup": true
      },
      {
        "number": "5",
        "name": "Yeray Álvarez",
        "substituted_in": true,
        "starting_lineup": true
      },
      {
        "number": "12",
        "name": "Yuri Berchiche",
        "substituted_in": true,
        "starting_lineup": true
      },
      {
        "number": "18",
        "name": "Óscar de Marcos",
        "substituted_in": true,
        "starting_lineup": true
      },
      {
        "number": "16",
        "name": "Dani García",
        "substituted_in": true,
        "starting_lineup": true
      },
      {
        "number": "23",
        "name": "Unai López",
        "substituted_in": true,
        "starting_lineup": true
      },
      {
        "number": "22",
        "name": "Raúl García",
        "substituted_in": true,
        "starting_lineup": true
      },
      {
        "number": "10",
        "name": "Iker Muniain",
        "substituted_in": true,
        "starting_lineup": true
      },
      {
        "number": "9",
        "name": "Iñaki Williams",
        "substituted_in": true,
        "starting_lineup": true
      },
      {
        "number": "20",
        "name": "Aritz Aduriz",
        "substituted_in": true,
        "starting_lineup": true
      },
      {
        "number": "6",
        "name": "Mikel San José",
        "substituted_in": true,
        "starting_lineup": false
      },
      {
        "number": "31",
        "name": "Peru Nolaskoain",
        "substituted_in": true,
        "starting_lineup": false
      },
      {
        "number": "14",
        "name": "Markel Susaeta",
        "substituted_in": true,
        "starting_lineup": false
      }
    ]
  },
  {
    "url": "https://www.transfermarkt.pl/getafe-cf_athletic-bilbao/aufstellung/spielbericht/3080876",
    "match_id": "3080876",
    "date": "niedz., 07.04.2019",
    "competition": "LALIGA",
    "matchday": "31. Kolejka",
    "home_team": "Getafe CF",
    "away_team": "Athletic Bilbao",
    "home_players": [
      {
        "number": "13",
        "name": "David Soria",
        "substituted_in": true,
        "starting_lineup": true
      },
      {
        "number": "2",
        "name": "Dakonam Djené",
        "substituted_in": true,
        "starting_lineup": true
      },
      {
        "number": "4",
        "name": "Bruno González",
        "substituted_in": true,
        "starting_lineup": true
      },
      {
        "number": "17",
        "name": "Mathías Olivera",
        "substituted_in": true,
        "starting_lineup": true
      },
      {
        "number": "22",
        "name": "Damián Suárez",
        "substituted_in": true,
        "starting_lineup": true
      },
      {
        "number": "18",
        "name": "Mauro Arambarri",
        "substituted_in": true,
        "starting_lineup": true
      },
      {
        "number": "20",
        "name": "Nemanja Maksimovic",
        "substituted_in": true,
        "starting_lineup": true
      },
      {
        "number": "24",
        "name": "Dimitri Foulquier",
        "substituted_in": true,
        "starting_lineup": true
      },
      {
        "number": "3",
        "name": "Antunes",
        "substituted_in": true,
        "starting_lineup": true
      },
      {
        "number": "7",
        "name": "Jaime Mata",
        "substituted_in": true,
        "starting_lineup": true
      },
      {
        "number": "19",
        "name": "Jorge Molina",
        "substituted_in": true,
        "starting_lineup": true
      },
      {
        "number": "21",
        "name": "Ignasi Miquel",
        "substituted_in": true,
        "starting_lineup": false
      },
      {
        "number": "8",
        "name": "Francisco Portillo",
        "substituted_in": true,
        "starting_lineup": false
      },
      {
        "number": "9",
        "name": "Ángel Rodríguez",
        "substituted_in": true,
        "starting_lineup": false
      }
    ],
    "away_players": [
      {
        "number": "13",
        "name": "Iago Herrerín",
        "substituted_in": true,
        "starting_lineup": true
      },
      {
        "number": "4",
        "name": "Iñigo Martínez",
        "substituted_in": true,
        "starting_lineup": true
      },
      {
        "number": "5",
        "name": "Yeray Álvarez",
        "substituted_in": true,
        "starting_lineup": true
      },
      {
        "number": "12",
        "name": "Yuri Berchiche",
        "substituted_in": true,
        "starting_lineup": true
      },
      {
        "number": "18",
        "name": "Óscar de Marcos",
        "substituted_in": true,
        "starting_lineup": true
      },
      {
        "number": "6",
        "name": "Mikel San José",
        "substituted_in": true,
        "starting_lineup": true
      },
      {
        "number": "16",
        "name": "Dani García",
        "substituted_in": true,
        "starting_lineup": true
      },
      {
        "number": "22",
        "name": "Raúl García",
        "substituted_in": true,
        "starting_lineup": true
      },
      {
        "number": "11",
        "name": "Iñigo Córdoba",
        "substituted_in": true,
        "starting_lineup": true
      },
      {
        "number": "19",
        "name": "Ibai Gómez",
        "substituted_in": true,
        "starting_lineup": true
      },
      {
        "number": "9",
        "name": "Iñaki Williams",
        "substituted_in": true,
        "starting_lineup": true
      },
      {
        "number": "14",
        "name": "Markel Susaeta",
        "substituted_in": true,
        "starting_lineup": false
      },
      {
        "number": "2",
        "name": "Kenan Kodro",
        "substituted_in": true,
        "starting_lineup": false
      },
      {
        "number": "20",
        "name": "Aritz Aduriz",
        "substituted_in": true,
        "starting_lineup": false
      }
    ]
  }
]