[
  {
    "url": "https://www.transfermarkt.pl/real-betis-balompié_athletic-bilbao/aufstellung/spielbericht/3079386",
    "match_id": "3079386",
    "date": "niedz., 23.09.2018",
    "competition": "LALIGA",
    "matchday": "5. Kolejka",
    "home_team": "Real Betis Balompié",
    "away_team": "Athletic Bilbao",
    "home_players": [
      {
        "number": "13",
        "name": "Pau López",
        "substituted_in": true,
        "starting_lineup": true
      },
      {
        "number": "5",
        "name": "Marc Bartra",
        "substituted_in": true,
        "starting_lineup": true
      },
      {
        "number": "12",
        "name": "Sidnei",
        "substituted_in": true,
        "starting_lineup": true
      },
      {
        "number": "23",
        "name": "Aïssa Mandi",
        "substituted_in": true,
        "starting_lineup": true
      },
      {
        "number": "18",
        "name": "Andrés Guardado",
        "substituted_in": true,
        "starting_lineup": true
      },
      {
        "number": "21",
        "name": "Giovani Lo Celso",
        "substituted_in": true,
        "starting_lineup": true
      },
      {
        "number": "2",
        "name": "Francis Guerrero",
        "substituted_in": true,
        "starting_lineup": true
      },
      {
        "number": "20",
        "name": "Junior Firpo",
        "substituted_in": true,
        "starting_lineup": true
      },
      {
        "number": "6",
        "name": "Sergio Canales",
        "substituted_in": true,
        "starting_lineup": true
      },
      {
        "number": "17",
        "name": "Joaquín",
        "substituted_in": true,
        "starting_lineup": true
      },
      {
        "number": "9",
        "name": "Antonio Sanabria",
        "substituted_in": true,
        "starting_lineup": true
      },
      {
        "number": "11",
        "name": "Cristian Tello",
        "substituted_in": true,
        "starting_lineup": false
      },
      {
        "number": "8",
        "name": "Takashi Inui",
        "substituted_in": true,
        "starting_lineup": false
      },
      {
        "number": "16",
        "name": "Loren Morón",
        "substituted_in": true,
        "starting_lineup": false
      }
    ],
    "away_players": [
      {
        "number": "25",
        "name": "Unai Simón",
        "substituted_in": true,
        "starting_lineup": true
      },
      {
        "number": "4",
        "name": "Iñigo Martínez",
        "substituted_in": true,
        "starting_lineup": true
      },
      {
        "number": "5",
        "name": "Yeray Álvarez",
        "substituted_in": true,
        "starting_lineup": true
      },
      {
        "number": "24",
        "name": "Mikel Balenziaga",
        "substituted_in": true,
        "starting_lineup": true
      },
      {
        "number": "18",
        "name": "Óscar de Marcos",
        "substituted_in": true,
        "starting_lineup": true
      },
      {
        "number": "16",
        "name": "Dani García",
        "substituted_in": true,
        "starting_lineup": true
      },
      {
        "number": "7",
        "name": "Beñat Etxebarria",
        "substituted_in": true,
        "starting_lineup": true
      },
      {
        "number": "12",
        "name": "Yuri Berchiche",
        "substituted_in": true,
        "starting_lineup": true
      },
      {
        "number": "22",
        "name": "Raúl García",
        "substituted_in": true,
        "starting_lineup": true
      },
      {
        "number": "14",
        "name": "Markel Susaeta",
        "substituted_in": true,
        "starting_lineup": true
      },
      {
        "number": "9",
        "name": "Iñaki Williams",
        "substituted_in": true,
        "starting_lineup": true
      },
      {
        "number": "21",
        "name": "Ander Capa",
        "substituted_in": true,
        "starting_lineup": false
      },
      {
        "number": "6",
        "name": "Mikel San José",
        "substituted_in": true,
        "starting_lineup": false
      },
      {
        "number": "10",
        "name": "Iker Muniain",
        "substituted_in": true,
        "starting_lineup": false
      }
    ]
  },
  {
    "url": "https://www.transfermarkt.pl/levante-ud_athletic-bilbao/aufstellung/spielbericht/3079476",
    "match_id": "3079476",
    "date": "pon., 03.12.2018",
    "competition": "LALIGA",
    "matchday": "14. Kolejka",
    "home_team": "Levante UD",
    "away_team": "Athletic Bilbao",
    "home_players": [
      {
        "number": "13",
        "name": "Oier Olazábal",
        "substituted_in": true,
        "starting_lineup": true
      },
      {
        "number": "6",
        "name": "Chema Rodríguez",
        "substituted_in": true,
        "starting_lineup": true
      },
      {
        "number": "4",
        "name": "Róber Pier",
        "substituted_in": true,
        "starting_lineup": true
      },
      {
        "number": "18",
        "name": "Erick Cabaco",
        "substituted_in": true,
        "starting_lineup": true
      },
      {
        "number": "24",
        "name": "José Campaña",
        "substituted_in": true,
        "starting_lineup": true
      },
      {
        "number": "10",
        "name": "Enis Bardhi",
        "substituted_in": true,
        "starting_lineup": true
      },
      {
        "number": "23",
        "name": "Jason Remeseiro",
        "substituted_in": true,
        "starting_lineup": true
      },
      {
        "number": "3",
        "name": "Toño García",
        "substituted_in": true,
        "starting_lineup": true
      },
      {
        "number": "16",
        "name": "Rubén Rochina",
        "substituted_in": true,
        "starting_lineup": true
      },
      {
        "number": "9",
        "name": "Roger Martí",
        "substituted_in": true,
        "starting_lineup": true
      },
      {
        "number": "11",
        "name": "José Luis Morales",
        "substituted_in": true,
        "starting_lineup": true
      },
      {
        "number": "17",
        "name": "Nikola Vukcevic",
        "substituted_in": true,
        "starting_lineup": false
      },
      {
        "number": "2",
        "name": "Borja Mayoral",
        "substituted_in": true,
        "starting_lineup": false
      },
      {
        "number": "21",
        "name": "Emmanuel Boateng",
        "substituted_in": true,
        "starting_lineup": false
      }
    ],
    "away_players": [
      {
        "number": "13",
        "name": "Iago Herrerín",
        "substituted_in": true,
        "starting_lineup": true
      },
      {
        "number": "4",
        "name": "Iñigo Martínez",
        "substituted_in": true,
        "starting_lineup": true
      },
      {
        "number": "3",
        "name": "Unai Núñez",
        "substituted_in": true,
        "starting_lineup": true
      },
      {
        "number": "31",
        "name": "Peru Nolaskoain",
        "substituted_in": true,
        "starting_lineup": true
      },
      {
        "number": "6",
        "name": "Mikel San José",
        "substituted_in": true,
        "starting_lineup": true
      },
      {
        "number": "7",
        "name": "Beñat Etxebarria",
        "substituted_in": true,
        "starting_lineup": true
      },
      {
        "number": "18",
        "name": "Óscar de Marcos",
        "substituted_in": true,
        "starting_lineup": true
      },
      {
        "number": "2",
        "name": "Cristian Ganea",
        "substituted_in": true,
        "starting_lineup": true
      },
      {
        "number": "10",
        "name": "Iker Muniain",
        "substituted_in": true,
        "starting_lineup": true
      },
      {
        "number": "9",
        "name": "Iñaki Williams",
        "substituted_in": true,
        "starting_lineup": true
      },
      {
        "number": "20",
        "name": "Aritz Aduriz",
        "substituted_in": true,
        "starting_lineup": true
      },
      {
        "number": "21",
        "name": "Ander Capa",
        "substituted_in": true,
        "starting_lineup": false
      },
      {
        "number": "22",
        "name": "Raúl García",
        "substituted_in": true,
        "starting_lineup": false
      },
      {
        "number": "14",
        "name": "Markel Susaeta",
        "substituted_in": true,
        "starting_lineup": false
      }
    ]
  },
  {
    "url": "https://www.transfermarkt.pl/athletic-bilbao_sd-huesca/aufstellung/spielbericht/3118594",
    "match_id": "3118594",
    "date": "śr., 28.11.2018",
    "competition": "Unknown",
    "matchday": "Unknown",
    "home_team": "Athletic Bilbao",
    "away_team": "SD Huesca",
    "home_players": [
      {
        "number": "25",
        "name": "Unai Simón",
        "substituted_in": true,
        "starting_lineup": true
      },
      {
        "number": "4",
        "name": "Iñigo Martínez",
        "substituted_in": true,
        "starting_lineup": true
      },
      {
        "number": "31",
        "name": "Peru Nolaskoain",
        "substituted_in": true,
        "starting_lineup": true
      },
      {
        "number": "12",
        "name": "Yuri Berchiche",
        "substituted_in": true,
        "starting_lineup": true
      },
      {
        "number": "18",
        "name": "Óscar de Marcos",
        "substituted_in": true,
        "starting_lineup": true
      },
      {
        "number": "6",
        "name": "Mikel San José",
        "substituted_in": true,
        "starting_lineup": true
      },
      {
        "number": "7",
        "name": "Beñat Etxebarria",
        "substituted_in": true,
        "starting_lineup": true
      },
      {
        "number": "10",
        "name": "Iker Muniain",
        "substituted_in": true,
        "starting_lineup": true
      },
      {
        "number": "30",
        "name": "Gorka Guruzeta",
        "substituted_in": true,
        "starting_lineup": true
      },
      {
        "number": "9",
        "name": "Iñaki Williams",
        "substituted_in": true,
        "starting_lineup": true
      },
      {
        "number": "20",
        "name": "Aritz Aduriz",
        "substituted_in": true,
        "starting_lineup": true
      },
      {
        "number": "2",
        "name": "Cristian Ganea",
        "substituted_in": true,
        "starting_lineup": false
      },
      {
        "number": "21",
        "name": "Ander Capa",
        "substituted_in": true,
        "starting_lineup": false
      },
      {
        "number": "16",
        "name": "Dani García",
        "substituted_in": true,
        "starting_lineup": false
      }
    ],
    "away_players": [
      {
        "number": "1",
        "name": "Axel Werner",
        "substituted_in": true,
        "starting_lineup": true
      },
      {
        "number": "4",
        "name": "Rúben Semedo",
        "substituted_in": true,
        "starting_lineup": true
      },
      {
        "number": "18",
        "name": "Pablo Insua",
        "substituted_in": true,
        "starting_lineup": true
      },
      {
        "number": "20",
        "name": "Rajko Brezancic",
        "substituted_in": true,
        "starting_lineup": true
      },
      {
        "number": "15",
        "name": "Carlos Akapo",
        "substituted_in": true,
        "starting_lineup": true
      },
      {
        "number": "5",
        "name": "Juan Aguilera",
        "substituted_in": true,
        "starting_lineup": true
      },
      {
        "number": "17",
        "name": "Christian Rivera",
        "substituted_in": true,
        "starting_lineup": true
      },
      {
        "number": "22",
        "name": "Lluis Sastre",
        "substituted_in": true,
        "starting_lineup": true
      },
      {
        "number": "19",
        "name": "Chimy Ávila",
        "substituted_in": true,
        "starting_lineup": true
      },
      {
        "number": "21",
        "name": "Serdar Gürler",
        "substituted_in": true,
        "starting_lineup": true
      },
      {
        "number": "12",
        "name": "Samuele Longo",
        "substituted_in": true,
        "starting_lineup": true
      },
      {
        "number": "14",
        "name": "Jorge Pulido",
        "substituted_in": true,
        "starting_lineup": false
      },
      {
        "number": "24",
        "name": "Jorge Miramón",
        "substituted_in": true,
        "starting_lineup": false
      },
      {
        "number": "10",
        "name": "Juanjo Camacho",
        "substituted_in": true,
        "starting_lineup": false
      }
    ]
  },
  {
    "url": "https://www.transfermarkt.pl/sevilla-fc_athletic-bilbao/aufstellung/spielbericht/3142971",
    "match_id": "3142971",
    "date": "śr., 16.01.2019",
    "competition": "Unknown",
    "matchday": "Unknown",
    "home_team": "Sevilla FC",
    "away_team": "Athletic Bilbao",
    "home_players": [
      {
        "number": "13",
        "name": "Juan Soriano",
        "substituted_in": true,
        "starting_lineup": true
      },
      {
        "number": "6",
        "name": "Daniel Carriço",
        "substituted_in": true,
        "starting_lineup": true
      },
      {
        "number": "24",
        "name": "Joris Gnagnon",
        "substituted_in": true,
        "starting_lineup": true
      },
      {
        "number": "25",
        "name": "Gabriel Mercado",
        "substituted_in": true,
        "starting_lineup": true
      },
      {
        "number": "5",
        "name": "Ibrahim Amadou",
        "substituted_in": true,
        "starting_lineup": true
      },
      {
        "number": "7",
        "name": "Roque Mesa",
        "substituted_in": true,
        "starting_lineup": true
      },
      {
        "number": "11",
        "name": "Aleix Vidal",
        "substituted_in": true,
        "starting_lineup": true
      },
      {
        "number": "21",
        "name": "Quincy Promes",
        "substituted_in": true,
        "starting_lineup": true
      },
      {
        "number": "22",
        "name": "Franco Vázquez",
        "substituted_in": true,
        "starting_lineup": true
      },
      {
        "number": "19",
        "name": "Munir El Haddadi",
        "substituted_in": true,
        "starting_lineup": true
      },
      {
        "number": "9",
        "name": "Wissam Ben Yedder",
        "substituted_in": true,
        "starting_lineup": true
      },
      {
        "number": "10",
        "name": "Éver Banega",
        "substituted_in": true,
        "starting_lineup": false
      },
      {
        "number": "41",
        "name": "Bryan Gil",
        "substituted_in": true,
        "starting_lineup": false
      },
      {
        "number": "17",
        "name": "Pablo Sarabia",
        "substituted_in": true,
        "starting_lineup": false
      }
    ],
    "away_players": [
      {
        "number": "25",
        "name": "Unai Simón",
        "substituted_in": true,
        "starting_lineup": true
      },
      {
        "number": "3",
        "name": "Unai Núñez",
        "substituted_in": true,
        "starting_lineup": true
      },
      {
        "number": "31",
        "name": "Peru Nolaskoain",
        "substituted_in": true,
        "starting_lineup": true
      },
      {
        "number": "24",
        "name": "Mikel Balenziaga",
        "substituted_in": true,
        "starting_lineup": true
      },
      {
        "number": "18",
        "name": "Óscar de Marcos",
        "substituted_in": true,
        "starting_lineup": true
      },
      {
        "number": "6",
        "name": "Mikel San José",
        "substituted_in": true,
        "starting_lineup": true
      },
      {
        "number": "8",
        "name": "Ander Iturraspe",
        "substituted_in": true,
        "starting_lineup": true
      },
      {
        "number": "23",
        "name": "Unai López",
        "substituted_in": true,
        "starting_lineup": true
      },
      {
        "number": "19",
        "name": "Ibai Gómez",
        "substituted_in": true,
        "starting_lineup": true
      },
      {
        "number": "14",
        "name": "Markel Susaeta",
        "substituted_in": true,
        "starting_lineup": true
      },
      {
        "number": "30",
        "name": "Gorka Guruzeta",
        "substituted_in": true,
        "starting_lineup": true
      },
      {
        "number": "16",
        "name": "Dani García",
        "substituted_in": true,
        "starting_lineup": false
      },
      {
        "number": "11",
        "name": "Iñigo Córdoba",
        "substituted_in": true,
        "starting_lineup": false
      },
      {
        "number": "10",
        "name": "Iker Muniain",
        "substituted_in": true,
        "starting_lineup": false
      }
    ]
  },
  {
    "url": "https://www.transfermarkt.pl/fc-barcelona_athletic-bilbao/aufstellung/spielbericht/3079406",
    "match_id": "3079406",
    "date": "sob., 29.09.2018",
    "competition": "LALIGA",
    "matchday": "7. Kolejka",
    "home_team": "FC Barcelona",
    "away_team": "Athletic Bilbao",
    "home_players": [
      {
        "number": "1",
        "name": "Marc-André ter Stegen",
        "substituted_in": true,
        "starting_lineup": true
      },
      {
        "number": "15",
        "name": "Clément Lenglet",
        "substituted_in": true,
        "starting_lineup": true
      },
      {
        "number": "3",
        "name": "Gerard Piqué",
        "substituted_in": true,
        "starting_lineup": true
      },
      {
        "number": "18",
        "name": "Jordi Alba",
        "substituted_in": true,
        "starting_lineup": true
      },
      {
        "number": "2",
        "name": "Nélson Semedo",
        "substituted_in": true,
        "starting_lineup": true
      },
      {
        "number": "20",
        "name": "Sergi Roberto",
        "substituted_in": true,
        "starting_lineup": true
      },
      {
        "number": "4",
        "name": "Ivan Rakitic",
        "substituted_in": true,
        "starting_lineup": true
      },
      {
        "number": "22",
        "name": "Arturo Vidal",
        "substituted_in": true,
        "starting_lineup": true
      },
      {
        "number": "7",
        "name": "Philippe Coutinho",
        "substituted_in": true,
        "starting_lineup": true
      },
      {
        "number": "11",
        "name": "Ousmane Dembélé",
        "substituted_in": true,
        "starting_lineup": true
      },
      {
        "number": "9",
        "name": "Luis Suárez",
        "substituted_in": true,
        "starting_lineup": true
      },
      {
        "number": "5",
        "name": "Sergio Busquets",
        "substituted_in": true,
        "starting_lineup": false
      },
      {
        "number": "19",
        "name": "Munir El Haddadi",
        "substituted_in": true,
        "starting_lineup": false
      },
      {
        "number": "10",
        "name": "Lionel Messi",
        "substituted_in": true,
        "starting_lineup": false
      }
    ],
    "away_players": [
      {
        "number": "25",
        "name": "Unai Simón",
        "substituted_in": true,
        "starting_lineup": true
      },
      {
        "number": "4",
        "name": "Iñigo Martínez",
        "substituted_in": true,
        "starting_lineup": true
      },
      {
        "number": "5",
        "name": "Yeray Álvarez",
        "substituted_in": true,
        "starting_lineup": true
      },
      {
        "number": "24",
        "name": "Mikel Balenziaga",
        "substituted_in": true,
        "starting_lineup": true
      },
      {
        "number": "18",
        "name": "Óscar de Marcos",
        "substituted_in": true,
        "starting_lineup": true
      },
      {
        "number": "16",
        "name": "Dani García",
        "substituted_in": true,
        "starting_lineup": true
      },
      {
        "number": "7",
        "name": "Beñat Etxebarria",
        "substituted_in": true,
        "starting_lineup": true
      },
      {
        "number": "12",
        "name": "Yuri Berchiche",
        "substituted_in": true,
        "starting_lineup": true
      },
      {
        "number": "22",
        "name": "Raúl García",
        "substituted_in": true,
        "starting_lineup": true
      },
      {
        "number": "14",
        "name": "Markel Susaeta",
        "substituted_in": true,
        "starting_lineup": true
      },
      {
        "number": "9",
        "name": "Iñaki Williams",
        "substituted_in": true,
        "starting_lineup": true
      },
      {
        "number": "6",
        "name": "Mikel San José",
        "substituted_in": true,
        "starting_lineup": false
      },
      {
        "number": "31",
        "name": "Peru Nolaskoain",
        "substituted_in": true,
        "starting_lineup": false
      },
      {
        "number": "20",
        "name": "Aritz Aduriz",
        "substituted_in": true,
        "starting_lineup": false
      }
    ]
  }
]