[
  {
    "url": "https://www.transfermarkt.pl/atlético-madryt_málaga-cf/aufstellung/spielbericht/2899585",
    "match_id": "2899585",
    "date": "sob., 16.09.2017",
    "competition": "LALIGA",
    "matchday": "4. Kolejka",
    "home_team": "Atlético Madryt",
    "away_team": "Málaga CF",
    "home_players": [
      {
        "number": "13",
        "name": "Jan Oblak",
        "substituted_in": true,
        "starting_lineup": true
      },
      {
        "number": "2",
        "name": "Diego Godín",
        "substituted_in": true,
        "starting_lineup": true
      },
      {
        "number": "19",
        "name": "Lucas Hernández",
        "substituted_in": true,
        "starting_lineup": true
      },
      {
        "number": "3",
        "name": "Filipe Luís",
        "substituted_in": true,
        "starting_lineup": true
      },
      {
        "number": "20",
        "name": "Juanfran Torres",
        "substituted_in": true,
        "starting_lineup": true
      },
      {
        "number": "5",
        "name": "Thomas Partey",
        "substituted_in": true,
        "starting_lineup": true
      },
      {
        "number": "14",
        "name": "Gabi",
        "substituted_in": true,
        "starting_lineup": true
      },
      {
        "number": "8",
        "name": "Saúl Ñíguez",
        "substituted_in": true,
        "starting_lineup": true
      },
      {
        "number": "6",
        "name": "Koke",
        "substituted_in": true,
        "starting_lineup": true
      },
      {
        "number": "11",
        "name": "Ángel Correa",
        "substituted_in": true,
        "starting_lineup": true
      },
      {
        "number": "7",
        "name": "Antoine Griezmann",
        "substituted_in": true,
        "starting_lineup": true
      },
      {
        "number": "10",
        "name": "Yannick Carrasco",
        "substituted_in": true,
        "starting_lineup": false
      },
      {
        "number": "9",
        "name": "Fernando Torres",
        "substituted_in": true,
        "starting_lineup": false
      }
    ],
    "away_players": [
      {
        "number": "1",
        "name": "Roberto",
        "substituted_in": true,
        "starting_lineup": true
      },
      {
        "number": "3",
        "name": "Diego González",
        "substituted_in": true,
        "starting_lineup": true
      },
      {
        "number": "4",
        "name": "Luis Hernández",
        "substituted_in": true,
        "starting_lineup": true
      },
      {
        "number": "15",
        "name": "Federico Ricca",
        "substituted_in": true,
        "starting_lineup": true
      },
      {
        "number": "18",
        "name": "Roberto Rosales",
        "substituted_in": true,
        "starting_lineup": true
      },
      {
        "number": "5",
        "name": "Esteban Rolón",
        "substituted_in": true,
        "starting_lineup": true
      },
      {
        "number": "14",
        "name": "Recio",
        "substituted_in": true,
        "starting_lineup": true
      },
      {
        "number": "8",
        "name": "Adrián González",
        "substituted_in": true,
        "starting_lineup": true
      },
      {
        "number": "11",
        "name": "Chory Castro",
        "substituted_in": true,
        "starting_lineup": true
      },
      {
        "number": "28",
        "name": "Álex Mula",
        "substituted_in": true,
        "starting_lineup": true
      },
      {
        "number": "9",
        "name": "Borja Bastón",
        "substituted_in": true,
        "starting_lineup": true
      },
      {
        "number": "10",
        "name": "Juanpi",
        "substituted_in": true,
        "starting_lineup": false
      },
      {
        "number": "20",
        "name": "Keko Gontán",
        "substituted_in": true,
        "starting_lineup": false
      },
      {
        "number": "24",
        "name": "Diego Rolán",
        "substituted_in": true,
        "starting_lineup": false
      }
    ]
  },
  {
    "url": "https://www.transfermarkt.pl/levante-ud_atlético-madryt/aufstellung/spielbericht/2899928",
    "match_id": "2899928",
    "date": "sob., 25.11.2017",
    "competition": "LALIGA",
    "matchday": "13. Kolejka",
    "home_team": "Levante UD",
    "away_team": "Atlético Madryt",
    "home_players": [
      {
        "number": "13",
        "name": "Oier Olazábal",
        "substituted_in": true,
        "starting_lineup": true
      },
      {
        "number": "6",
        "name": "Chema Rodríguez",
        "substituted_in": true,
        "starting_lineup": true
      },
      {
        "number": "4",
        "name": "Róber Pier",
        "substituted_in": true,
        "starting_lineup": true
      },
      {
        "number": "3",
        "name": "Toño García",
        "substituted_in": true,
        "starting_lineup": true
      },
      {
        "number": "26",
        "name": "Shaq Moore",
        "substituted_in": true,
        "starting_lineup": true
      },
      {
        "number": "5",
        "name": "Cheick Doukouré",
        "substituted_in": true,
        "starting_lineup": true
      },
      {
        "number": "24",
        "name": "José Campaña",
        "substituted_in": true,
        "starting_lineup": true
      },
      {
        "number": "10",
        "name": "Enis Bardhi",
        "substituted_in": true,
        "starting_lineup": true
      },
      {
        "number": "11",
        "name": "José Luis Morales",
        "substituted_in": true,
        "starting_lineup": true
      },
      {
        "number": "23",
        "name": "Jason Remeseiro",
        "substituted_in": true,
        "starting_lineup": true
      },
      {
        "number": "12",
        "name": "Enes Ünal",
        "substituted_in": true,
        "starting_lineup": true
      },
      {
        "number": "14",
        "name": "Ivi López",
        "substituted_in": true,
        "starting_lineup": false
      },
      {
        "number": "7",
        "name": "Samu García",
        "substituted_in": true,
        "starting_lineup": false
      },
      {
        "number": "16",
        "name": "Nano Mesa",
        "substituted_in": true,
        "starting_lineup": false
      }
    ],
    "away_players": [
      {
        "number": "13",
        "name": "Jan Oblak",
        "substituted_in": true,
        "starting_lineup": true
      },
      {
        "number": "2",
        "name": "Diego Godín",
        "substituted_in": true,
        "starting_lineup": true
      },
      {
        "number": "15",
        "name": "Stefan Savic",
        "substituted_in": true,
        "starting_lineup": true
      },
      {
        "number": "3",
        "name": "Filipe Luís",
        "substituted_in": true,
        "starting_lineup": true
      },
      {
        "number": "5",
        "name": "Thomas Partey",
        "substituted_in": true,
        "starting_lineup": true
      },
      {
        "number": "14",
        "name": "Gabi",
        "substituted_in": true,
        "starting_lineup": true
      },
      {
        "number": "6",
        "name": "Koke",
        "substituted_in": true,
        "starting_lineup": true
      },
      {
        "number": "8",
        "name": "Saúl Ñíguez",
        "substituted_in": true,
        "starting_lineup": true
      },
      {
        "number": "11",
        "name": "Ángel Correa",
        "substituted_in": true,
        "starting_lineup": true
      },
      {
        "number": "7",
        "name": "Antoine Griezmann",
        "substituted_in": true,
        "starting_lineup": true
      },
      {
        "number": "21",
        "name": "Kévin Gameiro",
        "substituted_in": true,
        "starting_lineup": true
      },
      {
        "number": "12",
        "name": "Augusto Fernández",
        "substituted_in": true,
        "starting_lineup": false
      },
      {
        "number": "10",
        "name": "Yannick Carrasco",
        "substituted_in": true,
        "starting_lineup": false
      },
      {
        "number": "9",
        "name": "Fernando Torres",
        "substituted_in": true,
        "starting_lineup": false
      }
    ]
  },
  {
    "url": "https://www.transfermarkt.pl/girona-fc_atlético-madryt/aufstellung/spielbericht/2899567",
    "match_id": "2899567",
    "date": "sob., 19.08.2017",
    "competition": "LALIGA",
    "matchday": "1. Kolejka",
    "home_team": "Girona FC",
    "away_team": "Atlético Madryt",
    "home_players": [
      {
        "number": "1",
        "name": "Gorka Iraizoz",
        "substituted_in": true,
        "starting_lineup": true
      },
      {
        "number": "20",
        "name": "Marc Muniesa",
        "substituted_in": true,
        "starting_lineup": true
      },
      {
        "number": "2",
        "name": "Bernardo Espinosa",
        "substituted_in": true,
        "starting_lineup": true
      },
      {
        "number": "5",
        "name": "Pedro Alcalá",
        "substituted_in": true,
        "starting_lineup": true
      },
      {
        "number": "11",
        "name": "Aday Benítez",
        "substituted_in": true,
        "starting_lineup": true
      },
      {
        "number": "25",
        "name": "Pablo Maffeo",
        "substituted_in": true,
        "starting_lineup": true
      },
      {
        "number": "6",
        "name": "Álex Granell",
        "substituted_in": true,
        "starting_lineup": true
      },
      {
        "number": "8",
        "name": "Pere Pons",
        "substituted_in": true,
        "starting_lineup": true
      },
      {
        "number": "24",
        "name": "Borja García",
        "substituted_in": true,
        "starting_lineup": true
      },
      {
        "number": "9",
        "name": "Portu",
        "substituted_in": true,
        "starting_lineup": true
      },
      {
        "number": "7",
        "name": "Cristhian Stuani",
        "substituted_in": true,
        "starting_lineup": true
      },
      {
        "number": "21",
        "name": "Carles Planas",
        "substituted_in": true,
        "starting_lineup": false
      },
      {
        "number": "18",
        "name": "Olarenwaju Kayode",
        "substituted_in": true,
        "starting_lineup": false
      }
    ],
    "away_players": [
      {
        "number": "13",
        "name": "Jan Oblak",
        "substituted_in": true,
        "starting_lineup": true
      },
      {
        "number": "15",
        "name": "Stefan Savic",
        "substituted_in": true,
        "starting_lineup": true
      },
      {
        "number": "24",
        "name": "José María Giménez",
        "substituted_in": true,
        "starting_lineup": true
      },
      {
        "number": "19",
        "name": "Lucas Hernández",
        "substituted_in": true,
        "starting_lineup": true
      },
      {
        "number": "20",
        "name": "Juanfran Torres",
        "substituted_in": true,
        "starting_lineup": true
      },
      {
        "number": "14",
        "name": "Gabi",
        "substituted_in": true,
        "starting_lineup": true
      },
      {
        "number": "6",
        "name": "Koke",
        "substituted_in": true,
        "starting_lineup": true
      },
      {
        "number": "8",
        "name": "Saúl Ñíguez",
        "substituted_in": true,
        "starting_lineup": true
      },
      {
        "number": "10",
        "name": "Yannick Carrasco",
        "substituted_in": true,
        "starting_lineup": true
      },
      {
        "number": "7",
        "name": "Antoine Griezmann",
        "substituted_in": true,
        "starting_lineup": true
      },
      {
        "number": "9",
        "name": "Fernando Torres",
        "substituted_in": true,
        "starting_lineup": true
      },
      {
        "number": "22",
        "name": "Nico Gaitán",
        "substituted_in": true,
        "starting_lineup": false
      },
      {
        "number": "11",
        "name": "Ángel Correa",
        "substituted_in": true,
        "starting_lineup": false
      },
      {
        "number": "17",
        "name": "Luciano Vietto",
        "substituted_in": true,
        "starting_lineup": false
      }
    ]
  },
  {
    "url": "https://www.transfermarkt.pl/atlético-madryt_lokomotiw-moskwa/aufstellung/spielbericht/3009815",
    "match_id": "3009815",
    "date": "czw., 08.03.2018",
    "competition": "Unknown",
    "matchday": "Unknown",
    "home_team": "Atlético Madryt",
    "away_team": "Lokomotiw Moskwa",
    "home_players": [
      {
        "number": "25",
        "name": "Axel Werner",
        "substituted_in": true,
        "starting_lineup": true
      },
      {
        "number": "24",
        "name": "José María Giménez",
        "substituted_in": true,
        "starting_lineup": true
      },
      {
        "number": "19",
        "name": "Lucas Hernández",
        "substituted_in": true,
        "starting_lineup": true
      },
      {
        "number": "3",
        "name": "Filipe Luís",
        "substituted_in": true,
        "starting_lineup": true
      },
      {
        "number": "20",
        "name": "Juanfran Torres",
        "substituted_in": true,
        "starting_lineup": true
      },
      {
        "number": "5",
        "name": "Thomas Partey",
        "substituted_in": true,
        "starting_lineup": true
      },
      {
        "number": "8",
        "name": "Saúl Ñíguez",
        "substituted_in": true,
        "starting_lineup": true
      },
      {
        "number": "6",
        "name": "Koke",
        "substituted_in": true,
        "starting_lineup": true
      },
      {
        "number": "11",
        "name": "Ángel Correa",
        "substituted_in": true,
        "starting_lineup": true
      },
      {
        "number": "7",
        "name": "Antoine Griezmann",
        "substituted_in": true,
        "starting_lineup": true
      },
      {
        "number": "18",
        "name": "Diego Costa",
        "substituted_in": true,
        "starting_lineup": true
      },
      {
        "number": "23",
        "name": "Vitolo",
        "substituted_in": true,
        "starting_lineup": false
      },
      {
        "number": "9",
        "name": "Fernando Torres",
        "substituted_in": true,
        "starting_lineup": false
      },
      {
        "number": "21",
        "name": "Kévin Gameiro",
        "substituted_in": true,
        "starting_lineup": false
      }
    ],
    "away_players": [
      {
        "number": "1",
        "name": "Guilherme",
        "substituted_in": true,
        "starting_lineup": true
      },
      {
        "number": "5",
        "name": "Nemanja Pejcinovic",
        "substituted_in": true,
        "starting_lineup": true
      },
      {
        "number": "14",
        "name": "Vedran Corluka",
        "substituted_in": true,
        "starting_lineup": true
      },
      {
        "number": "33",
        "name": "Solomon Kvirkvelia",
        "substituted_in": true,
        "starting_lineup": true
      },
      {
        "number": "31",
        "name": "Maciej Rybus",
        "substituted_in": true,
        "starting_lineup": true
      },
      {
        "number": "20",
        "name": "Vladislav Ignatjev",
        "substituted_in": true,
        "starting_lineup": true
      },
      {
        "number": "27",
        "name": "Igor Denisov",
        "substituted_in": true,
        "starting_lineup": true
      },
      {
        "number": "4",
        "name": "Manuel Fernandes",
        "substituted_in": true,
        "starting_lineup": true
      },
      {
        "number": "60",
        "name": "Anton Miranchuk",
        "substituted_in": true,
        "starting_lineup": true
      },
      {
        "number": "59",
        "name": "Aleksey Miranchuk",
        "substituted_in": true,
        "starting_lineup": true
      },
      {
        "number": "24",
        "name": "Éder",
        "substituted_in": true,
        "starting_lineup": true
      },
      {
        "number": "84",
        "name": "Mikhail Lysov",
        "substituted_in": true,
        "starting_lineup": false
      },
      {
        "number": "18",
        "name": "Aleksandr Kolomeytsev",
        "substituted_in": true,
        "starting_lineup": false
      }
    ]
  },
  {
    "url": "https://www.transfermarkt.pl/atlético-madryt_cd-leganés/aufstellung/spielbericht/2899799",
    "match_id": "2899799",
    "date": "śr., 28.02.2018",
    "competition": "LALIGA",
    "matchday": "26. Kolejka",
    "home_team": "Atlético Madryt",
    "away_team": "CD Leganés",
    "home_players": [
      {
        "number": "13",
        "name": "Jan Oblak",
        "substituted_in": true,
        "starting_lineup": true
      },
      {
        "number": "2",
        "name": "Diego Godín",
        "substituted_in": true,
        "starting_lineup": true
      },
      {
        "number": "24",
        "name": "José María Giménez",
        "substituted_in": true,
        "starting_lineup": true
      },
      {
        "number": "3",
        "name": "Filipe Luís",
        "substituted_in": true,
        "starting_lineup": true
      },
      {
        "number": "20",
        "name": "Juanfran Torres",
        "substituted_in": true,
        "starting_lineup": true
      },
      {
        "number": "5",
        "name": "Thomas Partey",
        "substituted_in": true,
        "starting_lineup": true
      },
      {
        "number": "8",
        "name": "Saúl Ñíguez",
        "substituted_in": true,
        "starting_lineup": true
      },
      {
        "number": "6",
        "name": "Koke",
        "substituted_in": true,
        "starting_lineup": true
      },
      {
        "number": "11",
        "name": "Ángel Correa",
        "substituted_in": true,
        "starting_lineup": true
      },
      {
        "number": "7",
        "name": "Antoine Griezmann",
        "substituted_in": true,
        "starting_lineup": true
      },
      {
        "number": "18",
        "name": "Diego Costa",
        "substituted_in": true,
        "starting_lineup": true
      },
      {
        "number": "23",
        "name": "Vitolo",
        "substituted_in": true,
        "starting_lineup": false
      },
      {
        "number": "9",
        "name": "Fernando Torres",
        "substituted_in": true,
        "starting_lineup": false
      },
      {
        "number": "21",
        "name": "Kévin Gameiro",
        "substituted_in": true,
        "starting_lineup": false
      }
    ],
    "away_players": [
      {
        "number": "1",
        "name": "Iván Cuéllar",
        "substituted_in": true,
        "starting_lineup": true
      },
      {
        "number": "5",
        "name": "Martín Mantovani",
        "substituted_in": true,
        "starting_lineup": true
      },
      {
        "number": "19",
        "name": "Ezequiel Muñoz",
        "substituted_in": true,
        "starting_lineup": true
      },
      {
        "number": "15",
        "name": "Diego Rico",
        "substituted_in": true,
        "starting_lineup": true
      },
      {
        "number": "3",
        "name": "Unai Bustinza",
        "substituted_in": true,
        "starting_lineup": true
      },
      {
        "number": "6",
        "name": "Gerard Gumbau",
        "substituted_in": true,
        "starting_lineup": true
      },
      {
        "number": "8",
        "name": "Gabriel Pires",
        "substituted_in": true,
        "starting_lineup": true
      },
      {
        "number": "14",
        "name": "Raúl Carnero",
        "substituted_in": true,
        "starting_lineup": true
      },
      {
        "number": "17",
        "name": "Javi Eraso",
        "substituted_in": true,
        "starting_lineup": true
      },
      {
        "number": "23",
        "name": "Omar Ramos",
        "substituted_in": true,
        "starting_lineup": true
      },
      {
        "number": "9",
        "name": "Miguel Ángel Guerrero",
        "substituted_in": true,
        "starting_lineup": true
      },
      {
        "number": "28",
        "name": "Álex Mozo",
        "substituted_in": true,
        "starting_lineup": false
      },
      {
        "number": "18",
        "name": "José Naranjo",
        "substituted_in": true,
        "starting_lineup": false
      },
      {
        "number": "7",
        "name": "Nordin Amrabat",
        "substituted_in": true,
        "starting_lineup": false
      }
    ]
  },
  {
    "url": "https://www.transfermarkt.pl/fc-arsenal_atlético-madryt/aufstellung/spielbericht/3030589",
    "match_id": "3030589",
    "date": "czw., 26.04.2018",
    "competition": "Unknown",
    "matchday": "Unknown",
    "home_team": "FC Arsenal",
    "away_team": "Atlético Madryt",
    "home_players": [
      {
        "number": "13",
        "name": "David Ospina",
        "substituted_in": true,
        "starting_lineup": true
      },
      {
        "number": "6",
        "name": "Laurent Koscielny",
        "substituted_in": true,
        "starting_lineup": true
      },
      {
        "number": "20",
        "name": "Shkodran Mustafi",
        "substituted_in": true,
        "starting_lineup": true
      },
      {
        "number": "18",
        "name": "Nacho Monreal",
        "substituted_in": true,
        "starting_lineup": true
      },
      {
        "number": "24",
        "name": "Héctor Bellerín",
        "substituted_in": true,
        "starting_lineup": true
      },
      {
        "number": "29",
        "name": "Granit Xhaka",
        "substituted_in": true,
        "starting_lineup": true
      },
      {
        "number": "10",
        "name": "Jack Wilshere",
        "substituted_in": true,
        "starting_lineup": true
      },
      {
        "number": "8",
        "name": "Aaron Ramsey",
        "substituted_in": true,
        "starting_lineup": true
      },
      {
        "number": "23",
        "name": "Danny Welbeck",
        "substituted_in": true,
        "starting_lineup": true
      },
      {
        "number": "11",
        "name": "Mesut Özil",
        "substituted_in": true,
        "starting_lineup": true
      },
      {
        "number": "9",
        "name": "Alexandre Lacazette",
        "substituted_in": true,
        "starting_lineup": true
      }
    ],
    "away_players": [
      {
        "number": "13",
        "name": "Jan Oblak",
        "substituted_in": true,
        "starting_lineup": true
      },
      {
        "number": "2",
        "name": "Diego Godín",
        "substituted_in": true,
        "starting_lineup": true
      },
      {
        "number": "24",
        "name": "José María Giménez",
        "substituted_in": true,
        "starting_lineup": true
      },
      {
        "number": "19",
        "name": "Lucas Hernández",
        "substituted_in": true,
        "starting_lineup": true
      },
      {
        "number": "16",
        "name": "Sime Vrsaljko",
        "substituted_in": true,
        "starting_lineup": true
      },
      {
        "number": "5",
        "name": "Thomas Partey",
        "substituted_in": true,
        "starting_lineup": true
      },
      {
        "number": "8",
        "name": "Saúl Ñíguez",
        "substituted_in": true,
        "starting_lineup": true
      },
      {
        "number": "6",
        "name": "Koke",
        "substituted_in": true,
        "starting_lineup": true
      },
      {
        "number": "11",
        "name": "Ángel Correa",
        "substituted_in": true,
        "starting_lineup": true
      },
      {
        "number": "7",
        "name": "Antoine Griezmann",
        "substituted_in": true,
        "starting_lineup": true
      },
      {
        "number": "21",
        "name": "Kévin Gameiro",
        "substituted_in": true,
        "starting_lineup": true
      },
      {
        "number": "15",
        "name": "Stefan Savic",
        "substituted_in": true,
        "starting_lineup": false
      },
      {
        "number": "14",
        "name": "Gabi",
        "substituted_in": true,
        "starting_lineup": false
      },
      {
        "number": "9",
        "name": "Fernando Torres",
        "substituted_in": true,
        "starting_lineup": false
      }
    ]
  },
  {
    "url": "https://www.transfermarkt.pl/sd-eibar_atlético-madryt/aufstellung/spielbericht/2899731",
    "match_id": "2899731",
    "date": "sob., 13.01.2018",
    "competition": "LALIGA",
    "matchday": "19. Kolejka",
    "home_team": "SD Eibar",
    "away_team": "Atlético Madryt",
    "home_players": [
      {
        "number": "25",
        "name": "Marko Dmitrovic",
        "substituted_in": true,
        "starting_lineup": true
      },
      {
        "number": "4",
        "name": "Iván Ramis",
        "substituted_in": true,
        "starting_lineup": true
      },
      {
        "number": "12",
        "name": "Paulo Oliveira",
        "substituted_in": true,
        "starting_lineup": true
      },
      {
        "number": "15",
        "name": "Cote",
        "substituted_in": true,
        "starting_lineup": true
      },
      {
        "number": "7",
        "name": "Ander Capa",
        "substituted_in": true,
        "starting_lineup": true
      },
      {
        "number": "14",
        "name": "Dani García",
        "substituted_in": true,
        "starting_lineup": true
      },
      {
        "number": "24",
        "name": "Joan Jordán",
        "substituted_in": true,
        "starting_lineup": true
      },
      {
        "number": "8",
        "name": "Takashi Inui",
        "substituted_in": true,
        "starting_lineup": true
      },
      {
        "number": "20",
        "name": "Iván Alejo",
        "substituted_in": true,
        "starting_lineup": true
      },
      {
        "number": "9",
        "name": "Sergi Enrich",
        "substituted_in": true,
        "starting_lineup": true
      },
      {
        "number": "19",
        "name": "Charles",
        "substituted_in": true,
        "starting_lineup": true
      },
      {
        "number": "3",
        "name": "Pape Diop",
        "substituted_in": true,
        "starting_lineup": false
      },
      {
        "number": "2",
        "name": "Fabián Orellana",
        "substituted_in": true,
        "starting_lineup": false
      },
      {
        "number": "17",
        "name": "Kike García",
        "substituted_in": true,
        "starting_lineup": false
      }
    ],
    "away_players": [
      {
        "number": "13",
        "name": "Jan Oblak",
        "substituted_in": true,
        "starting_lineup": true
      },
      {
        "number": "2",
        "name": "Diego Godín",
        "substituted_in": true,
        "starting_lineup": true
      },
      {
        "number": "24",
        "name": "José María Giménez",
        "substituted_in": true,
        "starting_lineup": true
      },
      {
        "number": "19",
        "name": "Lucas Hernández",
        "substituted_in": true,
        "starting_lineup": true
      },
      {
        "number": "16",
        "name": "Sime Vrsaljko",
        "substituted_in": true,
        "starting_lineup": true
      },
      {
        "number": "5",
        "name": "Thomas Partey",
        "substituted_in": true,
        "starting_lineup": true
      },
      {
        "number": "8",
        "name": "Saúl Ñíguez",
        "substituted_in": true,
        "starting_lineup": true
      },
      {
        "number": "6",
        "name": "Koke",
        "substituted_in": true,
        "starting_lineup": true
      },
      {
        "number": "11",
        "name": "Ángel Correa",
        "substituted_in": true,
        "starting_lineup": true
      },
      {
        "number": "7",
        "name": "Antoine Griezmann",
        "substituted_in": true,
        "starting_lineup": true
      },
      {
        "number": "21",
        "name": "Kévin Gameiro",
        "substituted_in": true,
        "starting_lineup": true
      },
      {
        "number": "12",
        "name": "Augusto Fernández",
        "substituted_in": true,
        "starting_lineup": false
      },
      {
        "number": "10",
        "name": "Yannick Carrasco",
        "substituted_in": true,
        "starting_lineup": false
      },
      {
        "number": "9",
        "name": "Fernando Torres",
        "substituted_in": true,
        "starting_lineup": false
      }
    ]
  },
  {
    "url": "https://www.transfermarkt.pl/olympique-marseille_atlético-madryt/aufstellung/spielbericht/3038918",
    "match_id": "3038918",
    "date": "śr., 16.05.2018",
    "competition": "Unknown",
    "matchday": "Unknown",
    "home_team": "Olympique Marseille",
    "away_team": "Atlético Madryt",
    "home_players": [
      {
        "number": "30",
        "name": "Steve Mandanda",
        "substituted_in": true,
        "starting_lineup": true
      },
      {
        "number": "23",
        "name": "Adil Rami",
        "substituted_in": true,
        "starting_lineup": true
      },
      {
        "number": "19",
        "name": "Luiz Gustavo",
        "substituted_in": true,
        "starting_lineup": true
      },
      {
        "number": "18",
        "name": "Jordan Amavi",
        "substituted_in": true,
        "starting_lineup": true
      },
      {
        "number": "17",
        "name": "Bouna Sarr",
        "substituted_in": true,
        "starting_lineup": true
      },
      {
        "number": "8",
        "name": "Morgan Sanson",
        "substituted_in": true,
        "starting_lineup": true
      },
      {
        "number": "29",
        "name": "Frank Anguissa",
        "substituted_in": true,
        "starting_lineup": true
      },
      {
        "number": "10",
        "name": "Dimitri Payet",
        "substituted_in": true,
        "starting_lineup": true
      },
      {
        "number": "5",
        "name": "Lucas Ocampos",
        "substituted_in": true,
        "starting_lineup": true
      },
      {
        "number": "26",
        "name": "Florian Thauvin",
        "substituted_in": true,
        "starting_lineup": true
      },
      {
        "number": "28",
        "name": "Valère Germain",
        "substituted_in": true,
        "starting_lineup": true
      },
      {
        "number": "27",
        "name": "Maxime Lopez",
        "substituted_in": true,
        "starting_lineup": false
      },
      {
        "number": "14",
        "name": "Clinton N'Jie",
        "substituted_in": true,
        "starting_lineup": false
      },
      {
        "number": "11",
        "name": "Konstantinos Mitroglou",
        "substituted_in": true,
        "starting_lineup": false
      }
    ],
    "away_players": [
      {
        "number": "13",
        "name": "Jan Oblak",
        "substituted_in": true,
        "starting_lineup": true
      },
      {
        "number": "2",
        "name": "Diego Godín",
        "substituted_in": true,
        "starting_lineup": true
      },
      {
        "number": "24",
        "name": "José María Giménez",
        "substituted_in": true,
        "starting_lineup": true
      },
      {
        "number": "19",
        "name": "Lucas Hernández",
        "substituted_in": true,
        "starting_lineup": true
      },
      {
        "number": "16",
        "name": "Sime Vrsaljko",
        "substituted_in": true,
        "starting_lineup": true
      },
      {
        "number": "14",
        "name": "Gabi",
        "substituted_in": true,
        "starting_lineup": true
      },
      {
        "number": "8",
        "name": "Saúl Ñíguez",
        "substituted_in": true,
        "starting_lineup": true
      },
      {
        "number": "6",
        "name": "Koke",
        "substituted_in": true,
        "starting_lineup": true
      },
      {
        "number": "11",
        "name": "Ángel Correa",
        "substituted_in": true,
        "starting_lineup": true
      },
      {
        "number": "7",
        "name": "Antoine Griezmann",
        "substituted_in": true,
        "starting_lineup": true
      },
      {
        "number": "18",
        "name": "Diego Costa",
        "substituted_in": true,
        "starting_lineup": true
      },
      {
        "number": "20",
        "name": "Juanfran Torres",
        "substituted_in": true,
        "starting_lineup": false
      },
      {
        "number": "5",
        "name": "Thomas Partey",
        "substituted_in": true,
        "starting_lineup": false
      },
      {
        "number": "9",
        "name": "Fernando Torres",
        "substituted_in": true,
        "starting_lineup": false
      }
    ]
  },
  {
    "url": "https://www.transfermarkt.pl/atlético-madryt_ud-las-palmas/aufstellung/spielbericht/2899757",
    "match_id": "2899757",
    "date": "niedz., 28.01.2018",
    "competition": "LALIGA",
    "matchday": "21. Kolejka",
    "home_team": "Atlético Madryt",
    "away_team": "UD Las Palmas",
    "home_players": [
      {
        "number": "13",
        "name": "Jan Oblak",
        "substituted_in": true,
        "starting_lineup": true
      },
      {
        "number": "2",
        "name": "Diego Godín",
        "substituted_in": true,
        "starting_lineup": true
      },
      {
        "number": "24",
        "name": "José María Giménez",
        "substituted_in": true,
        "starting_lineup": true
      },
      {
        "number": "19",
        "name": "Lucas Hernández",
        "substituted_in": true,
        "starting_lineup": true
      },
      {
        "number": "20",
        "name": "Juanfran Torres",
        "substituted_in": true,
        "starting_lineup": true
      },
      {
        "number": "14",
        "name": "Gabi",
        "substituted_in": true,
        "starting_lineup": true
      },
      {
        "number": "8",
        "name": "Saúl Ñíguez",
        "substituted_in": true,
        "starting_lineup": true
      },
      {
        "number": "6",
        "name": "Koke",
        "substituted_in": true,
        "starting_lineup": true
      },
      {
        "number": "11",
        "name": "Ángel Correa",
        "substituted_in": true,
        "starting_lineup": true
      },
      {
        "number": "7",
        "name": "Antoine Griezmann",
        "substituted_in": true,
        "starting_lineup": true
      },
      {
        "number": "9",
        "name": "Fernando Torres",
        "substituted_in": true,
        "starting_lineup": true
      },
      {
        "number": "5",
        "name": "Thomas Partey",
        "substituted_in": true,
        "starting_lineup": false
      },
      {
        "number": "10",
        "name": "Yannick Carrasco",
        "substituted_in": true,
        "starting_lineup": false
      },
      {
        "number": "23",
        "name": "Vitolo",
        "substituted_in": true,
        "starting_lineup": false
      }
    ],
    "away_players": [
      {
        "number": "13",
        "name": "Leandro Chichizola",
        "substituted_in": true,
        "starting_lineup": true
      },
      {
        "number": "20",
        "name": "Alejandro Gálvez",
        "substituted_in": true,
        "starting_lineup": true
      },
      {
        "number": "22",
        "name": "Ximo Navarro",
        "substituted_in": true,
        "starting_lineup": true
      },
      {
        "number": "23",
        "name": "Dani Castellano",
        "substituted_in": true,
        "starting_lineup": true
      },
      {
        "number": "2",
        "name": "David Simón",
        "substituted_in": true,
        "starting_lineup": true
      },
      {
        "number": "7",
        "name": "Gabriel Peñalba",
        "substituted_in": true,
        "starting_lineup": true
      },
      {
        "number": "24",
        "name": "Tana",
        "substituted_in": true,
        "starting_lineup": true
      },
      {
        "number": "21",
        "name": "Jonathan Viera",
        "substituted_in": true,
        "starting_lineup": true
      },
      {
        "number": "16",
        "name": "Jairo Samperio",
        "substituted_in": true,
        "starting_lineup": true
      },
      {
        "number": "19",
        "name": "Hernán Toledo",
        "substituted_in": true,
        "starting_lineup": true
      },
      {
        "number": "9",
        "name": "Jonathan Calleri",
        "substituted_in": true,
        "starting_lineup": true
      },
      {
        "number": "4",
        "name": "Vicente Gómez",
        "substituted_in": true,
        "starting_lineup": false
      },
      {
        "number": "15",
        "name": "Nacho Gil",
        "substituted_in": true,
        "starting_lineup": false
      },
      {
        "number": "29",
        "name": "Erik Expósito",
        "substituted_in": true,
        "starting_lineup": false
      }
    ]
  },
  {
    "url": "https://www.transfermarkt.pl/atlético-madryt_sevilla-fc/aufstellung/spielbericht/2899610",
    "match_id": "2899610",
    "date": "sob., 23.09.2017",
    "competition": "LALIGA",
    "matchday": "6. Kolejka",
    "home_team": "Atlético Madryt",
    "away_team": "Sevilla FC",
    "home_players": [
      {
        "number": "13",
        "name": "Jan Oblak",
        "substituted_in": true,
        "starting_lineup": true
      },
      {
        "number": "15",
        "name": "Stefan Savic",
        "substituted_in": true,
        "starting_lineup": true
      },
      {
        "number": "19",
        "name": "Lucas Hernández",
        "substituted_in": true,
        "starting_lineup": true
      },
      {
        "number": "3",
        "name": "Filipe Luís",
        "substituted_in": true,
        "starting_lineup": true
      },
      {
        "number": "16",
        "name": "Sime Vrsaljko",
        "substituted_in": true,
        "starting_lineup": true
      },
      {
        "number": "14",
        "name": "Gabi",
        "substituted_in": true,
        "starting_lineup": true
      },
      {
        "number": "6",
        "name": "Koke",
        "substituted_in": true,
        "starting_lineup": true
      },
      {
        "number": "8",
        "name": "Saúl Ñíguez",
        "substituted_in": true,
        "starting_lineup": true
      },
      {
        "number": "10",
        "name": "Yannick Carrasco",
        "substituted_in": true,
        "starting_lineup": true
      },
      {
        "number": "7",
        "name": "Antoine Griezmann",
        "substituted_in": true,
        "starting_lineup": true
      },
      {
        "number": "17",
        "name": "Luciano Vietto",
        "substituted_in": true,
        "starting_lineup": true
      },
      {
        "number": "5",
        "name": "Thomas Partey",
        "substituted_in": true,
        "starting_lineup": false
      },
      {
        "number": "11",
        "name": "Ángel Correa",
        "substituted_in": true,
        "starting_lineup": false
      },
      {
        "number": "21",
        "name": "Kévin Gameiro",
        "substituted_in": true,
        "starting_lineup": false
      }
    ],
    "away_players": [
      {
        "number": "1",
        "name": "Sergio Rico",
        "substituted_in": true,
        "starting_lineup": true
      },
      {
        "number": "5",
        "name": "Clément Lenglet",
        "substituted_in": true,
        "starting_lineup": true
      },
      {
        "number": "6",
        "name": "Daniel Carriço",
        "substituted_in": true,
        "starting_lineup": true
      },
      {
        "number": "3",
        "name": "Lionel Carole",
        "substituted_in": true,
        "starting_lineup": true
      },
      {
        "number": "25",
        "name": "Gabriel Mercado",
        "substituted_in": true,
        "starting_lineup": true
      },
      {
        "number": "15",
        "name": "Steven Nzonzi",
        "substituted_in": true,
        "starting_lineup": true
      },
      {
        "number": "10",
        "name": "Éver Banega",
        "substituted_in": true,
        "starting_lineup": true
      },
      {
        "number": "22",
        "name": "Franco Vázquez",
        "substituted_in": true,
        "starting_lineup": true
      },
      {
        "number": "17",
        "name": "Pablo Sarabia",
        "substituted_in": true,
        "starting_lineup": true
      },
      {
        "number": "16",
        "name": "Jesús Navas",
        "substituted_in": true,
        "starting_lineup": true
      },
      {
        "number": "20",
        "name": "Luis Muriel",
        "substituted_in": true,
        "starting_lineup": true
      },
      {
        "number": "7",
        "name": "Michael Krohn-Dehli",
        "substituted_in": true,
        "starting_lineup": false
      },
      {
        "number": "11",
        "name": "Joaquín Correa",
        "substituted_in": true,
        "starting_lineup": false
      },
      {
        "number": "9",
        "name": "Wissam Ben Yedder",
        "substituted_in": true,
        "starting_lineup": false
      }
    ]
  },
  {
    "url": "https://www.transfermarkt.pl/getafe-cf_atlético-madryt/aufstellung/spielbericht/2899912",
    "match_id": "2899912",
    "date": "sob., 12.05.2018",
    "competition": "LALIGA",
    "matchday": "37. Kolejka",
    "home_team": "Getafe CF",
    "away_team": "Atlético Madryt",
    "home_players": [
      {
        "number": "13",
        "name": "Vicente Guaita",
        "substituted_in": true,
        "starting_lineup": true
      },
      {
        "number": "2",
        "name": "Dakonam Djené",
        "substituted_in": true,
        "starting_lineup": true
      },
      {
        "number": "4",
        "name": "Bruno González",
        "substituted_in": true,
        "starting_lineup": true
      },
      {
        "number": "3",
        "name": "Antunes",
        "substituted_in": true,
        "starting_lineup": true
      },
      {
        "number": "22",
        "name": "Damián Suárez",
        "substituted_in": true,
        "starting_lineup": true
      },
      {
        "number": "8",
        "name": "Mathieu Flamini",
        "substituted_in": true,
        "starting_lineup": true
      },
      {
        "number": "21",
        "name": "Fayçal Fajr",
        "substituted_in": true,
        "starting_lineup": true
      },
      {
        "number": "23",
        "name": "Amath Ndiaye",
        "substituted_in": true,
        "starting_lineup": true
      },
      {
        "number": "12",
        "name": "Francisco Portillo",
        "substituted_in": true,
        "starting_lineup": true
      },
      {
        "number": "11",
        "name": "Loïc Rémy",
        "substituted_in": true,
        "starting_lineup": true
      },
      {
        "number": "19",
        "name": "Jorge Molina",
        "substituted_in": true,
        "starting_lineup": true
      },
      {
        "number": "14",
        "name": "Sergio Mora",
        "substituted_in": true,
        "starting_lineup": false
      },
      {
        "number": "20",
        "name": "Dani Pacheco",
        "substituted_in": true,
        "starting_lineup": false
      },
      {
        "number": "9",
        "name": "Ángel Rodríguez",
        "substituted_in": true,
        "starting_lineup": false
      }
    ],
    "away_players": [
      {
        "number": "13",
        "name": "Jan Oblak",
        "substituted_in": true,
        "starting_lineup": true
      },
      {
        "number": "2",
        "name": "Diego Godín",
        "substituted_in": true,
        "starting_lineup": true
      },
      {
        "number": "15",
        "name": "Stefan Savic",
        "substituted_in": true,
        "starting_lineup": true
      },
      {
        "number": "3",
        "name": "Filipe Luís",
        "substituted_in": true,
        "starting_lineup": true
      },
      {
        "number": "20",
        "name": "Juanfran Torres",
        "substituted_in": true,
        "starting_lineup": true
      },
      {
        "number": "5",
        "name": "Thomas Partey",
        "substituted_in": true,
        "starting_lineup": true
      },
      {
        "number": "14",
        "name": "Gabi",
        "substituted_in": true,
        "starting_lineup": true
      },
      {
        "number": "8",
        "name": "Saúl Ñíguez",
        "substituted_in": true,
        "starting_lineup": true
      },
      {
        "number": "6",
        "name": "Koke",
        "substituted_in": true,
        "starting_lineup": true
      },
      {
        "number": "7",
        "name": "Antoine Griezmann",
        "substituted_in": true,
        "starting_lineup": true
      },
      {
        "number": "18",
        "name": "Diego Costa",
        "substituted_in": true,
        "starting_lineup": true
      },
      {
        "number": "11",
        "name": "Ángel Correa",
        "substituted_in": true,
        "starting_lineup": false
      },
      {
        "number": "9",
        "name": "Fernando Torres",
        "substituted_in": true,
        "starting_lineup": false
      },
      {
        "number": "21",
        "name": "Kévin Gameiro",
        "substituted_in": true,
        "starting_lineup": false
      }
    ]
  },
  {
    "url": "https://www.transfermarkt.pl/atlético-madryt_levante-ud/aufstellung/spielbericht/2899904",
    "match_id": "2899904",
    "date": "niedz., 15.04.2018",
    "competition": "LALIGA",
    "matchday": "32. Kolejka",
    "home_team": "Atlético Madryt",
    "away_team": "Levante UD",
    "home_players": [
      {
        "number": "13",
        "name": "Jan Oblak",
        "substituted_in": true,
        "starting_lineup": true
      },
      {
        "number": "2",
        "name": "Diego Godín",
        "substituted_in": true,
        "starting_lineup": true
      },
      {
        "number": "15",
        "name": "Stefan Savic",
        "substituted_in": true,
        "starting_lineup": true
      },
      {
        "number": "19",
        "name": "Lucas Hernández",
        "substituted_in": true,
        "starting_lineup": true
      },
      {
        "number": "16",
        "name": "Sime Vrsaljko",
        "substituted_in": true,
        "starting_lineup": true
      },
      {
        "number": "8",
        "name": "Saúl Ñíguez",
        "substituted_in": true,
        "starting_lineup": true
      },
      {
        "number": "6",
        "name": "Koke",
        "substituted_in": true,
        "starting_lineup": true
      },
      {
        "number": "23",
        "name": "Vitolo",
        "substituted_in": true,
        "starting_lineup": true
      },
      {
        "number": "11",
        "name": "Ángel Correa",
        "substituted_in": true,
        "starting_lineup": true
      },
      {
        "number": "7",
        "name": "Antoine Griezmann",
        "substituted_in": true,
        "starting_lineup": true
      },
      {
        "number": "21",
        "name": "Kévin Gameiro",
        "substituted_in": true,
        "starting_lineup": true
      },
      {
        "number": "20",
        "name": "Juanfran Torres",
        "substituted_in": true,
        "starting_lineup": false
      },
      {
        "number": "14",
        "name": "Gabi",
        "substituted_in": true,
        "starting_lineup": false
      },
      {
        "number": "9",
        "name": "Fernando Torres",
        "substituted_in": true,
        "starting_lineup": false
      }
    ],
    "away_players": [
      {
        "number": "13",
        "name": "Oier Olazábal",
        "substituted_in": true,
        "starting_lineup": true
      },
      {
        "number": "4",
        "name": "Róber Pier",
        "substituted_in": true,
        "starting_lineup": true
      },
      {
        "number": "18",
        "name": "Erick Cabaco",
        "substituted_in": true,
        "starting_lineup": true
      },
      {
        "number": "30",
        "name": "Aly Abeid",
        "substituted_in": true,
        "starting_lineup": true
      },
      {
        "number": "19",
        "name": "Pedro López",
        "substituted_in": true,
        "starting_lineup": true
      },
      {
        "number": "8",
        "name": "Jefferson Lerma",
        "substituted_in": true,
        "starting_lineup": true
      },
      {
        "number": "24",
        "name": "José Campaña",
        "substituted_in": true,
        "starting_lineup": true
      },
      {
        "number": "11",
        "name": "José Luis Morales",
        "substituted_in": true,
        "starting_lineup": true
      },
      {
        "number": "23",
        "name": "Jason Remeseiro",
        "substituted_in": true,
        "starting_lineup": true
      },
      {
        "number": "7",
        "name": "Armando Sadiku",
        "substituted_in": true,
        "starting_lineup": true
      },
      {
        "number": "9",
        "name": "Roger Martí",
        "substituted_in": true,
        "starting_lineup": true
      },
      {
        "number": "6",
        "name": "Chema Rodríguez",
        "substituted_in": true,
        "starting_lineup": false
      },
      {
        "number": "10",
        "name": "Enis Bardhi",
        "substituted_in": true,
        "starting_lineup": false
      },
      {
        "number": "14",
        "name": "Ivi López",
        "substituted_in": true,
        "starting_lineup": false
      }
    ]
  },
  {
    "url": "https://www.transfermarkt.pl/deportivo-alavés_atlético-madryt/aufstellung/spielbericht/2899866",
    "match_id": "2899866",
    "date": "niedz., 29.04.2018",
    "competition": "LALIGA",
    "matchday": "35. Kolejka",
    "home_team": "Deportivo Alavés",
    "away_team": "Atlético Madryt",
    "home_players": [
      {
        "number": "13",
        "name": "Antonio Sivera",
        "substituted_in": true,
        "starting_lineup": true
      },
      {
        "number": "5",
        "name": "Víctor Laguardia",
        "substituted_in": true,
        "starting_lineup": true
      },
      {
        "number": "6",
        "name": "Guillermo Maripán",
        "substituted_in": true,
        "starting_lineup": true
      },
      {
        "number": "26",
        "name": "Adrián Diéguez",
        "substituted_in": true,
        "starting_lineup": true
      },
      {
        "number": "4",
        "name": "Alexis Ruano",
        "substituted_in": true,
        "starting_lineup": true
      },
      {
        "number": "18",
        "name": "Tomás Pina",
        "substituted_in": true,
        "starting_lineup": true
      },
      {
        "number": "22",
        "name": "Mubarak Wakaso",
        "substituted_in": true,
        "starting_lineup": true
      },
      {
        "number": "17",
        "name": "Alfonso Pedraza",
        "substituted_in": true,
        "starting_lineup": true
      },
      {
        "number": "7",
        "name": "Rubén Sobrino",
        "substituted_in": true,
        "starting_lineup": true
      },
      {
        "number": "24",
        "name": "Munir El Haddadi",
        "substituted_in": true,
        "starting_lineup": true
      },
      {
        "number": "10",
        "name": "John Guidetti",
        "substituted_in": true,
        "starting_lineup": true
      },
      {
        "number": "1",
        "name": "Fernando Pacheco",
        "substituted_in": true,
        "starting_lineup": false
      },
      {
        "number": "19",
        "name": "Manu García",
        "substituted_in": true,
        "starting_lineup": false
      },
      {
        "number": "11",
        "name": "Ibai Gómez",
        "substituted_in": true,
        "starting_lineup": false
      }
    ],
    "away_players": [
      {
        "number": "25",
        "name": "Axel Werner",
        "substituted_in": true,
        "starting_lineup": true
      },
      {
        "number": "15",
        "name": "Stefan Savic",
        "substituted_in": true,
        "starting_lineup": true
      },
      {
        "number": "19",
        "name": "Lucas Hernández",
        "substituted_in": true,
        "starting_lineup": true
      },
      {
        "number": "16",
        "name": "Sime Vrsaljko",
        "substituted_in": true,
        "starting_lineup": true
      },
      {
        "number": "5",
        "name": "Thomas Partey",
        "substituted_in": true,
        "starting_lineup": true
      },
      {
        "number": "14",
        "name": "Gabi",
        "substituted_in": true,
        "starting_lineup": true
      },
      {
        "number": "6",
        "name": "Koke",
        "substituted_in": true,
        "starting_lineup": true
      },
      {
        "number": "23",
        "name": "Vitolo",
        "substituted_in": true,
        "starting_lineup": true
      },
      {
        "number": "11",
        "name": "Ángel Correa",
        "substituted_in": true,
        "starting_lineup": true
      },
      {
        "number": "9",
        "name": "Fernando Torres",
        "substituted_in": true,
        "starting_lineup": true
      },
      {
        "number": "18",
        "name": "Diego Costa",
        "substituted_in": true,
        "starting_lineup": true
      },
      {
        "number": "2",
        "name": "Diego Godín",
        "substituted_in": true,
        "starting_lineup": false
      },
      {
        "number": "21",
        "name": "Kévin Gameiro",
        "substituted_in": true,
        "starting_lineup": false
      }
    ]
  },
  {
    "url": "https://www.transfermarkt.pl/lokomotiw-moskwa_atlético-madryt/aufstellung/spielbericht/3009823",
    "match_id": "3009823",
    "date": "czw., 15.03.2018",
    "competition": "Unknown",
    "matchday": "Unknown",
    "home_team": "Lokomotiw Moskwa",
    "away_team": "Atlético Madryt",
    "home_players": [
      {
        "number": "77",
        "name": "Anton Kochenkov",
        "substituted_in": true,
        "starting_lineup": true
      },
      {
        "number": "14",
        "name": "Vedran Corluka",
        "substituted_in": true,
        "starting_lineup": true
      },
      {
        "number": "33",
        "name": "Solomon Kvirkvelia",
        "substituted_in": true,
        "starting_lineup": true
      },
      {
        "number": "84",
        "name": "Mikhail Lysov",
        "substituted_in": true,
        "starting_lineup": true
      },
      {
        "number": "31",
        "name": "Maciej Rybus",
        "substituted_in": true,
        "starting_lineup": true
      },
      {
        "number": "27",
        "name": "Igor Denisov",
        "substituted_in": true,
        "starting_lineup": true
      },
      {
        "number": "18",
        "name": "Aleksandr Kolomeytsev",
        "substituted_in": true,
        "starting_lineup": true
      },
      {
        "number": "4",
        "name": "Manuel Fernandes",
        "substituted_in": true,
        "starting_lineup": true
      },
      {
        "number": "60",
        "name": "Anton Miranchuk",
        "substituted_in": true,
        "starting_lineup": true
      },
      {
        "number": "59",
        "name": "Aleksey Miranchuk",
        "substituted_in": true,
        "starting_lineup": true
      },
      {
        "number": "8",
        "name": "Jefferson Farfán",
        "substituted_in": true,
        "starting_lineup": true
      },
      {
        "number": "5",
        "name": "Nemanja Pejcinovic",
        "substituted_in": true,
        "starting_lineup": false
      },
      {
        "number": "23",
        "name": "Dmitriy Tarasov",
        "substituted_in": true,
        "starting_lineup": false
      },
      {
        "number": "24",
        "name": "Éder",
        "substituted_in": true,
        "starting_lineup": false
      }
    ],
    "away_players": [
      {
        "number": "25",
        "name": "Axel Werner",
        "substituted_in": true,
        "starting_lineup": true
      },
      {
        "number": "2",
        "name": "Diego Godín",
        "substituted_in": true,
        "starting_lineup": true
      },
      {
        "number": "24",
        "name": "José María Giménez",
        "substituted_in": true,
        "starting_lineup": true
      },
      {
        "number": "3",
        "name": "Filipe Luís",
        "substituted_in": true,
        "starting_lineup": true
      },
      {
        "number": "20",
        "name": "Juanfran Torres",
        "substituted_in": true,
        "starting_lineup": true
      },
      {
        "number": "5",
        "name": "Thomas Partey",
        "substituted_in": true,
        "starting_lineup": true
      },
      {
        "number": "14",
        "name": "Gabi",
        "substituted_in": true,
        "starting_lineup": true
      },
      {
        "number": "8",
        "name": "Saúl Ñíguez",
        "substituted_in": true,
        "starting_lineup": true
      },
      {
        "number": "6",
        "name": "Koke",
        "substituted_in": true,
        "starting_lineup": true
      },
      {
        "number": "11",
        "name": "Ángel Correa",
        "substituted_in": true,
        "starting_lineup": true
      },
      {
        "number": "9",
        "name": "Fernando Torres",
        "substituted_in": true,
        "starting_lineup": true
      },
      {
        "number": "19",
        "name": "Lucas Hernández",
        "substituted_in": true,
        "starting_lineup": false
      },
      {
        "number": "16",
        "name": "Sime Vrsaljko",
        "substituted_in": true,
        "starting_lineup": false
      },
      {
        "number": "7",
        "name": "Antoine Griezmann",
        "substituted_in": true,
        "starting_lineup": false
      }
    ]
  },
  {
    "url": "https://www.transfermarkt.pl/celta-de-vigo_atlético-madryt/aufstellung/spielbericht/2899638",
    "match_id": "2899638",
    "date": "niedz., 22.10.2017",
    "competition": "LALIGA",
    "matchday": "9. Kolejka",
    "home_team": "Celta de Vigo",
    "away_team": "Atlético Madryt",
    "home_players": [
      {
        "number": "1",
        "name": "Sergio Álvarez",
        "substituted_in": true,
        "starting_lineup": true
      },
      {
        "number": "20",
        "name": "Sergi Gómez",
        "substituted_in": true,
        "starting_lineup": true
      },
      {
        "number": "22",
        "name": "Gustavo Cabral",
        "substituted_in": true,
        "starting_lineup": true
      },
      {
        "number": "19",
        "name": "Jonny Otto",
        "substituted_in": true,
        "starting_lineup": true
      },
      {
        "number": "2",
        "name": "Hugo Mallo",
        "substituted_in": true,
        "starting_lineup": true
      },
      {
        "number": "14",
        "name": "Stanislav Lobotka",
        "substituted_in": true,
        "starting_lineup": true
      },
      {
        "number": "8",
        "name": "Pablo Hernández",
        "substituted_in": true,
        "starting_lineup": true
      },
      {
        "number": "18",
        "name": "Daniel Wass",
        "substituted_in": true,
        "starting_lineup": true
      },
      {
        "number": "11",
        "name": "Pione Sisto",
        "substituted_in": true,
        "starting_lineup": true
      },
      {
        "number": "10",
        "name": "Iago Aspas",
        "substituted_in": true,
        "starting_lineup": true
      },
      {
        "number": "7",
        "name": "Maxi Gómez",
        "substituted_in": true,
        "starting_lineup": true
      },
      {
        "number": "21",
        "name": "Emre Mor",
        "substituted_in": true,
        "starting_lineup": false
      },
      {
        "number": "9",
        "name": "John Guidetti",
        "substituted_in": true,
        "starting_lineup": false
      }
    ],
    "away_players": [
      {
        "number": "13",
        "name": "Jan Oblak",
        "substituted_in": true,
        "starting_lineup": true
      },
      {
        "number": "2",
        "name": "Diego Godín",
        "substituted_in": true,
        "starting_lineup": true
      },
      {
        "number": "15",
        "name": "Stefan Savic",
        "substituted_in": true,
        "starting_lineup": true
      },
      {
        "number": "19",
        "name": "Lucas Hernández",
        "substituted_in": true,
        "starting_lineup": true
      },
      {
        "number": "20",
        "name": "Juanfran Torres",
        "substituted_in": true,
        "starting_lineup": true
      },
      {
        "number": "5",
        "name": "Thomas Partey",
        "substituted_in": true,
        "starting_lineup": true
      },
      {
        "number": "14",
        "name": "Gabi",
        "substituted_in": true,
        "starting_lineup": true
      },
      {
        "number": "8",
        "name": "Saúl Ñíguez",
        "substituted_in": true,
        "starting_lineup": true
      },
      {
        "number": "11",
        "name": "Ángel Correa",
        "substituted_in": true,
        "starting_lineup": true
      },
      {
        "number": "7",
        "name": "Antoine Griezmann",
        "substituted_in": true,
        "starting_lineup": true
      },
      {
        "number": "21",
        "name": "Kévin Gameiro",
        "substituted_in": true,
        "starting_lineup": true
      },
      {
        "number": "24",
        "name": "José María Giménez",
        "substituted_in": true,
        "starting_lineup": false
      },
      {
        "number": "3",
        "name": "Filipe Luís",
        "substituted_in": true,
        "starting_lineup": false
      },
      {
        "number": "22",
        "name": "Nico Gaitán",
        "substituted_in": true,
        "starting_lineup": false
      }
    ]
  }
]