[
  {
    "url": "https://www.transfermarkt.pl/stade-rennais-fc_atlético-madryt/aufstellung/spielbericht/1145835",
    "match_id": "1145835",
    "date": "czw., 29.09.2011",
    "competition": "Unknown",
    "matchday": "Unknown",
    "home_team": "Stade Rennais FC",
    "away_team": "Atlético Madryt",
    "home_players": [
      {
        "number": "1",
        "name": "Benoît Costil",
        "substituted_in": true,
        "starting_lineup": true
      },
      {
        "number": "15",
        "name": "Jean-Armel Kana-Biyik",
        "substituted_in": true,
        "starting_lineup": true
      },
      {
        "number": "14",
        "name": "Georges Mandjeck",
        "substituted_in": true,
        "starting_lineup": true
      },
      {
        "number": "2",
        "name": "Kévin Théophile-Catherine",
        "substituted_in": true,
        "starting_lineup": true
      },
      {
        "number": "29",
        "name": "Romain Danzé",
        "substituted_in": true,
        "starting_lineup": true
      },
      {
        "number": "6",
        "name": "Alexander Tettey",
        "substituted_in": true,
        "starting_lineup": true
      },
      {
        "number": "28",
        "name": "Tongo Doumbia",
        "substituted_in": true,
        "starting_lineup": true
      },
      {
        "number": "10",
        "name": "Stéphane Dalmat",
        "substituted_in": true,
        "starting_lineup": true
      },
      {
        "number": "11",
        "name": "Jirès Kembo Ekoko",
        "substituted_in": true,
        "starting_lineup": true
      },
      {
        "number": "8",
        "name": "Julien Féret",
        "substituted_in": true,
        "starting_lineup": true
      },
      {
        "number": "21",
        "name": "Víctor Montaño",
        "substituted_in": true,
        "starting_lineup": true
      },
      {
        "number": "17",
        "name": "Yann M'Vila",
        "substituted_in": true,
        "starting_lineup": false
      },
      {
        "number": "7",
        "name": "Jonathan Pitroipa",
        "substituted_in": true,
        "starting_lineup": false
      },
      {
        "number": "19",
        "name": "Youssouf Hadji",
        "substituted_in": true,
        "starting_lineup": false
      }
    ],
    "away_players": [
      {
        "number": "13",
        "name": "Thibaut Courtois",
        "substituted_in": true,
        "starting_lineup": true
      },
      {
        "number": "18",
        "name": "Álvaro Domínguez",
        "substituted_in": true,
        "starting_lineup": true
      },
      {
        "number": "23",
        "name": "Miranda",
        "substituted_in": true,
        "starting_lineup": true
      },
      {
        "number": "6",
        "name": "Filipe Luís",
        "substituted_in": true,
        "starting_lineup": true
      },
      {
        "number": "21",
        "name": "Luis Amaranto Perea",
        "substituted_in": true,
        "starting_lineup": true
      },
      {
        "number": "4",
        "name": "Mario Suárez",
        "substituted_in": true,
        "starting_lineup": true
      },
      {
        "number": "14",
        "name": "Gabi",
        "substituted_in": true,
        "starting_lineup": true
      },
      {
        "number": "11",
        "name": "Arda Turan",
        "substituted_in": true,
        "starting_lineup": true
      },
      {
        "number": "22",
        "name": "Diego",
        "substituted_in": true,
        "starting_lineup": true
      },
      {
        "number": "7",
        "name": "Adrián López",
        "substituted_in": true,
        "starting_lineup": true
      },
      {
        "number": "9",
        "name": "Radamel Falcao",
        "substituted_in": true,
        "starting_lineup": true
      },
      {
        "number": "20",
        "name": "Juanfran Torres",
        "substituted_in": true,
        "starting_lineup": false
      },
      {
        "number": "10",
        "name": "José Antonio Reyes",
        "substituted_in": true,
        "starting_lineup": false
      },
      {
        "number": "8",
        "name": "Eduardo Salvio",
        "substituted_in": true,
        "starting_lineup": false
      }
    ]
  },
  {
    "url": "https://www.transfermarkt.pl/atlético-madryt_besiktas-jk/aufstellung/spielbericht/1187756",
    "match_id": "1187756",
    "date": "czw., 08.03.2012",
    "competition": "Unknown",
    "matchday": "Unknown",
    "home_team": "Atlético Madryt",
    "away_team": "Besiktas JK",
    "home_players": [
      {
        "number": "13",
        "name": "Thibaut Courtois",
        "substituted_in": true,
        "starting_lineup": true
      },
      {
        "number": "2",
        "name": "Diego Godín",
        "substituted_in": true,
        "starting_lineup": true
      },
      {
        "number": "21",
        "name": "Luis Amaranto Perea",
        "substituted_in": true,
        "starting_lineup": true
      },
      {
        "number": "6",
        "name": "Filipe Luís",
        "substituted_in": true,
        "starting_lineup": true
      },
      {
        "number": "20",
        "name": "Juanfran Torres",
        "substituted_in": true,
        "starting_lineup": true
      },
      {
        "number": "4",
        "name": "Mario Suárez",
        "substituted_in": true,
        "starting_lineup": true
      },
      {
        "number": "14",
        "name": "Gabi",
        "substituted_in": true,
        "starting_lineup": true
      },
      {
        "number": "19",
        "name": "Koke",
        "substituted_in": true,
        "starting_lineup": true
      },
      {
        "number": "8",
        "name": "Eduardo Salvio",
        "substituted_in": true,
        "starting_lineup": true
      },
      {
        "number": "7",
        "name": "Adrián López",
        "substituted_in": true,
        "starting_lineup": true
      },
      {
        "number": "9",
        "name": "Radamel Falcao",
        "substituted_in": true,
        "starting_lineup": true
      },
      {
        "number": "18",
        "name": "Álvaro Domínguez",
        "substituted_in": true,
        "starting_lineup": false
      },
      {
        "number": "48",
        "name": "Saúl Ñíguez",
        "substituted_in": true,
        "starting_lineup": false
      },
      {
        "number": "15",
        "name": "Pizzi",
        "substituted_in": true,
        "starting_lineup": false
      }
    ],
    "away_players": [
      {
        "number": "99",
        "name": "Cenk Gönen",
        "substituted_in": true,
        "starting_lineup": true
      },
      {
        "number": "55",
        "name": "Egemen Korkmaz",
        "substituted_in": true,
        "starting_lineup": true
      },
      {
        "number": "6",
        "name": "Tomas Sivok",
        "substituted_in": true,
        "starting_lineup": true
      },
      {
        "number": "8",
        "name": "Veli Kavlak",
        "substituted_in": true,
        "starting_lineup": true
      },
      {
        "number": "5",
        "name": "İbrahim Toraman",
        "substituted_in": true,
        "starting_lineup": true
      },
      {
        "number": "28",
        "name": "Fabian Ernst",
        "substituted_in": true,
        "starting_lineup": true
      },
      {
        "number": "18",
        "name": "Necip Uysal",
        "substituted_in": true,
        "starting_lineup": true
      },
      {
        "number": "4",
        "name": "Manuel Fernandes",
        "substituted_in": true,
        "starting_lineup": true
      },
      {
        "number": "7",
        "name": "Ricardo Quaresma",
        "substituted_in": true,
        "starting_lineup": true
      },
      {
        "number": "20",
        "name": "Simão",
        "substituted_in": true,
        "starting_lineup": true
      },
      {
        "number": "11",
        "name": "Mustafa Pektemek",
        "substituted_in": true,
        "starting_lineup": true
      },
      {
        "number": "3",
        "name": "İsmail Köybaşı",
        "substituted_in": true,
        "starting_lineup": false
      },
      {
        "number": "23",
        "name": "Filip Holosko",
        "substituted_in": true,
        "starting_lineup": false
      },
      {
        "number": "33",
        "name": "Edú",
        "substituted_in": true,
        "starting_lineup": false
      }
    ]
  },
  {
    "url": "https://www.transfermarkt.pl/atlético-madryt_real-madryt/aufstellung/spielbericht/1125537",
    "match_id": "1125537",
    "date": "śr., 11.04.2012",
    "competition": "LALIGA",
    "matchday": "33. Kolejka",
    "home_team": "Atlético Madryt",
    "away_team": "Real Madryt",
    "home_players": [
      {
        "number": "13",
        "name": "Thibaut Courtois",
        "substituted_in": true,
        "starting_lineup": true
      },
      {
        "number": "2",
        "name": "Diego Godín",
        "substituted_in": true,
        "starting_lineup": true
      },
      {
        "number": "21",
        "name": "Luis Amaranto Perea",
        "substituted_in": true,
        "starting_lineup": true
      },
      {
        "number": "6",
        "name": "Filipe Luís",
        "substituted_in": true,
        "starting_lineup": true
      },
      {
        "number": "20",
        "name": "Juanfran Torres",
        "substituted_in": true,
        "starting_lineup": true
      },
      {
        "number": "5",
        "name": "Tiago Mendes",
        "substituted_in": true,
        "starting_lineup": true
      },
      {
        "number": "14",
        "name": "Gabi",
        "substituted_in": true,
        "starting_lineup": true
      },
      {
        "number": "22",
        "name": "Diego",
        "substituted_in": true,
        "starting_lineup": true
      },
      {
        "number": "11",
        "name": "Arda Turan",
        "substituted_in": true,
        "starting_lineup": true
      },
      {
        "number": "7",
        "name": "Adrián López",
        "substituted_in": true,
        "starting_lineup": true
      },
      {
        "number": "9",
        "name": "Radamel Falcao",
        "substituted_in": true,
        "starting_lineup": true
      },
      {
        "number": "19",
        "name": "Koke",
        "substituted_in": true,
        "starting_lineup": false
      }
    ],
    "away_players": [
      {
        "number": "1",
        "name": "Iker Casillas",
        "substituted_in": true,
        "starting_lineup": true
      },
      {
        "number": "3",
        "name": "Pepe",
        "substituted_in": true,
        "starting_lineup": true
      },
      {
        "number": "4",
        "name": "Sergio Ramos",
        "substituted_in": true,
        "starting_lineup": true
      },
      {
        "number": "15",
        "name": "Fábio Coentrão",
        "substituted_in": true,
        "starting_lineup": true
      },
      {
        "number": "17",
        "name": "Álvaro Arbeloa",
        "substituted_in": true,
        "starting_lineup": true
      },
      {
        "number": "14",
        "name": "Xabi Alonso",
        "substituted_in": true,
        "starting_lineup": true
      },
      {
        "number": "6",
        "name": "Sami Khedira",
        "substituted_in": true,
        "starting_lineup": true
      },
      {
        "number": "8",
        "name": "Kaká",
        "substituted_in": true,
        "starting_lineup": true
      },
      {
        "number": "7",
        "name": "Cristiano Ronaldo",
        "substituted_in": true,
        "starting_lineup": true
      },
      {
        "number": "22",
        "name": "Ángel Di María",
        "substituted_in": true,
        "starting_lineup": true
      },
      {
        "number": "9",
        "name": "Karim Benzema",
        "substituted_in": true,
        "starting_lineup": true
      },
      {
        "number": "10",
        "name": "Mesut Özil",
        "substituted_in": true,
        "starting_lineup": false
      },
      {
        "number": "21",
        "name": "José Callejón",
        "substituted_in": true,
        "starting_lineup": false
      },
      {
        "number": "20",
        "name": "Gonzalo Higuaín",
        "substituted_in": true,
        "starting_lineup": false
      }
    ]
  },
  {
    "url": "https://www.transfermarkt.pl/besiktas-jk_atlético-madryt/aufstellung/spielbericht/1187764",
    "match_id": "1187764",
    "date": "czw., 15.03.2012",
    "competition": "Unknown",
    "matchday": "Unknown",
    "home_team": "Besiktas JK",
    "away_team": "Atlético Madryt",
    "home_players": [
      {
        "number": "99",
        "name": "Cenk Gönen",
        "substituted_in": true,
        "starting_lineup": true
      },
      {
        "number": "55",
        "name": "Egemen Korkmaz",
        "substituted_in": true,
        "starting_lineup": true
      },
      {
        "number": "6",
        "name": "Tomas Sivok",
        "substituted_in": true,
        "starting_lineup": true
      },
      {
        "number": "3",
        "name": "İsmail Köybaşı",
        "substituted_in": true,
        "starting_lineup": true
      },
      {
        "number": "17",
        "name": "Ekrem Dag",
        "substituted_in": true,
        "starting_lineup": true
      },
      {
        "number": "5",
        "name": "İbrahim Toraman",
        "substituted_in": true,
        "starting_lineup": true
      },
      {
        "number": "8",
        "name": "Veli Kavlak",
        "substituted_in": true,
        "starting_lineup": true
      },
      {
        "number": "4",
        "name": "Manuel Fernandes",
        "substituted_in": true,
        "starting_lineup": true
      },
      {
        "number": "20",
        "name": "Simão",
        "substituted_in": true,
        "starting_lineup": true
      },
      {
        "number": "33",
        "name": "Edú",
        "substituted_in": true,
        "starting_lineup": true
      },
      {
        "number": "9",
        "name": "Hugo Almeida",
        "substituted_in": true,
        "starting_lineup": true
      },
      {
        "number": "15",
        "name": "Mehmet Aurélio",
        "substituted_in": true,
        "starting_lineup": false
      },
      {
        "number": "23",
        "name": "Filip Holosko",
        "substituted_in": true,
        "starting_lineup": false
      },
      {
        "number": "11",
        "name": "Mustafa Pektemek",
        "substituted_in": true,
        "starting_lineup": false
      }
    ],
    "away_players": [
      {
        "number": "13",
        "name": "Thibaut Courtois",
        "substituted_in": true,
        "starting_lineup": true
      },
      {
        "number": "2",
        "name": "Diego Godín",
        "substituted_in": true,
        "starting_lineup": true
      },
      {
        "number": "23",
        "name": "Miranda",
        "substituted_in": true,
        "starting_lineup": true
      },
      {
        "number": "6",
        "name": "Filipe Luís",
        "substituted_in": true,
        "starting_lineup": true
      },
      {
        "number": "20",
        "name": "Juanfran Torres",
        "substituted_in": true,
        "starting_lineup": true
      },
      {
        "number": "4",
        "name": "Mario Suárez",
        "substituted_in": true,
        "starting_lineup": true
      },
      {
        "number": "14",
        "name": "Gabi",
        "substituted_in": true,
        "starting_lineup": true
      },
      {
        "number": "11",
        "name": "Arda Turan",
        "substituted_in": true,
        "starting_lineup": true
      },
      {
        "number": "19",
        "name": "Koke",
        "substituted_in": true,
        "starting_lineup": true
      },
      {
        "number": "7",
        "name": "Adrián López",
        "substituted_in": true,
        "starting_lineup": true
      },
      {
        "number": "9",
        "name": "Radamel Falcao",
        "substituted_in": true,
        "starting_lineup": true
      },
      {
        "number": "18",
        "name": "Álvaro Domínguez",
        "substituted_in": true,
        "starting_lineup": false
      },
      {
        "number": "12",
        "name": "Paulo Assunção",
        "substituted_in": true,
        "starting_lineup": false
      },
      {
        "number": "8",
        "name": "Eduardo Salvio",
        "substituted_in": true,
        "starting_lineup": false
      }
    ]
  },
  {
    "url": "https://www.transfermarkt.pl/rcd-mallorca_atlético-madryt/aufstellung/spielbericht/1125494",
    "match_id": "1125494",
    "date": "niedz., 18.03.2012",
    "competition": "LALIGA",
    "matchday": "28. Kolejka",
    "home_team": "RCD Mallorca",
    "away_team": "Atlético Madryt",
    "home_players": [
      {
        "number": "13",
        "name": "Dudu Aouate",
        "substituted_in": true,
        "starting_lineup": true
      },
      {
        "number": "12",
        "name": "Chico Flores",
        "substituted_in": true,
        "starting_lineup": true
      },
      {
        "number": "16",
        "name": "José Nunes",
        "substituted_in": true,
        "starting_lineup": true
      },
      {
        "number": "15",
        "name": "Pablo Cáceres",
        "substituted_in": true,
        "starting_lineup": true
      },
      {
        "number": "4",
        "name": "Iván Ramis",
        "substituted_in": true,
        "starting_lineup": true
      },
      {
        "number": "19",
        "name": "Josep Lluís Martí",
        "substituted_in": true,
        "starting_lineup": true
      },
      {
        "number": "27",
        "name": "Sergio Tejera",
        "substituted_in": true,
        "starting_lineup": true
      },
      {
        "number": "7",
        "name": "Michaël Pereira",
        "substituted_in": true,
        "starting_lineup": true
      },
      {
        "number": "11",
        "name": "Chory Castro",
        "substituted_in": true,
        "starting_lineup": true
      },
      {
        "number": "3",
        "name": "João Victor",
        "substituted_in": true,
        "starting_lineup": true
      },
      {
        "number": "10",
        "name": "Tomer Hemed",
        "substituted_in": true,
        "starting_lineup": true
      },
      {
        "number": "22",
        "name": "Pau Cendrós",
        "substituted_in": true,
        "starting_lineup": false
      },
      {
        "number": "23",
        "name": "Fernando Tissone",
        "substituted_in": true,
        "starting_lineup": false
      },
      {
        "number": "5",
        "name": "Tomás Pina",
        "substituted_in": true,
        "starting_lineup": false
      }
    ],
    "away_players": [
      {
        "number": "13",
        "name": "Thibaut Courtois",
        "substituted_in": true,
        "starting_lineup": true
      },
      {
        "number": "2",
        "name": "Diego Godín",
        "substituted_in": true,
        "starting_lineup": true
      },
      {
        "number": "23",
        "name": "Miranda",
        "substituted_in": true,
        "starting_lineup": true
      },
      {
        "number": "6",
        "name": "Filipe Luís",
        "substituted_in": true,
        "starting_lineup": true
      },
      {
        "number": "20",
        "name": "Juanfran Torres",
        "substituted_in": true,
        "starting_lineup": true
      },
      {
        "number": "4",
        "name": "Mario Suárez",
        "substituted_in": true,
        "starting_lineup": true
      },
      {
        "number": "14",
        "name": "Gabi",
        "substituted_in": true,
        "starting_lineup": true
      },
      {
        "number": "19",
        "name": "Koke",
        "substituted_in": true,
        "starting_lineup": true
      },
      {
        "number": "7",
        "name": "Adrián López",
        "substituted_in": true,
        "starting_lineup": true
      },
      {
        "number": "8",
        "name": "Eduardo Salvio",
        "substituted_in": true,
        "starting_lineup": true
      },
      {
        "number": "9",
        "name": "Radamel Falcao",
        "substituted_in": true,
        "starting_lineup": true
      },
      {
        "number": "16",
        "name": "Fran Mérida",
        "substituted_in": true,
        "starting_lineup": false
      },
      {
        "number": "11",
        "name": "Arda Turan",
        "substituted_in": true,
        "starting_lineup": false
      }
    ]
  },
  {
    "url": "https://www.transfermarkt.pl/granada-cf_atlético-madryt/aufstellung/spielbericht/1125297",
    "match_id": "1125297",
    "date": "sob., 15.10.2011",
    "competition": "LALIGA",
    "matchday": "8. Kolejka",
    "home_team": "Granada CF",
    "away_team": "Atlético Madryt",
    "home_players": [
      {
        "number": "13",
        "name": "Roberto Fernández",
        "substituted_in": true,
        "starting_lineup": true
      },
      {
        "number": "5",
        "name": "Diego Maínz",
        "substituted_in": true,
        "starting_lineup": true
      },
      {
        "number": "8",
        "name": "Iñigo López",
        "substituted_in": true,
        "starting_lineup": true
      },
      {
        "number": "6",
        "name": "Guilherme Siqueira",
        "substituted_in": true,
        "starting_lineup": true
      },
      {
        "number": "2",
        "name": "Allan Nyom",
        "substituted_in": true,
        "starting_lineup": true
      },
      {
        "number": "4",
        "name": "Fran Rico",
        "substituted_in": true,
        "starting_lineup": true
      },
      {
        "number": "23",
        "name": "Abel Gómez",
        "substituted_in": true,
        "starting_lineup": true
      },
      {
        "number": "17",
        "name": "Carlos Martins",
        "substituted_in": true,
        "starting_lineup": true
      },
      {
        "number": "11",
        "name": "Dani Benítez",
        "substituted_in": true,
        "starting_lineup": true
      },
      {
        "number": "20",
        "name": "Ikechukwu Uche",
        "substituted_in": true,
        "starting_lineup": true
      },
      {
        "number": "22",
        "name": "Álex Geijo",
        "substituted_in": true,
        "starting_lineup": true
      },
      {
        "number": "14",
        "name": "Mikel Rico",
        "substituted_in": true,
        "starting_lineup": false
      },
      {
        "number": "9",
        "name": "Yohan Mollo",
        "substituted_in": true,
        "starting_lineup": false
      },
      {
        "number": "12",
        "name": "Franco Jara",
        "substituted_in": true,
        "starting_lineup": false
      }
    ],
    "away_players": [
      {
        "number": "13",
        "name": "Thibaut Courtois",
        "substituted_in": true,
        "starting_lineup": true
      },
      {
        "number": "18",
        "name": "Álvaro Domínguez",
        "substituted_in": true,
        "starting_lineup": true
      },
      {
        "number": "23",
        "name": "Miranda",
        "substituted_in": true,
        "starting_lineup": true
      },
      {
        "number": "6",
        "name": "Filipe Luís",
        "substituted_in": true,
        "starting_lineup": true
      },
      {
        "number": "20",
        "name": "Juanfran Torres",
        "substituted_in": true,
        "starting_lineup": true
      },
      {
        "number": "4",
        "name": "Mario Suárez",
        "substituted_in": true,
        "starting_lineup": true
      },
      {
        "number": "5",
        "name": "Tiago Mendes",
        "substituted_in": true,
        "starting_lineup": true
      },
      {
        "number": "14",
        "name": "Gabi",
        "substituted_in": true,
        "starting_lineup": true
      },
      {
        "number": "22",
        "name": "Diego",
        "substituted_in": true,
        "starting_lineup": true
      },
      {
        "number": "10",
        "name": "José Antonio Reyes",
        "substituted_in": true,
        "starting_lineup": true
      },
      {
        "number": "9",
        "name": "Radamel Falcao",
        "substituted_in": true,
        "starting_lineup": true
      },
      {
        "number": "12",
        "name": "Paulo Assunção",
        "substituted_in": true,
        "starting_lineup": false
      },
      {
        "number": "15",
        "name": "Pizzi",
        "substituted_in": true,
        "starting_lineup": false
      },
      {
        "number": "7",
        "name": "Adrián López",
        "substituted_in": true,
        "starting_lineup": false
      }
    ]
  },
  {
    "url": "https://www.transfermarkt.pl/atlético-madryt_rcd-mallorca/aufstellung/spielbericht/1125304",
    "match_id": "1125304",
    "date": "niedz., 23.10.2011",
    "competition": "LALIGA",
    "matchday": "9. Kolejka",
    "home_team": "Atlético Madryt",
    "away_team": "RCD Mallorca",
    "home_players": [
      {
        "number": "13",
        "name": "Thibaut Courtois",
        "substituted_in": true,
        "starting_lineup": true
      },
      {
        "number": "2",
        "name": "Diego Godín",
        "substituted_in": true,
        "starting_lineup": true
      },
      {
        "number": "23",
        "name": "Miranda",
        "substituted_in": true,
        "starting_lineup": true
      },
      {
        "number": "6",
        "name": "Filipe Luís",
        "substituted_in": true,
        "starting_lineup": true
      },
      {
        "number": "17",
        "name": "Sílvio",
        "substituted_in": true,
        "starting_lineup": true
      },
      {
        "number": "4",
        "name": "Mario Suárez",
        "substituted_in": true,
        "starting_lineup": true
      },
      {
        "number": "5",
        "name": "Tiago Mendes",
        "substituted_in": true,
        "starting_lineup": true
      },
      {
        "number": "22",
        "name": "Diego",
        "substituted_in": true,
        "starting_lineup": true
      },
      {
        "number": "11",
        "name": "Arda Turan",
        "substituted_in": true,
        "starting_lineup": true
      },
      {
        "number": "7",
        "name": "Adrián López",
        "substituted_in": true,
        "starting_lineup": true
      },
      {
        "number": "9",
        "name": "Radamel Falcao",
        "substituted_in": true,
        "starting_lineup": true
      },
      {
        "number": "15",
        "name": "Pizzi",
        "substituted_in": true,
        "starting_lineup": false
      },
      {
        "number": "10",
        "name": "José Antonio Reyes",
        "substituted_in": true,
        "starting_lineup": false
      },
      {
        "number": "8",
        "name": "Eduardo Salvio",
        "substituted_in": true,
        "starting_lineup": false
      }
    ],
    "away_players": [
      {
        "number": "13",
        "name": "Dudu Aouate",
        "substituted_in": true,
        "starting_lineup": true
      },
      {
        "number": "4",
        "name": "Iván Ramis",
        "substituted_in": true,
        "starting_lineup": true
      },
      {
        "number": "12",
        "name": "Chico Flores",
        "substituted_in": true,
        "starting_lineup": true
      },
      {
        "number": "28",
        "name": "Pedro Bigas",
        "substituted_in": true,
        "starting_lineup": true
      },
      {
        "number": "22",
        "name": "Pau Cendrós",
        "substituted_in": true,
        "starting_lineup": true
      },
      {
        "number": "23",
        "name": "Fernando Tissone",
        "substituted_in": true,
        "starting_lineup": true
      },
      {
        "number": "5",
        "name": "Tomás Pina",
        "substituted_in": true,
        "starting_lineup": true
      },
      {
        "number": "8",
        "name": "Emilio Nsue",
        "substituted_in": true,
        "starting_lineup": true
      },
      {
        "number": "11",
        "name": "Chory Castro",
        "substituted_in": true,
        "starting_lineup": true
      },
      {
        "number": "27",
        "name": "Sergio Tejera",
        "substituted_in": true,
        "starting_lineup": true
      },
      {
        "number": "10",
        "name": "Tomer Hemed",
        "substituted_in": true,
        "starting_lineup": true
      },
      {
        "number": "3",
        "name": "João Victor",
        "substituted_in": true,
        "starting_lineup": false
      },
      {
        "number": "24",
        "name": "Alejandro Alfaro",
        "substituted_in": true,
        "starting_lineup": false
      },
      {
        "number": "14",
        "name": "Akihiro Ienaga",
        "substituted_in": true,
        "starting_lineup": false
      }
    ]
  },
  {
    "url": "https://www.transfermarkt.pl/atlético-madryt_athletic-bilbao/aufstellung/spielbericht/2208246",
    "match_id": "2208246",
    "date": "śr., 09.05.2012",
    "competition": "Unknown",
    "matchday": "Unknown",
    "home_team": "Atlético Madryt",
    "away_team": "Athletic Bilbao",
    "home_players": [
      {
        "number": "13",
        "name": "Thibaut Courtois",
        "substituted_in": true,
        "starting_lineup": true
      },
      {
        "number": "2",
        "name": "Diego Godín",
        "substituted_in": true,
        "starting_lineup": true
      },
      {
        "number": "23",
        "name": "Miranda",
        "substituted_in": true,
        "starting_lineup": true
      },
      {
        "number": "6",
        "name": "Filipe Luís",
        "substituted_in": true,
        "starting_lineup": true
      },
      {
        "number": "20",
        "name": "Juanfran Torres",
        "substituted_in": true,
        "starting_lineup": true
      },
      {
        "number": "4",
        "name": "Mario Suárez",
        "substituted_in": true,
        "starting_lineup": true
      },
      {
        "number": "14",
        "name": "Gabi",
        "substituted_in": true,
        "starting_lineup": true
      },
      {
        "number": "22",
        "name": "Diego",
        "substituted_in": true,
        "starting_lineup": true
      },
      {
        "number": "11",
        "name": "Arda Turan",
        "substituted_in": true,
        "starting_lineup": true
      },
      {
        "number": "7",
        "name": "Adrián López",
        "substituted_in": true,
        "starting_lineup": true
      },
      {
        "number": "9",
        "name": "Radamel Falcao",
        "substituted_in": true,
        "starting_lineup": true
      },
      {
        "number": "18",
        "name": "Álvaro Domínguez",
        "substituted_in": true,
        "starting_lineup": false
      },
      {
        "number": "19",
        "name": "Koke",
        "substituted_in": true,
        "starting_lineup": false
      },
      {
        "number": "8",
        "name": "Eduardo Salvio",
        "substituted_in": true,
        "starting_lineup": false
      }
    ],
    "away_players": [
      {
        "number": "1",
        "name": "Gorka Iraizoz",
        "substituted_in": true,
        "starting_lineup": true
      },
      {
        "number": "5",
        "name": "Fernando Amorebieta",
        "substituted_in": true,
        "starting_lineup": true
      },
      {
        "number": "24",
        "name": "Javi Martínez",
        "substituted_in": true,
        "starting_lineup": true
      },
      {
        "number": "3",
        "name": "Jon Aurtenetxe",
        "substituted_in": true,
        "starting_lineup": true
      },
      {
        "number": "15",
        "name": "Andoni Iraola",
        "substituted_in": true,
        "starting_lineup": true
      },
      {
        "number": "8",
        "name": "Ander Iturraspe",
        "substituted_in": true,
        "starting_lineup": true
      },
      {
        "number": "21",
        "name": "Ander Herrera",
        "substituted_in": true,
        "starting_lineup": true
      },
      {
        "number": "10",
        "name": "Óscar de Marcos",
        "substituted_in": true,
        "starting_lineup": true
      },
      {
        "number": "19",
        "name": "Iker Muniain",
        "substituted_in": true,
        "starting_lineup": true
      },
      {
        "number": "14",
        "name": "Markel Susaeta",
        "substituted_in": true,
        "starting_lineup": true
      },
      {
        "number": "9",
        "name": "Fernando Llorente",
        "substituted_in": true,
        "starting_lineup": true
      },
      {
        "number": "17",
        "name": "Iñigo Pérez",
        "substituted_in": true,
        "starting_lineup": false
      },
      {
        "number": "28",
        "name": "Ibai Gómez",
        "substituted_in": true,
        "starting_lineup": false
      },
      {
        "number": "2",
        "name": "Gaizka Toquero",
        "substituted_in": true,
        "starting_lineup": false
      }
    ]
  },
  {
    "url": "https://www.transfermarkt.pl/real-zaragoza_atlético-madryt/aufstellung/spielbericht/1125545",
    "match_id": "1125545",
    "date": "niedz., 25.03.2012",
    "competition": "LALIGA",
    "matchday": "30. Kolejka",
    "home_team": "Real Zaragoza",
    "away_team": "Atlético Madryt",
    "home_players": [
      {
        "number": "1",
        "name": "Roberto",
        "substituted_in": true,
        "starting_lineup": true
      },
      {
        "number": "4",
        "name": "David Mateos",
        "substituted_in": true,
        "starting_lineup": true
      },
      {
        "number": "3",
        "name": "Javier Paredes",
        "substituted_in": true,
        "starting_lineup": true
      },
      {
        "number": "21",
        "name": "Abraham Minero",
        "substituted_in": true,
        "starting_lineup": true
      },
      {
        "number": "5",
        "name": "Maurizio Lanzaro",
        "substituted_in": true,
        "starting_lineup": true
      },
      {
        "number": "22",
        "name": "Ádám Pintér",
        "substituted_in": true,
        "starting_lineup": true
      },
      {
        "number": "15",
        "name": "Tomislav Dujmovic",
        "substituted_in": true,
        "starting_lineup": true
      },
      {
        "number": "10",
        "name": "Luis García",
        "substituted_in": true,
        "starting_lineup": true
      },
      {
        "number": "24",
        "name": "Ivan Obradovic",
        "substituted_in": true,
        "starting_lineup": true
      },
      {
        "number": "23",
        "name": "Apoño",
        "substituted_in": true,
        "starting_lineup": true
      },
      {
        "number": "9",
        "name": "Hélder Postiga",
        "substituted_in": true,
        "starting_lineup": true
      },
      {
        "number": "11",
        "name": "Juankar",
        "substituted_in": true,
        "starting_lineup": false
      },
      {
        "number": "8",
        "name": "Edu Oriol",
        "substituted_in": true,
        "starting_lineup": false
      },
      {
        "number": "18",
        "name": "Rúben Micael",
        "substituted_in": true,
        "starting_lineup": false
      }
    ],
    "away_players": [
      {
        "number": "13",
        "name": "Thibaut Courtois",
        "substituted_in": true,
        "starting_lineup": true
      },
      {
        "number": "18",
        "name": "Álvaro Domínguez",
        "substituted_in": true,
        "starting_lineup": true
      },
      {
        "number": "2",
        "name": "Diego Godín",
        "substituted_in": true,
        "starting_lineup": true
      },
      {
        "number": "6",
        "name": "Filipe Luís",
        "substituted_in": true,
        "starting_lineup": true
      },
      {
        "number": "21",
        "name": "Luis Amaranto Perea",
        "substituted_in": true,
        "starting_lineup": true
      },
      {
        "number": "12",
        "name": "Paulo Assunção",
        "substituted_in": true,
        "starting_lineup": true
      },
      {
        "number": "19",
        "name": "Koke",
        "substituted_in": true,
        "starting_lineup": true
      },
      {
        "number": "11",
        "name": "Arda Turan",
        "substituted_in": true,
        "starting_lineup": true
      },
      {
        "number": "8",
        "name": "Eduardo Salvio",
        "substituted_in": true,
        "starting_lineup": true
      },
      {
        "number": "7",
        "name": "Adrián López",
        "substituted_in": true,
        "starting_lineup": true
      },
      {
        "number": "9",
        "name": "Radamel Falcao",
        "substituted_in": true,
        "starting_lineup": true
      },
      {
        "number": "4",
        "name": "Mario Suárez",
        "substituted_in": true,
        "starting_lineup": false
      },
      {
        "number": "16",
        "name": "Fran Mérida",
        "substituted_in": true,
        "starting_lineup": false
      },
      {
        "number": "22",
        "name": "Diego",
        "substituted_in": true,
        "starting_lineup": false
      }
    ]
  },
  {
    "url": "https://www.transfermarkt.pl/atlético-madryt_valencia-cf/aufstellung/spielbericht/2206125",
    "match_id": "2206125",
    "date": "czw., 19.04.2012",
    "competition": "Unknown",
    "matchday": "Unknown",
    "home_team": "Atlético Madryt",
    "away_team": "Valencia CF",
    "home_players": [
      {
        "number": "13",
        "name": "Thibaut Courtois",
        "substituted_in": true,
        "starting_lineup": true
      },
      {
        "number": "18",
        "name": "Álvaro Domínguez",
        "substituted_in": true,
        "starting_lineup": true
      },
      {
        "number": "23",
        "name": "Miranda",
        "substituted_in": true,
        "starting_lineup": true
      },
      {
        "number": "6",
        "name": "Filipe Luís",
        "substituted_in": true,
        "starting_lineup": true
      },
      {
        "number": "20",
        "name": "Juanfran Torres",
        "substituted_in": true,
        "starting_lineup": true
      },
      {
        "number": "4",
        "name": "Mario Suárez",
        "substituted_in": true,
        "starting_lineup": true
      },
      {
        "number": "14",
        "name": "Gabi",
        "substituted_in": true,
        "starting_lineup": true
      },
      {
        "number": "22",
        "name": "Diego",
        "substituted_in": true,
        "starting_lineup": true
      },
      {
        "number": "11",
        "name": "Arda Turan",
        "substituted_in": true,
        "starting_lineup": true
      },
      {
        "number": "7",
        "name": "Adrián López",
        "substituted_in": true,
        "starting_lineup": true
      },
      {
        "number": "9",
        "name": "Radamel Falcao",
        "substituted_in": true,
        "starting_lineup": true
      },
      {
        "number": "21",
        "name": "Luis Amaranto Perea",
        "substituted_in": true,
        "starting_lineup": false
      },
      {
        "number": "5",
        "name": "Tiago Mendes",
        "substituted_in": true,
        "starting_lineup": false
      },
      {
        "number": "8",
        "name": "Eduardo Salvio",
        "substituted_in": true,
        "starting_lineup": false
      }
    ],
    "away_players": [
      {
        "number": "1",
        "name": "Diego Alves",
        "substituted_in": true,
        "starting_lineup": true
      },
      {
        "number": "18",
        "name": "Víctor Ruiz",
        "substituted_in": true,
        "starting_lineup": true
      },
      {
        "number": "4",
        "name": "Adil Rami",
        "substituted_in": true,
        "starting_lineup": true
      },
      {
        "number": "22",
        "name": "Jérémy Mathieu",
        "substituted_in": true,
        "starting_lineup": true
      },
      {
        "number": "20",
        "name": "Ricardo Costa",
        "substituted_in": true,
        "starting_lineup": true
      },
      {
        "number": "5",
        "name": "Mehmet Topal",
        "substituted_in": true,
        "starting_lineup": true
      },
      {
        "number": "24",
        "name": "Tino Costa",
        "substituted_in": true,
        "starting_lineup": true
      },
      {
        "number": "8",
        "name": "Sofiane Feghouli",
        "substituted_in": true,
        "starting_lineup": true
      },
      {
        "number": "17",
        "name": "Jordi Alba",
        "substituted_in": true,
        "starting_lineup": true
      },
      {
        "number": "7",
        "name": "Jonas",
        "substituted_in": true,
        "starting_lineup": true
      },
      {
        "number": "9",
        "name": "Roberto Soldado",
        "substituted_in": true,
        "starting_lineup": true
      },
      {
        "number": "14",
        "name": "Pablo Piatti",
        "substituted_in": true,
        "starting_lineup": false
      },
      {
        "number": "16",
        "name": "Sergio Canales",
        "substituted_in": true,
        "starting_lineup": false
      },
      {
        "number": "11",
        "name": "Aritz Aduriz",
        "substituted_in": true,
        "starting_lineup": false
      }
    ]
  },
  {
    "url": "https://www.transfermarkt.pl/atlético-madryt_lazio-rzym/aufstellung/spielbericht/1182359",
    "match_id": "1182359",
    "date": "czw., 23.02.2012",
    "competition": "Unknown",
    "matchday": "Unknown",
    "home_team": "Atlético Madryt",
    "away_team": "Lazio Rzym",
    "home_players": [
      {
        "number": "13",
        "name": "Thibaut Courtois",
        "substituted_in": true,
        "starting_lineup": true
      },
      {
        "number": "2",
        "name": "Diego Godín",
        "substituted_in": true,
        "starting_lineup": true
      },
      {
        "number": "23",
        "name": "Miranda",
        "substituted_in": true,
        "starting_lineup": true
      },
      {
        "number": "18",
        "name": "Álvaro Domínguez",
        "substituted_in": true,
        "starting_lineup": true
      },
      {
        "number": "21",
        "name": "Luis Amaranto Perea",
        "substituted_in": true,
        "starting_lineup": true
      },
      {
        "number": "12",
        "name": "Paulo Assunção",
        "substituted_in": true,
        "starting_lineup": true
      },
      {
        "number": "14",
        "name": "Gabi",
        "substituted_in": true,
        "starting_lineup": true
      },
      {
        "number": "20",
        "name": "Juanfran Torres",
        "substituted_in": true,
        "starting_lineup": true
      },
      {
        "number": "19",
        "name": "Koke",
        "substituted_in": true,
        "starting_lineup": true
      },
      {
        "number": "8",
        "name": "Eduardo Salvio",
        "substituted_in": true,
        "starting_lineup": true
      },
      {
        "number": "7",
        "name": "Adrián López",
        "substituted_in": true,
        "starting_lineup": true
      },
      {
        "number": "17",
        "name": "Sílvio",
        "substituted_in": true,
        "starting_lineup": false
      },
      {
        "number": "11",
        "name": "Arda Turan",
        "substituted_in": true,
        "starting_lineup": false
      },
      {
        "number": "9",
        "name": "Radamel Falcao",
        "substituted_in": true,
        "starting_lineup": false
      }
    ],
    "away_players": [
      {
        "number": "1",
        "name": "Albano Bizzarri",
        "substituted_in": true,
        "starting_lineup": true
      },
      {
        "number": "3",
        "name": "André Dias",
        "substituted_in": true,
        "starting_lineup": true
      },
      {
        "number": "21",
        "name": "Modibo Diakité",
        "substituted_in": true,
        "starting_lineup": true
      },
      {
        "number": "19",
        "name": "Senad Lulic",
        "substituted_in": true,
        "starting_lineup": true
      },
      {
        "number": "78",
        "name": "Luciano Zauri",
        "substituted_in": true,
        "starting_lineup": true
      },
      {
        "number": "11",
        "name": "Matuzalém",
        "substituted_in": true,
        "starting_lineup": true
      },
      {
        "number": "24",
        "name": "Cristian Ledesma",
        "substituted_in": true,
        "starting_lineup": true
      },
      {
        "number": "6",
        "name": "Stefano Mauri",
        "substituted_in": true,
        "starting_lineup": true
      },
      {
        "number": "87",
        "name": "Antonio Candreva",
        "substituted_in": true,
        "starting_lineup": true
      },
      {
        "number": "8",
        "name": "Hernanes",
        "substituted_in": true,
        "starting_lineup": true
      },
      {
        "number": "18",
        "name": "Libor Kozák",
        "substituted_in": true,
        "starting_lineup": true
      },
      {
        "number": "41",
        "name": "Enrico Zampa",
        "substituted_in": true,
        "starting_lineup": false
      },
      {
        "number": "15",
        "name": "Álvaro González",
        "substituted_in": true,
        "starting_lineup": false
      },
      {
        "number": "53",
        "name": "Antonio Rozzi",
        "substituted_in": true,
        "starting_lineup": false
      }
    ]
  },
  {
    "url": "https://www.transfermarkt.pl/atlético-madryt_udinese-calcio/aufstellung/spielbericht/1145879",
    "match_id": "1145879",
    "date": "czw., 03.11.2011",
    "competition": "Unknown",
    "matchday": "Unknown",
    "home_team": "Atlético Madryt",
    "away_team": "Udinese Calcio",
    "home_players": [
      {
        "number": "13",
        "name": "Thibaut Courtois",
        "substituted_in": true,
        "starting_lineup": true
      },
      {
        "number": "18",
        "name": "Álvaro Domínguez",
        "substituted_in": true,
        "starting_lineup": true
      },
      {
        "number": "2",
        "name": "Diego Godín",
        "substituted_in": true,
        "starting_lineup": true
      },
      {
        "number": "3",
        "name": "Antonio López",
        "substituted_in": true,
        "starting_lineup": true
      },
      {
        "number": "21",
        "name": "Luis Amaranto Perea",
        "substituted_in": true,
        "starting_lineup": true
      },
      {
        "number": "4",
        "name": "Mario Suárez",
        "substituted_in": true,
        "starting_lineup": true
      },
      {
        "number": "14",
        "name": "Gabi",
        "substituted_in": true,
        "starting_lineup": true
      },
      {
        "number": "11",
        "name": "Arda Turan",
        "substituted_in": true,
        "starting_lineup": true
      },
      {
        "number": "22",
        "name": "Diego",
        "substituted_in": true,
        "starting_lineup": true
      },
      {
        "number": "7",
        "name": "Adrián López",
        "substituted_in": true,
        "starting_lineup": true
      },
      {
        "number": "9",
        "name": "Radamel Falcao",
        "substituted_in": true,
        "starting_lineup": true
      },
      {
        "number": "19",
        "name": "Koke",
        "substituted_in": true,
        "starting_lineup": false
      },
      {
        "number": "15",
        "name": "Pizzi",
        "substituted_in": true,
        "starting_lineup": false
      },
      {
        "number": "8",
        "name": "Eduardo Salvio",
        "substituted_in": true,
        "starting_lineup": false
      }
    ],
    "away_players": [
      {
        "number": "1",
        "name": "Samir Handanovič",
        "substituted_in": true,
        "starting_lineup": true
      },
      {
        "number": "11",
        "name": "Maurizio Domizzi",
        "substituted_in": true,
        "starting_lineup": true
      },
      {
        "number": "5",
        "name": "Danilo",
        "substituted_in": true,
        "starting_lineup": true
      },
      {
        "number": "24",
        "name": "Joel Ekstrand",
        "substituted_in": true,
        "starting_lineup": true
      },
      {
        "number": "30",
        "name": "Thierry Doubai",
        "substituted_in": true,
        "starting_lineup": true
      },
      {
        "number": "7",
        "name": "Emmanuel Badu",
        "substituted_in": true,
        "starting_lineup": true
      },
      {
        "number": "18",
        "name": "Cristian Battocchio",
        "substituted_in": true,
        "starting_lineup": true
      },
      {
        "number": "37",
        "name": "Roberto Pereyra",
        "substituted_in": true,
        "starting_lineup": true
      },
      {
        "number": "13",
        "name": "Neuton",
        "substituted_in": true,
        "starting_lineup": true
      },
      {
        "number": "31",
        "name": "Diego Fabbrini",
        "substituted_in": true,
        "starting_lineup": true
      },
      {
        "number": "83",
        "name": "Antonio Floro Flores",
        "substituted_in": true,
        "starting_lineup": true
      },
      {
        "number": "3",
        "name": "Mauricio Isla",
        "substituted_in": true,
        "starting_lineup": false
      },
      {
        "number": "8",
        "name": "Dusan Basta",
        "substituted_in": true,
        "starting_lineup": false
      },
      {
        "number": "23",
        "name": "Almen Abdi",
        "substituted_in": true,
        "starting_lineup": false
      }
    ]
  },
  {
    "url": "https://www.transfermarkt.pl/sporting-gijón_atlético-madryt/aufstellung/spielbericht/1125452",
    "match_id": "1125452",
    "date": "niedz., 19.02.2012",
    "competition": "LALIGA",
    "matchday": "24. Kolejka",
    "home_team": "Sporting Gijón",
    "away_team": "Atlético Madryt",
    "home_players": [
      {
        "number": "1",
        "name": "Juan Pablo Colinas",
        "substituted_in": true,
        "starting_lineup": true
      },
      {
        "number": "2",
        "name": "Alberto Botía",
        "substituted_in": true,
        "starting_lineup": true
      },
      {
        "number": "12",
        "name": "Grégory Arnolin",
        "substituted_in": true,
        "starting_lineup": true
      },
      {
        "number": "15",
        "name": "Roberto Canella",
        "substituted_in": true,
        "starting_lineup": true
      },
      {
        "number": "26",
        "name": "Pedro Orfila",
        "substituted_in": true,
        "starting_lineup": true
      },
      {
        "number": "8",
        "name": "Sebastián Eguren",
        "substituted_in": true,
        "starting_lineup": true
      },
      {
        "number": "3",
        "name": "Castro",
        "substituted_in": true,
        "starting_lineup": true
      },
      {
        "number": "20",
        "name": "Miguel de las Cuevas",
        "substituted_in": true,
        "starting_lineup": true
      },
      {
        "number": "18",
        "name": "Adrián Colunga",
        "substituted_in": true,
        "starting_lineup": true
      },
      {
        "number": "6",
        "name": "Carmelo",
        "substituted_in": true,
        "starting_lineup": true
      },
      {
        "number": "23",
        "name": "David Barral",
        "substituted_in": true,
        "starting_lineup": true
      },
      {
        "number": "5",
        "name": "Alberto Rivera",
        "substituted_in": true,
        "starting_lineup": false
      },
      {
        "number": "24",
        "name": "Óscar Trejo",
        "substituted_in": true,
        "starting_lineup": false
      },
      {
        "number": "9",
        "name": "Mate Bilic",
        "substituted_in": true,
        "starting_lineup": false
      }
    ],
    "away_players": [
      {
        "number": "13",
        "name": "Thibaut Courtois",
        "substituted_in": true,
        "starting_lineup": true
      },
      {
        "number": "2",
        "name": "Diego Godín",
        "substituted_in": true,
        "starting_lineup": true
      },
      {
        "number": "23",
        "name": "Miranda",
        "substituted_in": true,
        "starting_lineup": true
      },
      {
        "number": "6",
        "name": "Filipe Luís",
        "substituted_in": true,
        "starting_lineup": true
      },
      {
        "number": "20",
        "name": "Juanfran Torres",
        "substituted_in": true,
        "starting_lineup": true
      },
      {
        "number": "4",
        "name": "Mario Suárez",
        "substituted_in": true,
        "starting_lineup": true
      },
      {
        "number": "14",
        "name": "Gabi",
        "substituted_in": true,
        "starting_lineup": true
      },
      {
        "number": "19",
        "name": "Koke",
        "substituted_in": true,
        "starting_lineup": true
      },
      {
        "number": "22",
        "name": "Diego",
        "substituted_in": true,
        "starting_lineup": true
      },
      {
        "number": "7",
        "name": "Adrián López",
        "substituted_in": true,
        "starting_lineup": true
      },
      {
        "number": "9",
        "name": "Radamel Falcao",
        "substituted_in": true,
        "starting_lineup": true
      },
      {
        "number": "21",
        "name": "Luis Amaranto Perea",
        "substituted_in": true,
        "starting_lineup": false
      },
      {
        "number": "15",
        "name": "Pizzi",
        "substituted_in": true,
        "starting_lineup": false
      },
      {
        "number": "8",
        "name": "Eduardo Salvio",
        "substituted_in": true,
        "starting_lineup": false
      }
    ]
  },
  {
    "url": "https://www.transfermarkt.pl/atlético-madryt_sporting-gijón/aufstellung/spielbericht/1125262",
    "match_id": "1125262",
    "date": "śr., 21.09.2011",
    "competition": "LALIGA",
    "matchday": "5. Kolejka",
    "home_team": "Atlético Madryt",
    "away_team": "Sporting Gijón",
    "home_players": [
      {
        "number": "13",
        "name": "Thibaut Courtois",
        "substituted_in": true,
        "starting_lineup": true
      },
      {
        "number": "18",
        "name": "Álvaro Domínguez",
        "substituted_in": true,
        "starting_lineup": true
      },
      {
        "number": "23",
        "name": "Miranda",
        "substituted_in": true,
        "starting_lineup": true
      },
      {
        "number": "6",
        "name": "Filipe Luís",
        "substituted_in": true,
        "starting_lineup": true
      },
      {
        "number": "17",
        "name": "Sílvio",
        "substituted_in": true,
        "starting_lineup": true
      },
      {
        "number": "12",
        "name": "Paulo Assunção",
        "substituted_in": true,
        "starting_lineup": true
      },
      {
        "number": "14",
        "name": "Gabi",
        "substituted_in": true,
        "starting_lineup": true
      },
      {
        "number": "19",
        "name": "Koke",
        "substituted_in": true,
        "starting_lineup": true
      },
      {
        "number": "11",
        "name": "Arda Turan",
        "substituted_in": true,
        "starting_lineup": true
      },
      {
        "number": "8",
        "name": "Eduardo Salvio",
        "substituted_in": true,
        "starting_lineup": true
      },
      {
        "number": "9",
        "name": "Radamel Falcao",
        "substituted_in": true,
        "starting_lineup": true
      },
      {
        "number": "4",
        "name": "Mario Suárez",
        "substituted_in": true,
        "starting_lineup": false
      },
      {
        "number": "10",
        "name": "José Antonio Reyes",
        "substituted_in": true,
        "starting_lineup": false
      },
      {
        "number": "7",
        "name": "Adrián López",
        "substituted_in": true,
        "starting_lineup": false
      }
    ],
    "away_players": [
      {
        "number": "25",
        "name": "Iván Cuéllar",
        "substituted_in": true,
        "starting_lineup": true
      },
      {
        "number": "2",
        "name": "Alberto Botía",
        "substituted_in": true,
        "starting_lineup": true
      },
      {
        "number": "12",
        "name": "Grégory Arnolin",
        "substituted_in": true,
        "starting_lineup": true
      },
      {
        "number": "17",
        "name": "Damián Suárez",
        "substituted_in": true,
        "starting_lineup": true
      },
      {
        "number": "11",
        "name": "Alberto Lora",
        "substituted_in": true,
        "starting_lineup": true
      },
      {
        "number": "5",
        "name": "Alberto Rivera",
        "substituted_in": true,
        "starting_lineup": true
      },
      {
        "number": "22",
        "name": "Ricardo León",
        "substituted_in": true,
        "starting_lineup": true
      },
      {
        "number": "16",
        "name": "Sergio Álvarez",
        "substituted_in": true,
        "starting_lineup": true
      },
      {
        "number": "20",
        "name": "Miguel de las Cuevas",
        "substituted_in": true,
        "starting_lineup": true
      },
      {
        "number": "6",
        "name": "Carmelo",
        "substituted_in": true,
        "starting_lineup": true
      },
      {
        "number": "24",
        "name": "Óscar Trejo",
        "substituted_in": true,
        "starting_lineup": true
      },
      {
        "number": "7",
        "name": "Ayoze García",
        "substituted_in": true,
        "starting_lineup": false
      },
      {
        "number": "9",
        "name": "Mate Bilic",
        "substituted_in": true,
        "starting_lineup": false
      },
      {
        "number": "18",
        "name": "Luis Morán",
        "substituted_in": true,
        "starting_lineup": false
      }
    ]
  },
  {
    "url": "https://www.transfermarkt.pl/albacete-balompié_atlético-madryt/aufstellung/spielbericht/1158639",
    "match_id": "1158639",
    "date": "czw., 08.12.2011",
    "competition": "Unknown",
    "matchday": "Unknown",
    "home_team": "Albacete Balompié",
    "away_team": "Atlético Madryt",
    "home_players": [
      {
        "number": "23",
        "name": "Álvaro Campos",
        "substituted_in": true,
        "starting_lineup": true
      },
      {
        "number": "5",
        "name": "Joan Castillo",
        "substituted_in": true,
        "starting_lineup": true
      },
      {
        "number": "18",
        "name": "Mikel Santamaría",
        "substituted_in": true,
        "starting_lineup": true
      },
      {
        "number": "3",
        "name": "Zurdo",
        "substituted_in": true,
        "starting_lineup": true
      },
      {
        "number": "11",
        "name": "Adrià Granell",
        "substituted_in": true,
        "starting_lineup": true
      },
      {
        "number": "14",
        "name": "Miguel Núñez",
        "substituted_in": true,
        "starting_lineup": true
      },
      {
        "number": "6",
        "name": "Candela",
        "substituted_in": true,
        "starting_lineup": true
      },
      {
        "number": "7",
        "name": "David Rocha",
        "substituted_in": true,
        "starting_lineup": true
      },
      {
        "number": "20",
        "name": "Tete",
        "substituted_in": true,
        "starting_lineup": true
      },
      {
        "number": "9",
        "name": "Antonio Calle",
        "substituted_in": true,
        "starting_lineup": true
      },
      {
        "number": "10",
        "name": "Víctor Curto",
        "substituted_in": true,
        "starting_lineup": true
      },
      {
        "number": "19",
        "name": "Ramón Blázquez",
        "substituted_in": true,
        "starting_lineup": false
      },
      {
        "number": "8",
        "name": "Álex Colorado",
        "substituted_in": true,
        "starting_lineup": false
      },
      {
        "number": "22",
        "name": "David Añón",
        "substituted_in": true,
        "starting_lineup": false
      }
    ],
    "away_players": [
      {
        "number": "25",
        "name": "Sergio Asenjo",
        "substituted_in": true,
        "starting_lineup": true
      },
      {
        "number": "18",
        "name": "Álvaro Domínguez",
        "substituted_in": true,
        "starting_lineup": true
      },
      {
        "number": "24",
        "name": "Jorge Pulido",
        "substituted_in": true,
        "starting_lineup": true
      },
      {
        "number": "3",
        "name": "Antonio López",
        "substituted_in": true,
        "starting_lineup": true
      },
      {
        "number": "20",
        "name": "Juanfran Torres",
        "substituted_in": true,
        "starting_lineup": true
      },
      {
        "number": "28",
        "name": "Javier Manquillo",
        "substituted_in": true,
        "starting_lineup": true
      },
      {
        "number": "12",
        "name": "Paulo Assunção",
        "substituted_in": true,
        "starting_lineup": true
      },
      {
        "number": "19",
        "name": "Koke",
        "substituted_in": true,
        "starting_lineup": true
      },
      {
        "number": "15",
        "name": "Pizzi",
        "substituted_in": true,
        "starting_lineup": true
      },
      {
        "number": "8",
        "name": "Eduardo Salvio",
        "substituted_in": true,
        "starting_lineup": true
      },
      {
        "number": "7",
        "name": "Adrián López",
        "substituted_in": true,
        "starting_lineup": true
      },
      {
        "number": "23",
        "name": "Miranda",
        "substituted_in": true,
        "starting_lineup": false
      },
      {
        "number": "41",
        "name": "Pedro Martín",
        "substituted_in": true,
        "starting_lineup": false
      }
    ]
  }
]