[
  {
    "url": "https://www.transfermarkt.pl/levante-ud_atlético-madryt/aufstellung/spielbericht/2341364",
    "match_id": "2341364",
    "date": "niedz., 04.05.2014",
    "competition": "LALIGA",
    "matchday": "36. Kolejka",
    "home_team": "Levante UD",
    "away_team": "Atlético Madryt",
    "home_players": [
      {
        "number": "1",
        "name": "Keylor Navas",
        "substituted_in": true,
        "starting_lineup": true
      },
      {
        "number": "4",
        "name": "David Navarro",
        "substituted_in": true,
        "starting_lineup": true
      },
      {
        "number": "6",
        "name": "Loukas Vyntra",
        "substituted_in": true,
        "starting_lineup": true
      },
      {
        "number": "12",
        "name": "Juanfran",
        "substituted_in": true,
        "starting_lineup": true
      },
      {
        "number": "19",
        "name": "Pedro López",
        "substituted_in": true,
        "starting_lineup": true
      },
      {
        "number": "22",
        "name": "Mohamed Sissoko",
        "substituted_in": true,
        "starting_lineup": true
      },
      {
        "number": "23",
        "name": "Pape Diop",
        "substituted_in": true,
        "starting_lineup": true
      },
      {
        "number": "24",
        "name": "Simão",
        "substituted_in": true,
        "starting_lineup": true
      },
      {
        "number": "3",
        "name": "Víctor Casadesús",
        "substituted_in": true,
        "starting_lineup": true
      },
      {
        "number": "11",
        "name": "Rubén García",
        "substituted_in": true,
        "starting_lineup": true
      },
      {
        "number": "7",
        "name": "David Barral",
        "substituted_in": true,
        "starting_lineup": true
      },
      {
        "number": "18",
        "name": "Sérgio da Silva Pinto",
        "substituted_in": true,
        "starting_lineup": false
      },
      {
        "number": "21",
        "name": "Andreas Ivanschitz",
        "substituted_in": true,
        "starting_lineup": false
      },
      {
        "number": "9",
        "name": "Ángel Rodríguez",
        "substituted_in": true,
        "starting_lineup": false
      }
    ],
    "away_players": [
      {
        "number": "13",
        "name": "Thibaut Courtois",
        "substituted_in": true,
        "starting_lineup": true
      },
      {
        "number": "2",
        "name": "Diego Godín",
        "substituted_in": true,
        "starting_lineup": true
      },
      {
        "number": "23",
        "name": "Miranda",
        "substituted_in": true,
        "starting_lineup": true
      },
      {
        "number": "3",
        "name": "Filipe Luís",
        "substituted_in": true,
        "starting_lineup": true
      },
      {
        "number": "12",
        "name": "Toby Alderweireld",
        "substituted_in": true,
        "starting_lineup": true
      },
      {
        "number": "5",
        "name": "Tiago Mendes",
        "substituted_in": true,
        "starting_lineup": true
      },
      {
        "number": "14",
        "name": "Gabi",
        "substituted_in": true,
        "starting_lineup": true
      },
      {
        "number": "8",
        "name": "Raúl García",
        "substituted_in": true,
        "starting_lineup": true
      },
      {
        "number": "6",
        "name": "Koke",
        "substituted_in": true,
        "starting_lineup": true
      },
      {
        "number": "9",
        "name": "David Villa",
        "substituted_in": true,
        "starting_lineup": true
      },
      {
        "number": "19",
        "name": "Diego Costa",
        "substituted_in": true,
        "starting_lineup": true
      },
      {
        "number": "26",
        "name": "Diego",
        "substituted_in": true,
        "starting_lineup": false
      },
      {
        "number": "10",
        "name": "Arda Turan",
        "substituted_in": true,
        "starting_lineup": false
      },
      {
        "number": "7",
        "name": "Adrián López",
        "substituted_in": true,
        "starting_lineup": false
      }
    ]
  },
  {
    "url": "https://www.transfermarkt.pl/atlético-madryt_rcd-espanyol/aufstellung/spielbericht/2341357",
    "match_id": "2341357",
    "date": "sob., 15.03.2014",
    "competition": "LALIGA",
    "matchday": "28. Kolejka",
    "home_team": "Atlético Madryt",
    "away_team": "RCD Espanyol",
    "home_players": [
      {
        "number": "13",
        "name": "Thibaut Courtois",
        "substituted_in": true,
        "starting_lineup": true
      },
      {
        "number": "2",
        "name": "Diego Godín",
        "substituted_in": true,
        "starting_lineup": true
      },
      {
        "number": "12",
        "name": "Toby Alderweireld",
        "substituted_in": true,
        "starting_lineup": true
      },
      {
        "number": "3",
        "name": "Filipe Luís",
        "substituted_in": true,
        "starting_lineup": true
      },
      {
        "number": "20",
        "name": "Juanfran Torres",
        "substituted_in": true,
        "starting_lineup": true
      },
      {
        "number": "14",
        "name": "Gabi",
        "substituted_in": true,
        "starting_lineup": true
      },
      {
        "number": "5",
        "name": "Tiago Mendes",
        "substituted_in": true,
        "starting_lineup": true
      },
      {
        "number": "24",
        "name": "José Sosa",
        "substituted_in": true,
        "starting_lineup": true
      },
      {
        "number": "9",
        "name": "David Villa",
        "substituted_in": true,
        "starting_lineup": true
      },
      {
        "number": "10",
        "name": "Arda Turan",
        "substituted_in": true,
        "starting_lineup": true
      },
      {
        "number": "19",
        "name": "Diego Costa",
        "substituted_in": true,
        "starting_lineup": true
      },
      {
        "number": "6",
        "name": "Koke",
        "substituted_in": true,
        "starting_lineup": false
      },
      {
        "number": "8",
        "name": "Raúl García",
        "substituted_in": true,
        "starting_lineup": false
      },
      {
        "number": "26",
        "name": "Diego",
        "substituted_in": true,
        "starting_lineup": false
      }
    ],
    "away_players": [
      {
        "number": "13",
        "name": "Kiko Casilla",
        "substituted_in": true,
        "starting_lineup": true
      },
      {
        "number": "15",
        "name": "Héctor Moreno",
        "substituted_in": true,
        "starting_lineup": true
      },
      {
        "number": "19",
        "name": "Diego Colotto",
        "substituted_in": true,
        "starting_lineup": true
      },
      {
        "number": "18",
        "name": "Juan Rafael Fuentes",
        "substituted_in": true,
        "starting_lineup": true
      },
      {
        "number": "16",
        "name": "Javi López",
        "substituted_in": true,
        "starting_lineup": true
      },
      {
        "number": "14",
        "name": "David López",
        "substituted_in": true,
        "starting_lineup": true
      },
      {
        "number": "4",
        "name": "Víctor Sánchez",
        "substituted_in": true,
        "starting_lineup": true
      },
      {
        "number": "10",
        "name": "Pizzi",
        "substituted_in": true,
        "starting_lineup": true
      },
      {
        "number": "20",
        "name": "Simão",
        "substituted_in": true,
        "starting_lineup": true
      },
      {
        "number": "9",
        "name": "Sergio García",
        "substituted_in": true,
        "starting_lineup": true
      },
      {
        "number": "8",
        "name": "Cristhian Stuani",
        "substituted_in": true,
        "starting_lineup": true
      },
      {
        "number": "22",
        "name": "Álex Fernández",
        "substituted_in": true,
        "starting_lineup": false
      },
      {
        "number": "25",
        "name": "Gabriel Torje",
        "substituted_in": true,
        "starting_lineup": false
      },
      {
        "number": "24",
        "name": "Jhon Córdoba",
        "substituted_in": true,
        "starting_lineup": false
      }
    ]
  },
  {
    "url": "https://www.transfermarkt.pl/atlético-madryt_fk-austria-wiedeń/aufstellung/spielbericht/2367040",
    "match_id": "2367040",
    "date": "śr., 06.11.2013",
    "competition": "Unknown",
    "matchday": "Unknown",
    "home_team": "Atlético Madryt",
    "away_team": "FK Austria Wiedeń",
    "home_players": [
      {
        "number": "13",
        "name": "Thibaut Courtois",
        "substituted_in": true,
        "starting_lineup": true
      },
      {
        "number": "2",
        "name": "Diego Godín",
        "substituted_in": true,
        "starting_lineup": true
      },
      {
        "number": "23",
        "name": "Miranda",
        "substituted_in": true,
        "starting_lineup": true
      },
      {
        "number": "3",
        "name": "Filipe Luís",
        "substituted_in": true,
        "starting_lineup": true
      },
      {
        "number": "20",
        "name": "Juanfran Torres",
        "substituted_in": true,
        "starting_lineup": true
      },
      {
        "number": "5",
        "name": "Tiago Mendes",
        "substituted_in": true,
        "starting_lineup": true
      },
      {
        "number": "14",
        "name": "Gabi",
        "substituted_in": true,
        "starting_lineup": true
      },
      {
        "number": "8",
        "name": "Raúl García",
        "substituted_in": true,
        "starting_lineup": true
      },
      {
        "number": "6",
        "name": "Koke",
        "substituted_in": true,
        "starting_lineup": true
      },
      {
        "number": "7",
        "name": "Adrián López",
        "substituted_in": true,
        "starting_lineup": true
      },
      {
        "number": "19",
        "name": "Diego Costa",
        "substituted_in": true,
        "starting_lineup": true
      },
      {
        "number": "15",
        "name": "Josuha Guilavogui",
        "substituted_in": true,
        "starting_lineup": false
      },
      {
        "number": "16",
        "name": "Óliver Torres",
        "substituted_in": true,
        "starting_lineup": false
      },
      {
        "number": "11",
        "name": "Cristian Rodríguez",
        "substituted_in": true,
        "starting_lineup": false
      }
    ],
    "away_players": [
      {
        "number": "13",
        "name": "Heinz Lindner",
        "substituted_in": true,
        "starting_lineup": true
      },
      {
        "number": "14",
        "name": "Manuel Ortlechner",
        "substituted_in": true,
        "starting_lineup": true
      },
      {
        "number": "15",
        "name": "Christian Ramsebner",
        "substituted_in": true,
        "starting_lineup": true
      },
      {
        "number": "22",
        "name": "Marin Leovac",
        "substituted_in": true,
        "starting_lineup": true
      },
      {
        "number": "30",
        "name": "Fabian Koch",
        "substituted_in": true,
        "starting_lineup": true
      },
      {
        "number": "25",
        "name": "James Holland",
        "substituted_in": true,
        "starting_lineup": true
      },
      {
        "number": "17",
        "name": "Florian Mader",
        "substituted_in": true,
        "starting_lineup": true
      },
      {
        "number": "8",
        "name": "Tomas Simkovic",
        "substituted_in": true,
        "starting_lineup": true
      },
      {
        "number": "28",
        "name": "Daniel Royer",
        "substituted_in": true,
        "starting_lineup": true
      },
      {
        "number": "18",
        "name": "Thomas Murg",
        "substituted_in": true,
        "starting_lineup": true
      },
      {
        "number": "24",
        "name": "Roman Kienast",
        "substituted_in": true,
        "starting_lineup": true
      },
      {
        "number": "27",
        "name": "Emir Dilaver",
        "substituted_in": true,
        "starting_lineup": false
      },
      {
        "number": "29",
        "name": "Markus Suttner",
        "substituted_in": true,
        "starting_lineup": false
      },
      {
        "number": "16",
        "name": "Philipp Hosiner",
        "substituted_in": true,
        "starting_lineup": false
      }
    ]
  },
  {
    "url": "https://www.transfermarkt.pl/celta-de-vigo_atlético-madryt/aufstellung/spielbericht/2341106",
    "match_id": "2341106",
    "date": "sob., 08.03.2014",
    "competition": "LALIGA",
    "matchday": "27. Kolejka",
    "home_team": "Celta de Vigo",
    "away_team": "Atlético Madryt",
    "home_players": [
      {
        "number": "13",
        "name": "Yoel Rodríguez",
        "substituted_in": true,
        "starting_lineup": true
      },
      {
        "number": "3",
        "name": "Andreu Fontàs",
        "substituted_in": true,
        "starting_lineup": true
      },
      {
        "number": "22",
        "name": "Gustavo Cabral",
        "substituted_in": true,
        "starting_lineup": true
      },
      {
        "number": "19",
        "name": "Jonny Otto",
        "substituted_in": true,
        "starting_lineup": true
      },
      {
        "number": "2",
        "name": "Hugo Mallo",
        "substituted_in": true,
        "starting_lineup": true
      },
      {
        "number": "4",
        "name": "Borja Oubiña",
        "substituted_in": true,
        "starting_lineup": true
      },
      {
        "number": "8",
        "name": "Álex López",
        "substituted_in": true,
        "starting_lineup": true
      },
      {
        "number": "23",
        "name": "Michael Krohn-Dehli",
        "substituted_in": true,
        "starting_lineup": true
      },
      {
        "number": "10",
        "name": "Nolito",
        "substituted_in": true,
        "starting_lineup": true
      },
      {
        "number": "14",
        "name": "Fabián Orellana",
        "substituted_in": true,
        "starting_lineup": true
      },
      {
        "number": "11",
        "name": "Charles",
        "substituted_in": true,
        "starting_lineup": true
      },
      {
        "number": "24",
        "name": "Augusto Fernández",
        "substituted_in": true,
        "starting_lineup": false
      },
      {
        "number": "17",
        "name": "Levy Madinda",
        "substituted_in": true,
        "starting_lineup": false
      },
      {
        "number": "29",
        "name": "Santi Mina",
        "substituted_in": true,
        "starting_lineup": false
      }
    ],
    "away_players": [
      {
        "number": "13",
        "name": "Thibaut Courtois",
        "substituted_in": true,
        "starting_lineup": true
      },
      {
        "number": "12",
        "name": "Toby Alderweireld",
        "substituted_in": true,
        "starting_lineup": true
      },
      {
        "number": "23",
        "name": "Miranda",
        "substituted_in": true,
        "starting_lineup": true
      },
      {
        "number": "3",
        "name": "Filipe Luís",
        "substituted_in": true,
        "starting_lineup": true
      },
      {
        "number": "20",
        "name": "Juanfran Torres",
        "substituted_in": true,
        "starting_lineup": true
      },
      {
        "number": "4",
        "name": "Mario Suárez",
        "substituted_in": true,
        "starting_lineup": true
      },
      {
        "number": "14",
        "name": "Gabi",
        "substituted_in": true,
        "starting_lineup": true
      },
      {
        "number": "8",
        "name": "Raúl García",
        "substituted_in": true,
        "starting_lineup": true
      },
      {
        "number": "6",
        "name": "Koke",
        "substituted_in": true,
        "starting_lineup": true
      },
      {
        "number": "26",
        "name": "Diego",
        "substituted_in": true,
        "starting_lineup": true
      },
      {
        "number": "9",
        "name": "David Villa",
        "substituted_in": true,
        "starting_lineup": true
      },
      {
        "number": "11",
        "name": "Cristian Rodríguez",
        "substituted_in": true,
        "starting_lineup": false
      },
      {
        "number": "24",
        "name": "José Sosa",
        "substituted_in": true,
        "starting_lineup": false
      },
      {
        "number": "7",
        "name": "Adrián López",
        "substituted_in": true,
        "starting_lineup": false
      }
    ]
  },
  {
    "url": "https://www.transfermarkt.pl/atlético-madryt_real-madryt/aufstellung/spielbericht/2341103",
    "match_id": "2341103",
    "date": "niedz., 02.03.2014",
    "competition": "LALIGA",
    "matchday": "26. Kolejka",
    "home_team": "Atlético Madryt",
    "away_team": "Real Madryt",
    "home_players": [
      {
        "number": "13",
        "name": "Thibaut Courtois",
        "substituted_in": true,
        "starting_lineup": true
      },
      {
        "number": "2",
        "name": "Diego Godín",
        "substituted_in": true,
        "starting_lineup": true
      },
      {
        "number": "23",
        "name": "Miranda",
        "substituted_in": true,
        "starting_lineup": true
      },
      {
        "number": "3",
        "name": "Filipe Luís",
        "substituted_in": true,
        "starting_lineup": true
      },
      {
        "number": "20",
        "name": "Juanfran Torres",
        "substituted_in": true,
        "starting_lineup": true
      },
      {
        "number": "4",
        "name": "Mario Suárez",
        "substituted_in": true,
        "starting_lineup": true
      },
      {
        "number": "14",
        "name": "Gabi",
        "substituted_in": true,
        "starting_lineup": true
      },
      {
        "number": "6",
        "name": "Koke",
        "substituted_in": true,
        "starting_lineup": true
      },
      {
        "number": "10",
        "name": "Arda Turan",
        "substituted_in": true,
        "starting_lineup": true
      },
      {
        "number": "8",
        "name": "Raúl García",
        "substituted_in": true,
        "starting_lineup": true
      },
      {
        "number": "19",
        "name": "Diego Costa",
        "substituted_in": true,
        "starting_lineup": true
      },
      {
        "number": "11",
        "name": "Cristian Rodríguez",
        "substituted_in": true,
        "starting_lineup": false
      }
    ],
    "away_players": [
      {
        "number": "25",
        "name": "Diego López",
        "substituted_in": true,
        "starting_lineup": true
      },
      {
        "number": "3",
        "name": "Pepe",
        "substituted_in": true,
        "starting_lineup": true
      },
      {
        "number": "4",
        "name": "Sergio Ramos",
        "substituted_in": true,
        "starting_lineup": true
      },
      {
        "number": "5",
        "name": "Fábio Coentrão",
        "substituted_in": true,
        "starting_lineup": true
      },
      {
        "number": "17",
        "name": "Álvaro Arbeloa",
        "substituted_in": true,
        "starting_lineup": true
      },
      {
        "number": "14",
        "name": "Xabi Alonso",
        "substituted_in": true,
        "starting_lineup": true
      },
      {
        "number": "19",
        "name": "Luka Modrić",
        "substituted_in": true,
        "starting_lineup": true
      },
      {
        "number": "22",
        "name": "Ángel Di María",
        "substituted_in": true,
        "starting_lineup": true
      },
      {
        "number": "7",
        "name": "Cristiano Ronaldo",
        "substituted_in": true,
        "starting_lineup": true
      },
      {
        "number": "11",
        "name": "Gareth Bale",
        "substituted_in": true,
        "starting_lineup": true
      },
      {
        "number": "9",
        "name": "Karim Benzema",
        "substituted_in": true,
        "starting_lineup": true
      },
      {
        "number": "12",
        "name": "Marcelo",
        "substituted_in": true,
        "starting_lineup": false
      },
      {
        "number": "15",
        "name": "Daniel Carvajal",
        "substituted_in": true,
        "starting_lineup": false
      },
      {
        "number": "23",
        "name": "Isco",
        "substituted_in": true,
        "starting_lineup": false
      }
    ]
  },
  {
    "url": "https://www.transfermarkt.pl/atlético-madryt_fc-barcelona/aufstellung/spielbericht/2449282",
    "match_id": "2449282",
    "date": "śr., 09.04.2014",
    "competition": "Unknown",
    "matchday": "Unknown",
    "home_team": "Atlético Madryt",
    "away_team": "FC Barcelona",
    "home_players": [
      {
        "number": "13",
        "name": "Thibaut Courtois",
        "substituted_in": true,
        "starting_lineup": true
      },
      {
        "number": "2",
        "name": "Diego Godín",
        "substituted_in": true,
        "starting_lineup": true
      },
      {
        "number": "23",
        "name": "Miranda",
        "substituted_in": true,
        "starting_lineup": true
      },
      {
        "number": "3",
        "name": "Filipe Luís",
        "substituted_in": true,
        "starting_lineup": true
      },
      {
        "number": "20",
        "name": "Juanfran Torres",
        "substituted_in": true,
        "starting_lineup": true
      },
      {
        "number": "5",
        "name": "Tiago Mendes",
        "substituted_in": true,
        "starting_lineup": true
      },
      {
        "number": "14",
        "name": "Gabi",
        "substituted_in": true,
        "starting_lineup": true
      },
      {
        "number": "8",
        "name": "Raúl García",
        "substituted_in": true,
        "starting_lineup": true
      },
      {
        "number": "6",
        "name": "Koke",
        "substituted_in": true,
        "starting_lineup": true
      },
      {
        "number": "9",
        "name": "David Villa",
        "substituted_in": true,
        "starting_lineup": true
      },
      {
        "number": "7",
        "name": "Adrián López",
        "substituted_in": true,
        "starting_lineup": true
      },
      {
        "number": "11",
        "name": "Cristian Rodríguez",
        "substituted_in": true,
        "starting_lineup": false
      },
      {
        "number": "21",
        "name": "Diego",
        "substituted_in": true,
        "starting_lineup": false
      }
    ],
    "away_players": [
      {
        "number": "13",
        "name": "José Manuel Pinto",
        "substituted_in": true,
        "starting_lineup": true
      },
      {
        "number": "15",
        "name": "Marc Bartra",
        "substituted_in": true,
        "starting_lineup": true
      },
      {
        "number": "14",
        "name": "Javier Mascherano",
        "substituted_in": true,
        "starting_lineup": true
      },
      {
        "number": "18",
        "name": "Jordi Alba",
        "substituted_in": true,
        "starting_lineup": true
      },
      {
        "number": "22",
        "name": "Dani Alves",
        "substituted_in": true,
        "starting_lineup": true
      },
      {
        "number": "16",
        "name": "Sergio Busquets",
        "substituted_in": true,
        "starting_lineup": true
      },
      {
        "number": "4",
        "name": "Cesc Fàbregas",
        "substituted_in": true,
        "starting_lineup": true
      },
      {
        "number": "6",
        "name": "Xavi",
        "substituted_in": true,
        "starting_lineup": true
      },
      {
        "number": "8",
        "name": "Andrés Iniesta",
        "substituted_in": true,
        "starting_lineup": true
      },
      {
        "number": "11",
        "name": "Neymar",
        "substituted_in": true,
        "starting_lineup": true
      },
      {
        "number": "10",
        "name": "Lionel Messi",
        "substituted_in": true,
        "starting_lineup": true
      },
      {
        "number": "7",
        "name": "Pedro",
        "substituted_in": true,
        "starting_lineup": false
      },
      {
        "number": "9",
        "name": "Alexis Sánchez",
        "substituted_in": true,
        "starting_lineup": false
      }
    ]
  },
  {
    "url": "https://www.transfermarkt.pl/atlético-madryt_chelsea-fc/aufstellung/spielbericht/2452863",
    "match_id": "2452863",
    "date": "wt., 22.04.2014",
    "competition": "Unknown",
    "matchday": "Unknown",
    "home_team": "Atlético Madryt",
    "away_team": "Chelsea FC",
    "home_players": [
      {
        "number": "13",
        "name": "Thibaut Courtois",
        "substituted_in": true,
        "starting_lineup": true
      },
      {
        "number": "2",
        "name": "Diego Godín",
        "substituted_in": true,
        "starting_lineup": true
      },
      {
        "number": "23",
        "name": "Miranda",
        "substituted_in": true,
        "starting_lineup": true
      },
      {
        "number": "3",
        "name": "Filipe Luís",
        "substituted_in": true,
        "starting_lineup": true
      },
      {
        "number": "20",
        "name": "Juanfran Torres",
        "substituted_in": true,
        "starting_lineup": true
      },
      {
        "number": "4",
        "name": "Mario Suárez",
        "substituted_in": true,
        "starting_lineup": true
      },
      {
        "number": "14",
        "name": "Gabi",
        "substituted_in": true,
        "starting_lineup": true
      },
      {
        "number": "8",
        "name": "Raúl García",
        "substituted_in": true,
        "starting_lineup": true
      },
      {
        "number": "6",
        "name": "Koke",
        "substituted_in": true,
        "starting_lineup": true
      },
      {
        "number": "21",
        "name": "Diego",
        "substituted_in": true,
        "starting_lineup": true
      },
      {
        "number": "19",
        "name": "Diego Costa",
        "substituted_in": true,
        "starting_lineup": true
      },
      {
        "number": "24",
        "name": "José Sosa",
        "substituted_in": true,
        "starting_lineup": false
      },
      {
        "number": "10",
        "name": "Arda Turan",
        "substituted_in": true,
        "starting_lineup": false
      },
      {
        "number": "9",
        "name": "David Villa",
        "substituted_in": true,
        "starting_lineup": false
      }
    ],
    "away_players": [
      {
        "number": "1",
        "name": "Petr Cech",
        "substituted_in": true,
        "starting_lineup": true
      },
      {
        "number": "24",
        "name": "Gary Cahill",
        "substituted_in": true,
        "starting_lineup": true
      },
      {
        "number": "26",
        "name": "John Terry",
        "substituted_in": true,
        "starting_lineup": true
      },
      {
        "number": "3",
        "name": "Ashley Cole",
        "substituted_in": true,
        "starting_lineup": true
      },
      {
        "number": "28",
        "name": "César Azpilicueta",
        "substituted_in": true,
        "starting_lineup": true
      },
      {
        "number": "4",
        "name": "David Luiz",
        "substituted_in": true,
        "starting_lineup": true
      },
      {
        "number": "12",
        "name": "John Obi Mikel",
        "substituted_in": true,
        "starting_lineup": true
      },
      {
        "number": "7",
        "name": "Ramires",
        "substituted_in": true,
        "starting_lineup": true
      },
      {
        "number": "8",
        "name": "Frank Lampard",
        "substituted_in": true,
        "starting_lineup": true
      },
      {
        "number": "22",
        "name": "Willian",
        "substituted_in": true,
        "starting_lineup": true
      },
      {
        "number": "9",
        "name": "Fernando Torres",
        "substituted_in": true,
        "starting_lineup": true
      },
      {
        "number": "23",
        "name": "Mark Schwarzer",
        "substituted_in": true,
        "starting_lineup": false
      },
      {
        "number": "14",
        "name": "André Schürrle",
        "substituted_in": true,
        "starting_lineup": false
      },
      {
        "number": "19",
        "name": "Demba Ba",
        "substituted_in": true,
        "starting_lineup": false
      }
    ]
  },
  {
    "url": "https://www.transfermarkt.pl/elche-cf_atlético-madryt/aufstellung/spielbericht/2341261",
    "match_id": "2341261",
    "date": "sob., 30.11.2013",
    "competition": "LALIGA",
    "matchday": "15. Kolejka",
    "home_team": "Elche CF",
    "away_team": "Atlético Madryt",
    "home_players": [
      {
        "number": "1",
        "name": "Manu Herrera",
        "substituted_in": true,
        "starting_lineup": true
      },
      {
        "number": "3",
        "name": "Alberto Botía",
        "substituted_in": true,
        "starting_lineup": true
      },
      {
        "number": "4",
        "name": "David Lombán",
        "substituted_in": true,
        "starting_lineup": true
      },
      {
        "number": "21",
        "name": "Edu Albacar",
        "substituted_in": true,
        "starting_lineup": true
      },
      {
        "number": "2",
        "name": "Damián Suárez",
        "substituted_in": true,
        "starting_lineup": true
      },
      {
        "number": "24",
        "name": "Carlos Sánchez",
        "substituted_in": true,
        "starting_lineup": true
      },
      {
        "number": "6",
        "name": "Rubén Pérez",
        "substituted_in": true,
        "starting_lineup": true
      },
      {
        "number": "16",
        "name": "Fidel",
        "substituted_in": true,
        "starting_lineup": true
      },
      {
        "number": "15",
        "name": "Carles Gil",
        "substituted_in": true,
        "starting_lineup": true
      },
      {
        "number": "11",
        "name": "Ferrán Corominas",
        "substituted_in": true,
        "starting_lineup": true
      },
      {
        "number": "9",
        "name": "Richmond Boakye",
        "substituted_in": true,
        "starting_lineup": true
      },
      {
        "number": "17",
        "name": "Javi Márquez",
        "substituted_in": true,
        "starting_lineup": false
      },
      {
        "number": "7",
        "name": "Aarón Ñíguez",
        "substituted_in": true,
        "starting_lineup": false
      },
      {
        "number": "28",
        "name": "Cristian Herrera",
        "substituted_in": true,
        "starting_lineup": false
      }
    ],
    "away_players": [
      {
        "number": "13",
        "name": "Thibaut Courtois",
        "substituted_in": true,
        "starting_lineup": true
      },
      {
        "number": "2",
        "name": "Diego Godín",
        "substituted_in": true,
        "starting_lineup": true
      },
      {
        "number": "23",
        "name": "Miranda",
        "substituted_in": true,
        "starting_lineup": true
      },
      {
        "number": "3",
        "name": "Filipe Luís",
        "substituted_in": true,
        "starting_lineup": true
      },
      {
        "number": "20",
        "name": "Juanfran Torres",
        "substituted_in": true,
        "starting_lineup": true
      },
      {
        "number": "5",
        "name": "Tiago Mendes",
        "substituted_in": true,
        "starting_lineup": true
      },
      {
        "number": "14",
        "name": "Gabi",
        "substituted_in": true,
        "starting_lineup": true
      },
      {
        "number": "6",
        "name": "Koke",
        "substituted_in": true,
        "starting_lineup": true
      },
      {
        "number": "10",
        "name": "Arda Turan",
        "substituted_in": true,
        "starting_lineup": true
      },
      {
        "number": "9",
        "name": "David Villa",
        "substituted_in": true,
        "starting_lineup": true
      },
      {
        "number": "19",
        "name": "Diego Costa",
        "substituted_in": true,
        "starting_lineup": true
      },
      {
        "number": "8",
        "name": "Raúl García",
        "substituted_in": true,
        "starting_lineup": false
      },
      {
        "number": "7",
        "name": "Adrián López",
        "substituted_in": true,
        "starting_lineup": false
      }
    ]
  },
  {
    "url": "https://www.transfermarkt.pl/málaga-cf_atlético-madryt/aufstellung/spielbericht/2341201",
    "match_id": "2341201",
    "date": "sob., 04.01.2014",
    "competition": "LALIGA",
    "matchday": "18. Kolejka",
    "home_team": "Málaga CF",
    "away_team": "Atlético Madryt",
    "home_players": [
      {
        "number": "13",
        "name": "Willy Caballero",
        "substituted_in": true,
        "starting_lineup": true
      },
      {
        "number": "3",
        "name": "Weligton",
        "substituted_in": true,
        "starting_lineup": true
      },
      {
        "number": "21",
        "name": "Sergio Sánchez",
        "substituted_in": true,
        "starting_lineup": true
      },
      {
        "number": "15",
        "name": "Marcos Angeleri",
        "substituted_in": true,
        "starting_lineup": true
      },
      {
        "number": "5",
        "name": "Antunes",
        "substituted_in": true,
        "starting_lineup": true
      },
      {
        "number": "2",
        "name": "Jesús Gámez",
        "substituted_in": true,
        "starting_lineup": true
      },
      {
        "number": "6",
        "name": "Ignacio Camacho",
        "substituted_in": true,
        "starting_lineup": true
      },
      {
        "number": "30",
        "name": "Sergi Darder",
        "substituted_in": true,
        "starting_lineup": true
      },
      {
        "number": "18",
        "name": "Eliseu",
        "substituted_in": true,
        "starting_lineup": true
      },
      {
        "number": "24",
        "name": "Samu García",
        "substituted_in": true,
        "starting_lineup": true
      },
      {
        "number": "26",
        "name": "Juanmi",
        "substituted_in": true,
        "starting_lineup": true
      },
      {
        "number": "17",
        "name": "Duda",
        "substituted_in": true,
        "starting_lineup": false
      },
      {
        "number": "14",
        "name": "Pedro Morales",
        "substituted_in": true,
        "starting_lineup": false
      },
      {
        "number": "9",
        "name": "Roque Santa Cruz",
        "substituted_in": true,
        "starting_lineup": false
      }
    ],
    "away_players": [
      {
        "number": "13",
        "name": "Thibaut Courtois",
        "substituted_in": true,
        "starting_lineup": true
      },
      {
        "number": "2",
        "name": "Diego Godín",
        "substituted_in": true,
        "starting_lineup": true
      },
      {
        "number": "23",
        "name": "Miranda",
        "substituted_in": true,
        "starting_lineup": true
      },
      {
        "number": "3",
        "name": "Filipe Luís",
        "substituted_in": true,
        "starting_lineup": true
      },
      {
        "number": "20",
        "name": "Juanfran Torres",
        "substituted_in": true,
        "starting_lineup": true
      },
      {
        "number": "5",
        "name": "Tiago Mendes",
        "substituted_in": true,
        "starting_lineup": true
      },
      {
        "number": "6",
        "name": "Koke",
        "substituted_in": true,
        "starting_lineup": true
      },
      {
        "number": "16",
        "name": "Óliver Torres",
        "substituted_in": true,
        "starting_lineup": true
      },
      {
        "number": "10",
        "name": "Arda Turan",
        "substituted_in": true,
        "starting_lineup": true
      },
      {
        "number": "9",
        "name": "David Villa",
        "substituted_in": true,
        "starting_lineup": true
      },
      {
        "number": "19",
        "name": "Diego Costa",
        "substituted_in": true,
        "starting_lineup": true
      },
      {
        "number": "12",
        "name": "Toby Alderweireld",
        "substituted_in": true,
        "starting_lineup": false
      },
      {
        "number": "11",
        "name": "Cristian Rodríguez",
        "substituted_in": true,
        "starting_lineup": false
      },
      {
        "number": "7",
        "name": "Adrián López",
        "substituted_in": true,
        "starting_lineup": false
      }
    ]
  },
  {
    "url": "https://www.transfermarkt.pl/athletic-bilbao_atlético-madryt/aufstellung/spielbericht/2341286",
    "match_id": "2341286",
    "date": "sob., 29.03.2014",
    "competition": "LALIGA",
    "matchday": "31. Kolejka",
    "home_team": "Athletic Bilbao",
    "away_team": "Atlético Madryt",
    "home_players": [
      {
        "number": "1",
        "name": "Gorka Iraizoz",
        "substituted_in": true,
        "starting_lineup": true
      },
      {
        "number": "4",
        "name": "Aymeric Laporte",
        "substituted_in": true,
        "starting_lineup": true
      },
      {
        "number": "6",
        "name": "Mikel San José",
        "substituted_in": true,
        "starting_lineup": true
      },
      {
        "number": "24",
        "name": "Mikel Balenziaga",
        "substituted_in": true,
        "starting_lineup": true
      },
      {
        "number": "15",
        "name": "Andoni Iraola",
        "substituted_in": true,
        "starting_lineup": true
      },
      {
        "number": "8",
        "name": "Ander Iturraspe",
        "substituted_in": true,
        "starting_lineup": true
      },
      {
        "number": "10",
        "name": "Óscar de Marcos",
        "substituted_in": true,
        "starting_lineup": true
      },
      {
        "number": "17",
        "name": "Mikel Rico",
        "substituted_in": true,
        "starting_lineup": true
      },
      {
        "number": "19",
        "name": "Iker Muniain",
        "substituted_in": true,
        "starting_lineup": true
      },
      {
        "number": "14",
        "name": "Markel Susaeta",
        "substituted_in": true,
        "starting_lineup": true
      },
      {
        "number": "20",
        "name": "Aritz Aduriz",
        "substituted_in": true,
        "starting_lineup": true
      },
      {
        "number": "7",
        "name": "Beñat Etxebarria",
        "substituted_in": true,
        "starting_lineup": false
      },
      {
        "number": "2",
        "name": "Gaizka Toquero",
        "substituted_in": true,
        "starting_lineup": false
      },
      {
        "number": "28",
        "name": "Guillermo Fernández",
        "substituted_in": true,
        "starting_lineup": false
      }
    ],
    "away_players": [
      {
        "number": "13",
        "name": "Thibaut Courtois",
        "substituted_in": true,
        "starting_lineup": true
      },
      {
        "number": "2",
        "name": "Diego Godín",
        "substituted_in": true,
        "starting_lineup": true
      },
      {
        "number": "23",
        "name": "Miranda",
        "substituted_in": true,
        "starting_lineup": true
      },
      {
        "number": "3",
        "name": "Filipe Luís",
        "substituted_in": true,
        "starting_lineup": true
      },
      {
        "number": "20",
        "name": "Juanfran Torres",
        "substituted_in": true,
        "starting_lineup": true
      },
      {
        "number": "4",
        "name": "Mario Suárez",
        "substituted_in": true,
        "starting_lineup": true
      },
      {
        "number": "14",
        "name": "Gabi",
        "substituted_in": true,
        "starting_lineup": true
      },
      {
        "number": "24",
        "name": "José Sosa",
        "substituted_in": true,
        "starting_lineup": true
      },
      {
        "number": "6",
        "name": "Koke",
        "substituted_in": true,
        "starting_lineup": true
      },
      {
        "number": "8",
        "name": "Raúl García",
        "substituted_in": true,
        "starting_lineup": true
      },
      {
        "number": "19",
        "name": "Diego Costa",
        "substituted_in": true,
        "starting_lineup": true
      },
      {
        "number": "11",
        "name": "Cristian Rodríguez",
        "substituted_in": true,
        "starting_lineup": false
      },
      {
        "number": "10",
        "name": "Arda Turan",
        "substituted_in": true,
        "starting_lineup": false
      },
      {
        "number": "9",
        "name": "David Villa",
        "substituted_in": true,
        "starting_lineup": false
      }
    ]
  },
  {
    "url": "https://www.transfermarkt.pl/real-madryt_atlético-madryt/aufstellung/spielbericht/2456475",
    "match_id": "2456475",
    "date": "sob., 24.05.2014",
    "competition": "Unknown",
    "matchday": "Unknown",
    "home_team": "Real Madryt",
    "away_team": "Atlético Madryt",
    "home_players": [
      {
        "number": "1",
        "name": "Iker Casillas",
        "substituted_in": true,
        "starting_lineup": true
      },
      {
        "number": "2",
        "name": "Raphaël Varane",
        "substituted_in": true,
        "starting_lineup": true
      },
      {
        "number": "4",
        "name": "Sergio Ramos",
        "substituted_in": true,
        "starting_lineup": true
      },
      {
        "number": "5",
        "name": "Fábio Coentrão",
        "substituted_in": true,
        "starting_lineup": true
      },
      {
        "number": "15",
        "name": "Daniel Carvajal",
        "substituted_in": true,
        "starting_lineup": true
      },
      {
        "number": "6",
        "name": "Sami Khedira",
        "substituted_in": true,
        "starting_lineup": true
      },
      {
        "number": "19",
        "name": "Luka Modrić",
        "substituted_in": true,
        "starting_lineup": true
      },
      {
        "number": "22",
        "name": "Ángel Di María",
        "substituted_in": true,
        "starting_lineup": true
      },
      {
        "number": "7",
        "name": "Cristiano Ronaldo",
        "substituted_in": true,
        "starting_lineup": true
      },
      {
        "number": "11",
        "name": "Gareth Bale",
        "substituted_in": true,
        "starting_lineup": true
      },
      {
        "number": "9",
        "name": "Karim Benzema",
        "substituted_in": true,
        "starting_lineup": true
      },
      {
        "number": "12",
        "name": "Marcelo",
        "substituted_in": true,
        "starting_lineup": false
      },
      {
        "number": "23",
        "name": "Isco",
        "substituted_in": true,
        "starting_lineup": false
      },
      {
        "number": "21",
        "name": "Álvaro Morata",
        "substituted_in": true,
        "starting_lineup": false
      }
    ],
    "away_players": [
      {
        "number": "13",
        "name": "Thibaut Courtois",
        "substituted_in": true,
        "starting_lineup": true
      },
      {
        "number": "2",
        "name": "Diego Godín",
        "substituted_in": true,
        "starting_lineup": true
      },
      {
        "number": "23",
        "name": "Miranda",
        "substituted_in": true,
        "starting_lineup": true
      },
      {
        "number": "3",
        "name": "Filipe Luís",
        "substituted_in": true,
        "starting_lineup": true
      },
      {
        "number": "20",
        "name": "Juanfran Torres",
        "substituted_in": true,
        "starting_lineup": true
      },
      {
        "number": "14",
        "name": "Gabi",
        "substituted_in": true,
        "starting_lineup": true
      },
      {
        "number": "5",
        "name": "Tiago Mendes",
        "substituted_in": true,
        "starting_lineup": true
      },
      {
        "number": "8",
        "name": "Raúl García",
        "substituted_in": true,
        "starting_lineup": true
      },
      {
        "number": "6",
        "name": "Koke",
        "substituted_in": true,
        "starting_lineup": true
      },
      {
        "number": "9",
        "name": "David Villa",
        "substituted_in": true,
        "starting_lineup": true
      },
      {
        "number": "19",
        "name": "Diego Costa",
        "substituted_in": true,
        "starting_lineup": true
      },
      {
        "number": "12",
        "name": "Toby Alderweireld",
        "substituted_in": true,
        "starting_lineup": false
      },
      {
        "number": "24",
        "name": "José Sosa",
        "substituted_in": true,
        "starting_lineup": false
      },
      {
        "number": "7",
        "name": "Adrián López",
        "substituted_in": true,
        "starting_lineup": false
      }
    ]
  },
  {
    "url": "https://www.transfermarkt.pl/atlético-madryt_sevilla-fc/aufstellung/spielbericht/2341048",
    "match_id": "2341048",
    "date": "niedz., 19.01.2014",
    "competition": "LALIGA",
    "matchday": "20. Kolejka",
    "home_team": "Atlético Madryt",
    "away_team": "Sevilla FC",
    "home_players": [
      {
        "number": "13",
        "name": "Thibaut Courtois",
        "substituted_in": true,
        "starting_lineup": true
      },
      {
        "number": "2",
        "name": "Diego Godín",
        "substituted_in": true,
        "starting_lineup": true
      },
      {
        "number": "23",
        "name": "Miranda",
        "substituted_in": true,
        "starting_lineup": true
      },
      {
        "number": "3",
        "name": "Filipe Luís",
        "substituted_in": true,
        "starting_lineup": true
      },
      {
        "number": "20",
        "name": "Juanfran Torres",
        "substituted_in": true,
        "starting_lineup": true
      },
      {
        "number": "14",
        "name": "Gabi",
        "substituted_in": true,
        "starting_lineup": true
      },
      {
        "number": "8",
        "name": "Raúl García",
        "substituted_in": true,
        "starting_lineup": true
      },
      {
        "number": "6",
        "name": "Koke",
        "substituted_in": true,
        "starting_lineup": true
      },
      {
        "number": "10",
        "name": "Arda Turan",
        "substituted_in": true,
        "starting_lineup": true
      },
      {
        "number": "9",
        "name": "David Villa",
        "substituted_in": true,
        "starting_lineup": true
      },
      {
        "number": "19",
        "name": "Diego Costa",
        "substituted_in": true,
        "starting_lineup": true
      },
      {
        "number": "11",
        "name": "Cristian Rodríguez",
        "substituted_in": true,
        "starting_lineup": false
      },
      {
        "number": "24",
        "name": "José Sosa",
        "substituted_in": true,
        "starting_lineup": false
      }
    ],
    "away_players": [
      {
        "number": "13",
        "name": "Beto",
        "substituted_in": true,
        "starting_lineup": true
      },
      {
        "number": "2",
        "name": "Federico Fazio",
        "substituted_in": true,
        "starting_lineup": true
      },
      {
        "number": "21",
        "name": "Nicolás Pareja",
        "substituted_in": true,
        "starting_lineup": true
      },
      {
        "number": "3",
        "name": "Fernando Navarro",
        "substituted_in": true,
        "starting_lineup": true
      },
      {
        "number": "23",
        "name": "Coke",
        "substituted_in": true,
        "starting_lineup": true
      },
      {
        "number": "6",
        "name": "Daniel Carriço",
        "substituted_in": true,
        "starting_lineup": true
      },
      {
        "number": "12",
        "name": "Vicente Iborra",
        "substituted_in": true,
        "starting_lineup": true
      },
      {
        "number": "32",
        "name": "Alberto Moreno",
        "substituted_in": true,
        "starting_lineup": true
      },
      {
        "number": "11",
        "name": "Ivan Rakitic",
        "substituted_in": true,
        "starting_lineup": true
      },
      {
        "number": "20",
        "name": "Vitolo",
        "substituted_in": true,
        "starting_lineup": true
      },
      {
        "number": "9",
        "name": "Carlos Bacca",
        "substituted_in": true,
        "starting_lineup": true
      },
      {
        "number": "7",
        "name": "Marko Marin",
        "substituted_in": true,
        "starting_lineup": false
      },
      {
        "number": "19",
        "name": "José Antonio Reyes",
        "substituted_in": true,
        "starting_lineup": false
      },
      {
        "number": "18",
        "name": "Kévin Gameiro",
        "substituted_in": true,
        "starting_lineup": false
      }
    ]
  },
  {
    "url": "https://www.transfermarkt.pl/valencia-cf_atlético-madryt/aufstellung/spielbericht/2388760",
    "match_id": "2388760",
    "date": "wt., 07.01.2014",
    "competition": "Unknown",
    "matchday": "Unknown",
    "home_team": "Valencia CF",
    "away_team": "Atlético Madryt",
    "home_players": [
      {
        "number": "13",
        "name": "Vicente Guaita",
        "substituted_in": true,
        "starting_lineup": true
      },
      {
        "number": "20",
        "name": "Ricardo Costa",
        "substituted_in": true,
        "starting_lineup": true
      },
      {
        "number": "22",
        "name": "Jérémy Mathieu",
        "substituted_in": true,
        "starting_lineup": true
      },
      {
        "number": "18",
        "name": "Andrés Guardado",
        "substituted_in": true,
        "starting_lineup": true
      },
      {
        "number": "12",
        "name": "João Pereira",
        "substituted_in": true,
        "starting_lineup": true
      },
      {
        "number": "15",
        "name": "Javi Fuego",
        "substituted_in": true,
        "starting_lineup": true
      },
      {
        "number": "21",
        "name": "Dani Parejo",
        "substituted_in": true,
        "starting_lineup": true
      },
      {
        "number": "14",
        "name": "Juan Bernat",
        "substituted_in": true,
        "starting_lineup": true
      },
      {
        "number": "24",
        "name": "Míchel Herrero",
        "substituted_in": true,
        "starting_lineup": true
      },
      {
        "number": "28",
        "name": "Fede Cartabia",
        "substituted_in": true,
        "starting_lineup": true
      },
      {
        "number": "9",
        "name": "Hélder Postiga",
        "substituted_in": true,
        "starting_lineup": true
      },
      {
        "number": "2",
        "name": "Pablo Piatti",
        "substituted_in": true,
        "starting_lineup": false
      },
      {
        "number": "23",
        "name": "Sergio Canales",
        "substituted_in": true,
        "starting_lineup": false
      },
      {
        "number": "8",
        "name": "Sofiane Feghouli",
        "substituted_in": true,
        "starting_lineup": false
      }
    ],
    "away_players": [
      {
        "number": "13",
        "name": "Thibaut Courtois",
        "substituted_in": true,
        "starting_lineup": true
      },
      {
        "number": "12",
        "name": "Toby Alderweireld",
        "substituted_in": true,
        "starting_lineup": true
      },
      {
        "number": "23",
        "name": "Miranda",
        "substituted_in": true,
        "starting_lineup": true
      },
      {
        "number": "3",
        "name": "Filipe Luís",
        "substituted_in": true,
        "starting_lineup": true
      },
      {
        "number": "20",
        "name": "Juanfran Torres",
        "substituted_in": true,
        "starting_lineup": true
      },
      {
        "number": "15",
        "name": "Josuha Guilavogui",
        "substituted_in": true,
        "starting_lineup": true
      },
      {
        "number": "14",
        "name": "Gabi",
        "substituted_in": true,
        "starting_lineup": true
      },
      {
        "number": "6",
        "name": "Koke",
        "substituted_in": true,
        "starting_lineup": true
      },
      {
        "number": "8",
        "name": "Raúl García",
        "substituted_in": true,
        "starting_lineup": true
      },
      {
        "number": "7",
        "name": "Adrián López",
        "substituted_in": true,
        "starting_lineup": true
      },
      {
        "number": "19",
        "name": "Diego Costa",
        "substituted_in": true,
        "starting_lineup": true
      },
      {
        "number": "5",
        "name": "Tiago Mendes",
        "substituted_in": true,
        "starting_lineup": false
      },
      {
        "number": "11",
        "name": "Cristian Rodríguez",
        "substituted_in": true,
        "starting_lineup": false
      },
      {
        "number": "10",
        "name": "Arda Turan",
        "substituted_in": true,
        "starting_lineup": false
      }
    ]
  },
  {
    "url": "https://www.transfermarkt.pl/atlético-madryt_granada-cf/aufstellung/spielbericht/2341315",
    "match_id": "2341315",
    "date": "śr., 26.03.2014",
    "competition": "LALIGA",
    "matchday": "30. Kolejka",
    "home_team": "Atlético Madryt",
    "away_team": "Granada CF",
    "home_players": [
      {
        "number": "13",
        "name": "Thibaut Courtois",
        "substituted_in": true,
        "starting_lineup": true
      },
      {
        "number": "2",
        "name": "Diego Godín",
        "substituted_in": true,
        "starting_lineup": true
      },
      {
        "number": "23",
        "name": "Miranda",
        "substituted_in": true,
        "starting_lineup": true
      },
      {
        "number": "22",
        "name": "Emiliano Insúa",
        "substituted_in": true,
        "starting_lineup": true
      },
      {
        "number": "20",
        "name": "Juanfran Torres",
        "substituted_in": true,
        "starting_lineup": true
      },
      {
        "number": "5",
        "name": "Tiago Mendes",
        "substituted_in": true,
        "starting_lineup": true
      },
      {
        "number": "14",
        "name": "Gabi",
        "substituted_in": true,
        "starting_lineup": true
      },
      {
        "number": "10",
        "name": "Arda Turan",
        "substituted_in": true,
        "starting_lineup": true
      },
      {
        "number": "11",
        "name": "Cristian Rodríguez",
        "substituted_in": true,
        "starting_lineup": true
      },
      {
        "number": "9",
        "name": "David Villa",
        "substituted_in": true,
        "starting_lineup": true
      },
      {
        "number": "19",
        "name": "Diego Costa",
        "substituted_in": true,
        "starting_lineup": true
      },
      {
        "number": "8",
        "name": "Raúl García",
        "substituted_in": true,
        "starting_lineup": false
      },
      {
        "number": "21",
        "name": "Diego",
        "substituted_in": true,
        "starting_lineup": false
      },
      {
        "number": "24",
        "name": "José Sosa",
        "substituted_in": true,
        "starting_lineup": false
      }
    ],
    "away_players": [
      {
        "number": "13",
        "name": "Roberto Fernández",
        "substituted_in": true,
        "starting_lineup": true
      },
      {
        "number": "19",
        "name": "Alexandre Coeff",
        "substituted_in": true,
        "starting_lineup": true
      },
      {
        "number": "24",
        "name": "Jeison Murillo",
        "substituted_in": true,
        "starting_lineup": true
      },
      {
        "number": "16",
        "name": "Brayan Angulo",
        "substituted_in": true,
        "starting_lineup": true
      },
      {
        "number": "2",
        "name": "Allan Nyom",
        "substituted_in": true,
        "starting_lineup": true
      },
      {
        "number": "18",
        "name": "Manuel Iturra",
        "substituted_in": true,
        "starting_lineup": true
      },
      {
        "number": "4",
        "name": "Fran Rico",
        "substituted_in": true,
        "starting_lineup": true
      },
      {
        "number": "14",
        "name": "Recio",
        "substituted_in": true,
        "starting_lineup": true
      },
      {
        "number": "10",
        "name": "Yacine Brahimi",
        "substituted_in": true,
        "starting_lineup": true
      },
      {
        "number": "21",
        "name": "Riki",
        "substituted_in": true,
        "starting_lineup": true
      },
      {
        "number": "9",
        "name": "Youssef El Arabi",
        "substituted_in": true,
        "starting_lineup": true
      },
      {
        "number": "22",
        "name": "Dimitri Foulquier",
        "substituted_in": true,
        "starting_lineup": false
      },
      {
        "number": "12",
        "name": "Diego Buonanotte",
        "substituted_in": true,
        "starting_lineup": false
      },
      {
        "number": "7",
        "name": "Odion Ighalo",
        "substituted_in": true,
        "starting_lineup": false
      }
    ]
  },
  {
    "url": "https://www.transfermarkt.pl/athletic-bilbao_atlético-madryt/aufstellung/spielbericht/2421869",
    "match_id": "2421869",
    "date": "śr., 29.01.2014",
    "competition": "Unknown",
    "matchday": "Unknown",
    "home_team": "Athletic Bilbao",
    "away_team": "Atlético Madryt",
    "home_players": [
      {
        "number": "13",
        "name": "Iago Herrerín",
        "substituted_in": true,
        "starting_lineup": true
      },
      {
        "number": "4",
        "name": "Aymeric Laporte",
        "substituted_in": true,
        "starting_lineup": true
      },
      {
        "number": "6",
        "name": "Mikel San José",
        "substituted_in": true,
        "starting_lineup": true
      },
      {
        "number": "24",
        "name": "Mikel Balenziaga",
        "substituted_in": true,
        "starting_lineup": true
      },
      {
        "number": "15",
        "name": "Andoni Iraola",
        "substituted_in": true,
        "starting_lineup": true
      },
      {
        "number": "17",
        "name": "Mikel Rico",
        "substituted_in": true,
        "starting_lineup": true
      },
      {
        "number": "8",
        "name": "Ander Iturraspe",
        "substituted_in": true,
        "starting_lineup": true
      },
      {
        "number": "21",
        "name": "Ander Herrera",
        "substituted_in": true,
        "starting_lineup": true
      },
      {
        "number": "19",
        "name": "Iker Muniain",
        "substituted_in": true,
        "starting_lineup": true
      },
      {
        "number": "14",
        "name": "Markel Susaeta",
        "substituted_in": true,
        "starting_lineup": true
      },
      {
        "number": "20",
        "name": "Aritz Aduriz",
        "substituted_in": true,
        "starting_lineup": true
      },
      {
        "number": "7",
        "name": "Beñat Etxebarria",
        "substituted_in": true,
        "starting_lineup": false
      },
      {
        "number": "11",
        "name": "Ibai Gómez",
        "substituted_in": true,
        "starting_lineup": false
      },
      {
        "number": "9",
        "name": "Kike Sola",
        "substituted_in": true,
        "starting_lineup": false
      }
    ],
    "away_players": [
      {
        "number": "13",
        "name": "Thibaut Courtois",
        "substituted_in": true,
        "starting_lineup": true
      },
      {
        "number": "2",
        "name": "Diego Godín",
        "substituted_in": true,
        "starting_lineup": true
      },
      {
        "number": "23",
        "name": "Miranda",
        "substituted_in": true,
        "starting_lineup": true
      },
      {
        "number": "3",
        "name": "Filipe Luís",
        "substituted_in": true,
        "starting_lineup": true
      },
      {
        "number": "20",
        "name": "Juanfran Torres",
        "substituted_in": true,
        "starting_lineup": true
      },
      {
        "number": "6",
        "name": "Koke",
        "substituted_in": true,
        "starting_lineup": true
      },
      {
        "number": "14",
        "name": "Gabi",
        "substituted_in": true,
        "starting_lineup": true
      },
      {
        "number": "8",
        "name": "Raúl García",
        "substituted_in": true,
        "starting_lineup": true
      },
      {
        "number": "11",
        "name": "Cristian Rodríguez",
        "substituted_in": true,
        "starting_lineup": true
      },
      {
        "number": "7",
        "name": "Adrián López",
        "substituted_in": true,
        "starting_lineup": true
      },
      {
        "number": "19",
        "name": "Diego Costa",
        "substituted_in": true,
        "starting_lineup": true
      },
      {
        "number": "12",
        "name": "Toby Alderweireld",
        "substituted_in": true,
        "starting_lineup": false
      },
      {
        "number": "22",
        "name": "Emiliano Insúa",
        "substituted_in": true,
        "starting_lineup": false
      },
      {
        "number": "24",
        "name": "José Sosa",
        "substituted_in": true,
        "starting_lineup": false
      }
    ]
  },
  {
    "url": "https://www.transfermarkt.pl/ac-milan_atlético-madryt/aufstellung/spielbericht/2385039",
    "match_id": "2385039",
    "date": "śr., 19.02.2014",
    "competition": "Unknown",
    "matchday": "Unknown",
    "home_team": "AC Milan",
    "away_team": "Atlético Madryt",
    "home_players": [
      {
        "number": "32",
        "name": "Christian Abbiati",
        "substituted_in": true,
        "starting_lineup": true
      },
      {
        "number": "13",
        "name": "Adil Rami",
        "substituted_in": true,
        "starting_lineup": true
      },
      {
        "number": "25",
        "name": "Daniele Bonera",
        "substituted_in": true,
        "starting_lineup": true
      },
      {
        "number": "28",
        "name": "Urby Emanuelson",
        "substituted_in": true,
        "starting_lineup": true
      },
      {
        "number": "2",
        "name": "Mattia De Sciglio",
        "substituted_in": true,
        "starting_lineup": true
      },
      {
        "number": "34",
        "name": "Nigel de Jong",
        "substituted_in": true,
        "starting_lineup": true
      },
      {
        "number": "15",
        "name": "Michael Essien",
        "substituted_in": true,
        "starting_lineup": true
      },
      {
        "number": "23",
        "name": "Adel Taarabt",
        "substituted_in": true,
        "starting_lineup": true
      },
      {
        "number": "16",
        "name": "Andrea Poli",
        "substituted_in": true,
        "starting_lineup": true
      },
      {
        "number": "22",
        "name": "Kaká",
        "substituted_in": true,
        "starting_lineup": true
      },
      {
        "number": "45",
        "name": "Mario Balotelli",
        "substituted_in": true,
        "starting_lineup": true
      },
      {
        "number": "21",
        "name": "Kévin Constant",
        "substituted_in": true,
        "starting_lineup": false
      },
      {
        "number": "20",
        "name": "Ignazio Abate",
        "substituted_in": true,
        "starting_lineup": false
      },
      {
        "number": "11",
        "name": "Giampaolo Pazzini",
        "substituted_in": true,
        "starting_lineup": false
      }
    ],
    "away_players": [
      {
        "number": "13",
        "name": "Thibaut Courtois",
        "substituted_in": true,
        "starting_lineup": true
      },
      {
        "number": "2",
        "name": "Diego Godín",
        "substituted_in": true,
        "starting_lineup": true
      },
      {
        "number": "23",
        "name": "Miranda",
        "substituted_in": true,
        "starting_lineup": true
      },
      {
        "number": "22",
        "name": "Emiliano Insúa",
        "substituted_in": true,
        "starting_lineup": true
      },
      {
        "number": "20",
        "name": "Juanfran Torres",
        "substituted_in": true,
        "starting_lineup": true
      },
      {
        "number": "4",
        "name": "Mario Suárez",
        "substituted_in": true,
        "starting_lineup": true
      },
      {
        "number": "6",
        "name": "Koke",
        "substituted_in": true,
        "starting_lineup": true
      },
      {
        "number": "14",
        "name": "Gabi",
        "substituted_in": true,
        "starting_lineup": true
      },
      {
        "number": "10",
        "name": "Arda Turan",
        "substituted_in": true,
        "starting_lineup": true
      },
      {
        "number": "8",
        "name": "Raúl García",
        "substituted_in": true,
        "starting_lineup": true
      },
      {
        "number": "19",
        "name": "Diego Costa",
        "substituted_in": true,
        "starting_lineup": true
      },
      {
        "number": "11",
        "name": "Cristian Rodríguez",
        "substituted_in": true,
        "starting_lineup": false
      },
      {
        "number": "7",
        "name": "Adrián López",
        "substituted_in": true,
        "starting_lineup": false
      }
    ]
  },
  {
    "url": "https://www.transfermarkt.pl/atlético-madryt_real-madryt/aufstellung/spielbericht/2423575",
    "match_id": "2423575",
    "date": "wt., 11.02.2014",
    "competition": "Unknown",
    "matchday": "Unknown",
    "home_team": "Atlético Madryt",
    "away_team": "Real Madryt",
    "home_players": [
      {
        "number": "1",
        "name": "Daniel Aranzubia",
        "substituted_in": true,
        "starting_lineup": true
      },
      {
        "number": "12",
        "name": "Toby Alderweireld",
        "substituted_in": true,
        "starting_lineup": true
      },
      {
        "number": "23",
        "name": "Miranda",
        "substituted_in": true,
        "starting_lineup": true
      },
      {
        "number": "22",
        "name": "Emiliano Insúa",
        "substituted_in": true,
        "starting_lineup": true
      },
      {
        "number": "17",
        "name": "Javier Manquillo",
        "substituted_in": true,
        "starting_lineup": true
      },
      {
        "number": "4",
        "name": "Mario Suárez",
        "substituted_in": true,
        "starting_lineup": true
      },
      {
        "number": "6",
        "name": "Koke",
        "substituted_in": true,
        "starting_lineup": true
      },
      {
        "number": "24",
        "name": "José Sosa",
        "substituted_in": true,
        "starting_lineup": true
      },
      {
        "number": "11",
        "name": "Cristian Rodríguez",
        "substituted_in": true,
        "starting_lineup": true
      },
      {
        "number": "21",
        "name": "Diego",
        "substituted_in": true,
        "starting_lineup": true
      },
      {
        "number": "8",
        "name": "Raúl García",
        "substituted_in": true,
        "starting_lineup": true
      },
      {
        "number": "20",
        "name": "Juanfran Torres",
        "substituted_in": true,
        "starting_lineup": false
      },
      {
        "number": "14",
        "name": "Gabi",
        "substituted_in": true,
        "starting_lineup": false
      },
      {
        "number": "7",
        "name": "Adrián López",
        "substituted_in": true,
        "starting_lineup": false
      }
    ],
    "away_players": [
      {
        "number": "1",
        "name": "Iker Casillas",
        "substituted_in": true,
        "starting_lineup": true
      },
      {
        "number": "2",
        "name": "Raphaël Varane",
        "substituted_in": true,
        "starting_lineup": true
      },
      {
        "number": "4",
        "name": "Sergio Ramos",
        "substituted_in": true,
        "starting_lineup": true
      },
      {
        "number": "17",
        "name": "Álvaro Arbeloa",
        "substituted_in": true,
        "starting_lineup": true
      },
      {
        "number": "15",
        "name": "Daniel Carvajal",
        "substituted_in": true,
        "starting_lineup": true
      },
      {
        "number": "14",
        "name": "Xabi Alonso",
        "substituted_in": true,
        "starting_lineup": true
      },
      {
        "number": "24",
        "name": "Asier Illarramendi",
        "substituted_in": true,
        "starting_lineup": true
      },
      {
        "number": "19",
        "name": "Luka Modrić",
        "substituted_in": true,
        "starting_lineup": true
      },
      {
        "number": "7",
        "name": "Cristiano Ronaldo",
        "substituted_in": true,
        "starting_lineup": true
      },
      {
        "number": "11",
        "name": "Gareth Bale",
        "substituted_in": true,
        "starting_lineup": true
      },
      {
        "number": "23",
        "name": "Isco",
        "substituted_in": true,
        "starting_lineup": true
      },
      {
        "number": "18",
        "name": "Nacho Fernández",
        "substituted_in": true,
        "starting_lineup": false
      },
      {
        "number": "16",
        "name": "Casemiro",
        "substituted_in": true,
        "starting_lineup": false
      },
      {
        "number": "20",
        "name": "Jesé",
        "substituted_in": true,
        "starting_lineup": false
      }
    ]
  },
  {
    "url": "https://www.transfermarkt.pl/real-valladolid-cf_atlético-madryt/aufstellung/spielbericht/2341082",
    "match_id": "2341082",
    "date": "sob., 21.09.2013",
    "competition": "LALIGA",
    "matchday": "5. Kolejka",
    "home_team": "Real Valladolid CF",
    "away_team": "Atlético Madryt",
    "home_players": [
      {
        "number": "13",
        "name": "Diego Mariño",
        "substituted_in": true,
        "starting_lineup": true
      },
      {
        "number": "6",
        "name": "Jesús Rueda",
        "substituted_in": true,
        "starting_lineup": true
      },
      {
        "number": "17",
        "name": "Carlos Peña",
        "substituted_in": true,
        "starting_lineup": true
      },
      {
        "number": "21",
        "name": "Zakarya Bergdich",
        "substituted_in": true,
        "starting_lineup": true
      },
      {
        "number": "2",
        "name": "Antonio Rukavina",
        "substituted_in": true,
        "starting_lineup": true
      },
      {
        "number": "5",
        "name": "Fausto Rossi",
        "substituted_in": true,
        "starting_lineup": true
      },
      {
        "number": "16",
        "name": "Lluis Sastre",
        "substituted_in": true,
        "starting_lineup": true
      },
      {
        "number": "20",
        "name": "Patrick Ebert",
        "substituted_in": true,
        "starting_lineup": true
      },
      {
        "number": "19",
        "name": "Valdet Rama",
        "substituted_in": true,
        "starting_lineup": true
      },
      {
        "number": "14",
        "name": "Omar Ramos",
        "substituted_in": true,
        "starting_lineup": true
      },
      {
        "number": "9",
        "name": "Javi Guerra",
        "substituted_in": true,
        "starting_lineup": true
      },
      {
        "number": "24",
        "name": "Gilberto García",
        "substituted_in": true,
        "starting_lineup": false
      },
      {
        "number": "23",
        "name": "Manucho",
        "substituted_in": true,
        "starting_lineup": false
      },
      {
        "number": "7",
        "name": "Humberto Osorio",
        "substituted_in": true,
        "starting_lineup": false
      }
    ],
    "away_players": [
      {
        "number": "13",
        "name": "Thibaut Courtois",
        "substituted_in": true,
        "starting_lineup": true
      },
      {
        "number": "2",
        "name": "Diego Godín",
        "substituted_in": true,
        "starting_lineup": true
      },
      {
        "number": "23",
        "name": "Miranda",
        "substituted_in": true,
        "starting_lineup": true
      },
      {
        "number": "3",
        "name": "Filipe Luís",
        "substituted_in": true,
        "starting_lineup": true
      },
      {
        "number": "17",
        "name": "Javier Manquillo",
        "substituted_in": true,
        "starting_lineup": true
      },
      {
        "number": "4",
        "name": "Mario Suárez",
        "substituted_in": true,
        "starting_lineup": true
      },
      {
        "number": "14",
        "name": "Gabi",
        "substituted_in": true,
        "starting_lineup": true
      },
      {
        "number": "8",
        "name": "Raúl García",
        "substituted_in": true,
        "starting_lineup": true
      },
      {
        "number": "6",
        "name": "Koke",
        "substituted_in": true,
        "starting_lineup": true
      },
      {
        "number": "9",
        "name": "David Villa",
        "substituted_in": true,
        "starting_lineup": true
      },
      {
        "number": "19",
        "name": "Diego Costa",
        "substituted_in": true,
        "starting_lineup": true
      },
      {
        "number": "11",
        "name": "Cristian Rodríguez",
        "substituted_in": true,
        "starting_lineup": false
      },
      {
        "number": "10",
        "name": "Arda Turan",
        "substituted_in": true,
        "starting_lineup": false
      },
      {
        "number": "21",
        "name": "Léo Baptistão",
        "substituted_in": true,
        "starting_lineup": false
      }
    ]
  },
  {
    "url": "https://www.transfermarkt.pl/atlético-madryt_fc-porto/aufstellung/spielbericht/2368488",
    "match_id": "2368488",
    "date": "śr., 11.12.2013",
    "competition": "Unknown",
    "matchday": "Unknown",
    "home_team": "Atlético Madryt",
    "away_team": "FC Porto",
    "home_players": [
      {
        "number": "1",
        "name": "Daniel Aranzubia",
        "substituted_in": true,
        "starting_lineup": true
      },
      {
        "number": "12",
        "name": "Toby Alderweireld",
        "substituted_in": true,
        "starting_lineup": true
      },
      {
        "number": "23",
        "name": "Miranda",
        "substituted_in": true,
        "starting_lineup": true
      },
      {
        "number": "22",
        "name": "Emiliano Insúa",
        "substituted_in": true,
        "starting_lineup": true
      },
      {
        "number": "17",
        "name": "Javier Manquillo",
        "substituted_in": true,
        "starting_lineup": true
      },
      {
        "number": "14",
        "name": "Gabi",
        "substituted_in": true,
        "starting_lineup": true
      },
      {
        "number": "6",
        "name": "Koke",
        "substituted_in": true,
        "starting_lineup": true
      },
      {
        "number": "8",
        "name": "Raúl García",
        "substituted_in": true,
        "starting_lineup": true
      },
      {
        "number": "16",
        "name": "Óliver Torres",
        "substituted_in": true,
        "starting_lineup": true
      },
      {
        "number": "7",
        "name": "Adrián López",
        "substituted_in": true,
        "starting_lineup": true
      },
      {
        "number": "19",
        "name": "Diego Costa",
        "substituted_in": true,
        "starting_lineup": true
      },
      {
        "number": "10",
        "name": "Arda Turan",
        "substituted_in": true,
        "starting_lineup": false
      },
      {
        "number": "9",
        "name": "David Villa",
        "substituted_in": true,
        "starting_lineup": false
      },
      {
        "number": "21",
        "name": "Léo Baptistão",
        "substituted_in": true,
        "starting_lineup": false
      }
    ],
    "away_players": [
      {
        "number": "1",
        "name": "Helton",
        "substituted_in": true,
        "starting_lineup": true
      },
      {
        "number": "22",
        "name": "Eliaquim Mangala",
        "substituted_in": true,
        "starting_lineup": true
      },
      {
        "number": "4",
        "name": "Maicon",
        "substituted_in": true,
        "starting_lineup": true
      },
      {
        "number": "26",
        "name": "Alex Sandro",
        "substituted_in": true,
        "starting_lineup": true
      },
      {
        "number": "2",
        "name": "Danilo",
        "substituted_in": true,
        "starting_lineup": true
      },
      {
        "number": "25",
        "name": "Fernando",
        "substituted_in": true,
        "starting_lineup": true
      },
      {
        "number": "35",
        "name": "Steven Defour",
        "substituted_in": true,
        "starting_lineup": true
      },
      {
        "number": "3",
        "name": "Lucho González",
        "substituted_in": true,
        "starting_lineup": true
      },
      {
        "number": "17",
        "name": "Varela",
        "substituted_in": true,
        "starting_lineup": true
      },
      {
        "number": "8",
        "name": "Josué",
        "substituted_in": true,
        "starting_lineup": true
      },
      {
        "number": "9",
        "name": "Jackson Martínez",
        "substituted_in": true,
        "starting_lineup": true
      },
      {
        "number": "16",
        "name": "Héctor Herrera",
        "substituted_in": true,
        "starting_lineup": false
      },
      {
        "number": "19",
        "name": "Licá",
        "substituted_in": true,
        "starting_lineup": false
      },
      {
        "number": "11",
        "name": "Nabil Ghilas",
        "substituted_in": true,
        "starting_lineup": false
      }
    ]
  },
  {
    "url": "https://www.transfermarkt.pl/chelsea-fc_atlético-madryt/aufstellung/spielbericht/2452865",
    "match_id": "2452865",
    "date": "śr., 30.04.2014",
    "competition": "Unknown",
    "matchday": "Unknown",
    "home_team": "Chelsea FC",
    "away_team": "Atlético Madryt",
    "home_players": [
      {
        "number": "23",
        "name": "Mark Schwarzer",
        "substituted_in": true,
        "starting_lineup": true
      },
      {
        "number": "24",
        "name": "Gary Cahill",
        "substituted_in": true,
        "starting_lineup": true
      },
      {
        "number": "26",
        "name": "John Terry",
        "substituted_in": true,
        "starting_lineup": true
      },
      {
        "number": "3",
        "name": "Ashley Cole",
        "substituted_in": true,
        "starting_lineup": true
      },
      {
        "number": "2",
        "name": "Branislav Ivanovic",
        "substituted_in": true,
        "starting_lineup": true
      },
      {
        "number": "4",
        "name": "David Luiz",
        "substituted_in": true,
        "starting_lineup": true
      },
      {
        "number": "7",
        "name": "Ramires",
        "substituted_in": true,
        "starting_lineup": true
      },
      {
        "number": "28",
        "name": "César Azpilicueta",
        "substituted_in": true,
        "starting_lineup": true
      },
      {
        "number": "22",
        "name": "Willian",
        "substituted_in": true,
        "starting_lineup": true
      },
      {
        "number": "17",
        "name": "Eden Hazard",
        "substituted_in": true,
        "starting_lineup": true
      },
      {
        "number": "9",
        "name": "Fernando Torres",
        "substituted_in": true,
        "starting_lineup": true
      },
      {
        "number": "14",
        "name": "André Schürrle",
        "substituted_in": true,
        "starting_lineup": false
      },
      {
        "number": "29",
        "name": "Samuel Eto'o",
        "substituted_in": true,
        "starting_lineup": false
      },
      {
        "number": "19",
        "name": "Demba Ba",
        "substituted_in": true,
        "starting_lineup": false
      }
    ],
    "away_players": [
      {
        "number": "13",
        "name": "Thibaut Courtois",
        "substituted_in": true,
        "starting_lineup": true
      },
      {
        "number": "2",
        "name": "Diego Godín",
        "substituted_in": true,
        "starting_lineup": true
      },
      {
        "number": "23",
        "name": "Miranda",
        "substituted_in": true,
        "starting_lineup": true
      },
      {
        "number": "3",
        "name": "Filipe Luís",
        "substituted_in": true,
        "starting_lineup": true
      },
      {
        "number": "20",
        "name": "Juanfran Torres",
        "substituted_in": true,
        "starting_lineup": true
      },
      {
        "number": "4",
        "name": "Mario Suárez",
        "substituted_in": true,
        "starting_lineup": true
      },
      {
        "number": "5",
        "name": "Tiago Mendes",
        "substituted_in": true,
        "starting_lineup": true
      },
      {
        "number": "6",
        "name": "Koke",
        "substituted_in": true,
        "starting_lineup": true
      },
      {
        "number": "10",
        "name": "Arda Turan",
        "substituted_in": true,
        "starting_lineup": true
      },
      {
        "number": "7",
        "name": "Adrián López",
        "substituted_in": true,
        "starting_lineup": true
      },
      {
        "number": "19",
        "name": "Diego Costa",
        "substituted_in": true,
        "starting_lineup": true
      },
      {
        "number": "11",
        "name": "Cristian Rodríguez",
        "substituted_in": true,
        "starting_lineup": false
      },
      {
        "number": "8",
        "name": "Raúl García",
        "substituted_in": true,
        "starting_lineup": false
      },
      {
        "number": "24",
        "name": "José Sosa",
        "substituted_in": true,
        "starting_lineup": false
      }
    ]
  }
]