[
  {
    "url": "https://www.transfermarkt.pl/ue-cornellà_atlético-madryt/aufstellung/spielbericht/3497870",
    "match_id": "3497870",
    "date": "śr., 06.01.2021",
    "competition": "Unknown",
    "matchday": "Unknown",
    "home_team": "UE Cornellà",
    "away_team": "Atlético Madryt",
    "home_players": [
      {
        "number": "1",
        "name": "Ramón Juan",
        "substituted_in": true,
        "starting_lineup": true
      },
      {
        "number": "5",
        "name": "Adrián Jiménez",
        "substituted_in": true,
        "starting_lineup": true
      },
      {
        "number": "12",
        "name": "Carlos García",
        "substituted_in": true,
        "starting_lineup": true
      },
      {
        "number": "18",
        "name": "Pol Moreno",
        "substituted_in": true,
        "starting_lineup": true
      },
      {
        "number": "3",
        "name": "Rulo Prieto",
        "substituted_in": true,
        "starting_lineup": true
      },
      {
        "number": "2",
        "name": "Albert Estellés",
        "substituted_in": true,
        "starting_lineup": true
      },
      {
        "number": "19",
        "name": "Borja García",
        "substituted_in": true,
        "starting_lineup": true
      },
      {
        "number": "20",
        "name": "Agus Medina",
        "substituted_in": true,
        "starting_lineup": true
      },
      {
        "number": "15",
        "name": "David Sánchez",
        "substituted_in": true,
        "starting_lineup": true
      },
      {
        "number": "7",
        "name": "Eloy Gila",
        "substituted_in": true,
        "starting_lineup": true
      },
      {
        "number": "17",
        "name": "Pablo Fernández",
        "substituted_in": true,
        "starting_lineup": true
      },
      {
        "number": "4",
        "name": "Albert Dorca",
        "substituted_in": true,
        "starting_lineup": false
      },
      {
        "number": "6",
        "name": "Kevin Presa",
        "substituted_in": true,
        "starting_lineup": false
      },
      {
        "number": "11",
        "name": "Iván Guzmán",
        "substituted_in": true,
        "starting_lineup": false
      },
      {
        "number": "8",
        "name": "Max Marcet",
        "substituted_in": true,
        "starting_lineup": false
      },
      {
        "number": "9",
        "name": "Chiki",
        "substituted_in": true,
        "starting_lineup": false
      }
    ],
    "away_players": [
      {
        "number": "31",
        "name": "Miguel San Román",
        "substituted_in": true,
        "starting_lineup": true
      },
      {
        "number": "2",
        "name": "José María Giménez",
        "substituted_in": true,
        "starting_lineup": true
      },
      {
        "number": "18",
        "name": "Felipe",
        "substituted_in": true,
        "starting_lineup": true
      },
      {
        "number": "12",
        "name": "Renan Lodi",
        "substituted_in": true,
        "starting_lineup": true
      },
      {
        "number": "29",
        "name": "Ricard Sánchez",
        "substituted_in": true,
        "starting_lineup": true
      },
      {
        "number": "4",
        "name": "Geoffrey Kondogbia",
        "substituted_in": true,
        "starting_lineup": true
      },
      {
        "number": "5",
        "name": "Lucas Torreira",
        "substituted_in": true,
        "starting_lineup": true
      },
      {
        "number": "8",
        "name": "Saúl Ñíguez",
        "substituted_in": true,
        "starting_lineup": true
      },
      {
        "number": "20",
        "name": "Vitolo",
        "substituted_in": true,
        "starting_lineup": true
      },
      {
        "number": "7",
        "name": "João Félix",
        "substituted_in": true,
        "starting_lineup": true
      },
      {
        "number": "10",
        "name": "Ángel Correa",
        "substituted_in": true,
        "starting_lineup": true
      },
      {
        "number": "15",
        "name": "Stefan Savic",
        "substituted_in": true,
        "starting_lineup": false
      },
      {
        "number": "42",
        "name": "Mario Soriano",
        "substituted_in": true,
        "starting_lineup": false
      },
      {
        "number": "17",
        "name": "Ivan Saponjic",
        "substituted_in": true,
        "starting_lineup": false
      }
    ]
  },
  {
    "url": "https://www.transfermarkt.pl/real-sociedad_atlético-madryt/aufstellung/spielbericht/3451056",
    "match_id": "3451056",
    "date": "wt., 22.12.2020",
    "competition": "LALIGA",
    "matchday": "15. Kolejka",
    "home_team": "Real Sociedad",
    "away_team": "Atlético Madryt",
    "home_players": [
      {
        "number": "1",
        "name": "Álex Remiro",
        "substituted_in": true,
        "starting_lineup": true
      },
      {
        "number": "5",
        "name": "Igor Zubeldia",
        "substituted_in": true,
        "starting_lineup": true
      },
      {
        "number": "24",
        "name": "Robin Le Normand",
        "substituted_in": true,
        "starting_lineup": true
      },
      {
        "number": "20",
        "name": "Nacho Monreal",
        "substituted_in": true,
        "starting_lineup": true
      },
      {
        "number": "18",
        "name": "Andoni Gorosabel",
        "substituted_in": true,
        "starting_lineup": true
      },
      {
        "number": "36",
        "name": "Martín Zubimendi",
        "substituted_in": true,
        "starting_lineup": true
      },
      {
        "number": "8",
        "name": "Mikel Merino",
        "substituted_in": true,
        "starting_lineup": true
      },
      {
        "number": "21",
        "name": "David Silva",
        "substituted_in": true,
        "starting_lineup": true
      },
      {
        "number": "22",
        "name": "Ander Barrenetxea",
        "substituted_in": true,
        "starting_lineup": true
      },
      {
        "number": "7",
        "name": "Portu",
        "substituted_in": true,
        "starting_lineup": true
      },
      {
        "number": "9",
        "name": "Willian José",
        "substituted_in": true,
        "starting_lineup": true
      },
      {
        "number": "6",
        "name": "Aritz Elustondo",
        "substituted_in": true,
        "starting_lineup": false
      },
      {
        "number": "28",
        "name": "Roberto López",
        "substituted_in": true,
        "starting_lineup": false
      },
      {
        "number": "17",
        "name": "Martín Merquelanz",
        "substituted_in": true,
        "starting_lineup": false
      },
      {
        "number": "19",
        "name": "Alexander Isak",
        "substituted_in": true,
        "starting_lineup": false
      },
      {
        "number": "25",
        "name": "Jon Bautista",
        "substituted_in": true,
        "starting_lineup": false
      }
    ],
    "away_players": [
      {
        "number": "13",
        "name": "Jan Oblak",
        "substituted_in": true,
        "starting_lineup": true
      },
      {
        "number": "22",
        "name": "Mario Hermoso",
        "substituted_in": true,
        "starting_lineup": true
      },
      {
        "number": "15",
        "name": "Stefan Savic",
        "substituted_in": true,
        "starting_lineup": true
      },
      {
        "number": "18",
        "name": "Felipe",
        "substituted_in": true,
        "starting_lineup": true
      },
      {
        "number": "14",
        "name": "Marcos Llorente",
        "substituted_in": true,
        "starting_lineup": true
      },
      {
        "number": "6",
        "name": "Koke",
        "substituted_in": true,
        "starting_lineup": true
      },
      {
        "number": "23",
        "name": "Kieran Trippier",
        "substituted_in": true,
        "starting_lineup": true
      },
      {
        "number": "21",
        "name": "Yannick Carrasco",
        "substituted_in": true,
        "starting_lineup": true
      },
      {
        "number": "11",
        "name": "Thomas Lemar",
        "substituted_in": true,
        "starting_lineup": true
      },
      {
        "number": "10",
        "name": "Ángel Correa",
        "substituted_in": true,
        "starting_lineup": true
      },
      {
        "number": "9",
        "name": "Luis Suárez",
        "substituted_in": true,
        "starting_lineup": true
      },
      {
        "number": "12",
        "name": "Renan Lodi",
        "substituted_in": true,
        "starting_lineup": false
      },
      {
        "number": "4",
        "name": "Geoffrey Kondogbia",
        "substituted_in": true,
        "starting_lineup": false
      },
      {
        "number": "8",
        "name": "Saúl Ñíguez",
        "substituted_in": true,
        "starting_lineup": false
      },
      {
        "number": "19",
        "name": "Diego Costa",
        "substituted_in": true,
        "starting_lineup": false
      }
    ]
  },
  {
    "url": "https://www.transfermarkt.pl/bayern-monachium_atlético-madryt/aufstellung/spielbericht/3461711",
    "match_id": "3461711",
    "date": "śr., 21.10.2020",
    "competition": "Unknown",
    "matchday": "Unknown",
    "home_team": "Bayern Monachium",
    "away_team": "Atlético Madryt",
    "home_players": [
      {
        "number": "1",
        "name": "Manuel Neuer",
        "substituted_in": true,
        "starting_lineup": true
      },
      {
        "number": "27",
        "name": "David Alaba",
        "substituted_in": true,
        "starting_lineup": true
      },
      {
        "number": "4",
        "name": "Niklas Süle",
        "substituted_in": true,
        "starting_lineup": true
      },
      {
        "number": "21",
        "name": "Lucas Hernández",
        "substituted_in": true,
        "starting_lineup": true
      },
      {
        "number": "5",
        "name": "Benjamin Pavard",
        "substituted_in": true,
        "starting_lineup": true
      },
      {
        "number": "6",
        "name": "Joshua Kimmich",
        "substituted_in": true,
        "starting_lineup": true
      },
      {
        "number": "18",
        "name": "Leon Goretzka",
        "substituted_in": true,
        "starting_lineup": true
      },
      {
        "number": "24",
        "name": "Corentin Tolisso",
        "substituted_in": true,
        "starting_lineup": true
      },
      {
        "number": "29",
        "name": "Kingsley Coman",
        "substituted_in": true,
        "starting_lineup": true
      },
      {
        "number": "25",
        "name": "Thomas Müller",
        "substituted_in": true,
        "starting_lineup": true
      },
      {
        "number": "9",
        "name": "Robert Lewandowski",
        "substituted_in": true,
        "starting_lineup": true
      },
      {
        "number": "8",
        "name": "Javi Martínez",
        "substituted_in": true,
        "starting_lineup": false
      },
      {
        "number": "19",
        "name": "Alphonso Davies",
        "substituted_in": true,
        "starting_lineup": false
      },
      {
        "number": "20",
        "name": "Bouna Sarr",
        "substituted_in": true,
        "starting_lineup": false
      },
      {
        "number": "11",
        "name": "Douglas Costa",
        "substituted_in": true,
        "starting_lineup": false
      },
      {
        "number": "13",
        "name": "Eric-Maxim Choupo-Moting",
        "substituted_in": true,
        "starting_lineup": false
      }
    ],
    "away_players": [
      {
        "number": "13",
        "name": "Jan Oblak",
        "substituted_in": true,
        "starting_lineup": true
      },
      {
        "number": "15",
        "name": "Stefan Savic",
        "substituted_in": true,
        "starting_lineup": true
      },
      {
        "number": "18",
        "name": "Felipe",
        "substituted_in": true,
        "starting_lineup": true
      },
      {
        "number": "12",
        "name": "Renan Lodi",
        "substituted_in": true,
        "starting_lineup": true
      },
      {
        "number": "23",
        "name": "Kieran Trippier",
        "substituted_in": true,
        "starting_lineup": true
      },
      {
        "number": "16",
        "name": "Héctor Herrera",
        "substituted_in": true,
        "starting_lineup": true
      },
      {
        "number": "6",
        "name": "Koke",
        "substituted_in": true,
        "starting_lineup": true
      },
      {
        "number": "14",
        "name": "Marcos Llorente",
        "substituted_in": true,
        "starting_lineup": true
      },
      {
        "number": "21",
        "name": "Yannick Carrasco",
        "substituted_in": true,
        "starting_lineup": true
      },
      {
        "number": "7",
        "name": "João Félix",
        "substituted_in": true,
        "starting_lineup": true
      },
      {
        "number": "9",
        "name": "Luis Suárez",
        "substituted_in": true,
        "starting_lineup": true
      },
      {
        "number": "5",
        "name": "Lucas Torreira",
        "substituted_in": true,
        "starting_lineup": false
      },
      {
        "number": "11",
        "name": "Thomas Lemar",
        "substituted_in": true,
        "starting_lineup": false
      },
      {
        "number": "20",
        "name": "Vitolo",
        "substituted_in": true,
        "starting_lineup": false
      },
      {
        "number": "10",
        "name": "Ángel Correa",
        "substituted_in": true,
        "starting_lineup": false
      }
    ]
  },
  {
    "url": "https://www.transfermarkt.pl/cd-cardassar_atlético-madryt/aufstellung/spielbericht/3487492",
    "match_id": "3487492",
    "date": "śr., 16.12.2020",
    "competition": "Unknown",
    "matchday": "Unknown",
    "home_team": "CD Cardassar",
    "away_team": "Atlético Madryt",
    "home_players": [
      {
        "number": "1",
        "name": "Ángel Sánchez",
        "substituted_in": true,
        "starting_lineup": true
      },
      {
        "number": "4",
        "name": "Tià Coll",
        "substituted_in": true,
        "starting_lineup": true
      },
      {
        "number": "5",
        "name": "Sergi Febrer",
        "substituted_in": true,
        "starting_lineup": true
      },
      {
        "number": "20",
        "name": "Abel Julve",
        "substituted_in": true,
        "starting_lineup": true
      },
      {
        "number": "3",
        "name": "Pau Soler",
        "substituted_in": true,
        "starting_lineup": true
      },
      {
        "number": "2",
        "name": "Biel Toni",
        "substituted_in": true,
        "starting_lineup": true
      },
      {
        "number": "6",
        "name": "Jaume Alzamora",
        "substituted_in": true,
        "starting_lineup": true
      },
      {
        "number": "15",
        "name": "Javi López",
        "substituted_in": true,
        "starting_lineup": true
      },
      {
        "number": "11",
        "name": "Adri Hernández",
        "substituted_in": true,
        "starting_lineup": true
      },
      {
        "number": "7",
        "name": "Jaume Fernández",
        "substituted_in": true,
        "starting_lineup": true
      },
      {
        "number": "10",
        "name": "Miguel Álvarez",
        "substituted_in": true,
        "starting_lineup": true
      },
      {
        "number": "16",
        "name": "Joan Sansó",
        "substituted_in": true,
        "starting_lineup": false
      },
      {
        "number": "8",
        "name": "Jordi Ramis",
        "substituted_in": true,
        "starting_lineup": false
      },
      {
        "number": "14",
        "name": "Jony",
        "substituted_in": true,
        "starting_lineup": false
      },
      {
        "number": "9",
        "name": "Isaac Calvo",
        "substituted_in": true,
        "starting_lineup": false
      },
      {
        "number": "18",
        "name": "Julià Llull",
        "substituted_in": true,
        "starting_lineup": false
      }
    ],
    "away_players": [
      {
        "number": "1",
        "name": "Ivo Grbic",
        "substituted_in": true,
        "starting_lineup": true
      },
      {
        "number": "22",
        "name": "Mario Hermoso",
        "substituted_in": true,
        "starting_lineup": true
      },
      {
        "number": "18",
        "name": "Felipe",
        "substituted_in": true,
        "starting_lineup": true
      },
      {
        "number": "12",
        "name": "Renan Lodi",
        "substituted_in": true,
        "starting_lineup": true
      },
      {
        "number": "29",
        "name": "Ricard Sánchez",
        "substituted_in": true,
        "starting_lineup": true
      },
      {
        "number": "4",
        "name": "Geoffrey Kondogbia",
        "substituted_in": true,
        "starting_lineup": true
      },
      {
        "number": "5",
        "name": "Lucas Torreira",
        "substituted_in": true,
        "starting_lineup": true
      },
      {
        "number": "8",
        "name": "Saúl Ñíguez",
        "substituted_in": true,
        "starting_lineup": true
      },
      {
        "number": "20",
        "name": "Vitolo",
        "substituted_in": true,
        "starting_lineup": true
      },
      {
        "number": "11",
        "name": "Thomas Lemar",
        "substituted_in": true,
        "starting_lineup": true
      },
      {
        "number": "10",
        "name": "Ángel Correa",
        "substituted_in": true,
        "starting_lineup": true
      },
      {
        "number": "35",
        "name": "Juan Manuel Sanabria",
        "substituted_in": true,
        "starting_lineup": false
      },
      {
        "number": "24",
        "name": "Sime Vrsaljko",
        "substituted_in": true,
        "starting_lineup": false
      },
      {
        "number": "17",
        "name": "Ivan Saponjic",
        "substituted_in": true,
        "starting_lineup": false
      },
      {
        "number": "27",
        "name": "Sergio Camello",
        "substituted_in": true,
        "starting_lineup": false
      }
    ]
  },
  {
    "url": "https://www.transfermarkt.pl/real-betis-balompié_atlético-madryt/aufstellung/spielbericht/3451398",
    "match_id": "3451398",
    "date": "niedz., 11.04.2021",
    "competition": "LALIGA",
    "matchday": "30. Kolejka",
    "home_team": "Real Betis Balompié",
    "away_team": "Atlético Madryt",
    "home_players": [
      {
        "number": "25",
        "name": "Claudio Bravo",
        "substituted_in": true,
        "starting_lineup": true
      },
      {
        "number": "5",
        "name": "Marc Bartra",
        "substituted_in": true,
        "starting_lineup": true
      },
      {
        "number": "23",
        "name": "Aïssa Mandi",
        "substituted_in": true,
        "starting_lineup": true
      },
      {
        "number": "15",
        "name": "Álex Moreno",
        "substituted_in": true,
        "starting_lineup": true
      },
      {
        "number": "22",
        "name": "Emerson Royal",
        "substituted_in": true,
        "starting_lineup": true
      },
      {
        "number": "21",
        "name": "Guido Rodríguez",
        "substituted_in": true,
        "starting_lineup": true
      },
      {
        "number": "10",
        "name": "Sergio Canales",
        "substituted_in": true,
        "starting_lineup": true
      },
      {
        "number": "17",
        "name": "Joaquín",
        "substituted_in": true,
        "starting_lineup": true
      },
      {
        "number": "11",
        "name": "Cristian Tello",
        "substituted_in": true,
        "starting_lineup": true
      },
      {
        "number": "24",
        "name": "Aitor Ruibal",
        "substituted_in": true,
        "starting_lineup": true
      },
      {
        "number": "8",
        "name": "Nabil Fekir",
        "substituted_in": true,
        "starting_lineup": true
      },
      {
        "number": "14",
        "name": "William Carvalho",
        "substituted_in": true,
        "starting_lineup": false
      },
      {
        "number": "7",
        "name": "Juanmi",
        "substituted_in": true,
        "starting_lineup": false
      },
      {
        "number": "20",
        "name": "Diego Lainez",
        "substituted_in": true,
        "starting_lineup": false
      }
    ],
    "away_players": [
      {
        "number": "13",
        "name": "Jan Oblak",
        "substituted_in": true,
        "starting_lineup": true
      },
      {
        "number": "22",
        "name": "Mario Hermoso",
        "substituted_in": true,
        "starting_lineup": true
      },
      {
        "number": "2",
        "name": "José María Giménez",
        "substituted_in": true,
        "starting_lineup": true
      },
      {
        "number": "15",
        "name": "Stefan Savic",
        "substituted_in": true,
        "starting_lineup": true
      },
      {
        "number": "8",
        "name": "Saúl Ñíguez",
        "substituted_in": true,
        "starting_lineup": true
      },
      {
        "number": "6",
        "name": "Koke",
        "substituted_in": true,
        "starting_lineup": true
      },
      {
        "number": "16",
        "name": "Héctor Herrera",
        "substituted_in": true,
        "starting_lineup": true
      },
      {
        "number": "23",
        "name": "Kieran Trippier",
        "substituted_in": true,
        "starting_lineup": true
      },
      {
        "number": "21",
        "name": "Yannick Carrasco",
        "substituted_in": true,
        "starting_lineup": true
      },
      {
        "number": "7",
        "name": "João Félix",
        "substituted_in": true,
        "starting_lineup": true
      },
      {
        "number": "10",
        "name": "Ángel Correa",
        "substituted_in": true,
        "starting_lineup": true
      },
      {
        "number": "12",
        "name": "Renan Lodi",
        "substituted_in": true,
        "starting_lineup": false
      },
      {
        "number": "24",
        "name": "Sime Vrsaljko",
        "substituted_in": true,
        "starting_lineup": false
      },
      {
        "number": "5",
        "name": "Lucas Torreira",
        "substituted_in": true,
        "starting_lineup": false
      },
      {
        "number": "20",
        "name": "Vitolo",
        "substituted_in": true,
        "starting_lineup": false
      }
    ]
  }
]