[
  {
    "url": "https://www.transfermarkt.pl/atlético-madryt_rcd-espanyol/aufstellung/spielbericht/1036198",
    "match_id": "1036198",
    "date": "sob., 27.11.2010",
    "competition": "LALIGA",
    "matchday": "13. Kolejka",
    "home_team": "Atlético Madryt",
    "away_team": "RCD Espanyol",
    "home_players": [
      {
        "number": "13",
        "name": "David de Gea",
        "substituted_in": true,
        "starting_lineup": true
      },
      {
        "number": "15",
        "name": "Diego Godín",
        "substituted_in": true,
        "starting_lineup": true
      },
      {
        "number": "21",
        "name": "Luis Amaranto Perea",
        "substituted_in": true,
        "starting_lineup": true
      },
      {
        "number": "14",
        "name": "Filipe Luís",
        "substituted_in": true,
        "starting_lineup": true
      },
      {
        "number": "17",
        "name": "Tomas Ujfalusi",
        "substituted_in": true,
        "starting_lineup": true
      },
      {
        "number": "4",
        "name": "Mario Suárez",
        "substituted_in": true,
        "starting_lineup": true
      },
      {
        "number": "5",
        "name": "Tiago Mendes",
        "substituted_in": true,
        "starting_lineup": true
      },
      {
        "number": "20",
        "name": "Simão",
        "substituted_in": true,
        "starting_lineup": true
      },
      {
        "number": "19",
        "name": "José Antonio Reyes",
        "substituted_in": true,
        "starting_lineup": true
      },
      {
        "number": "7",
        "name": "Diego Forlán",
        "substituted_in": true,
        "starting_lineup": true
      },
      {
        "number": "10",
        "name": "Sergio Agüero",
        "substituted_in": true,
        "starting_lineup": true
      },
      {
        "number": "11",
        "name": "Fran Mérida",
        "substituted_in": true,
        "starting_lineup": false
      },
      {
        "number": "8",
        "name": "Raúl García",
        "substituted_in": true,
        "starting_lineup": false
      }
    ],
    "away_players": [
      {
        "number": "1",
        "name": "Carlos Kameni",
        "substituted_in": true,
        "starting_lineup": true
      },
      {
        "number": "18",
        "name": "Juan Forlín",
        "substituted_in": true,
        "starting_lineup": true
      },
      {
        "number": "27",
        "name": "Jordi Amat",
        "substituted_in": true,
        "starting_lineup": true
      },
      {
        "number": "5",
        "name": "Dídac Vilà",
        "substituted_in": true,
        "starting_lineup": true
      },
      {
        "number": "16",
        "name": "Javi López",
        "substituted_in": true,
        "starting_lineup": true
      },
      {
        "number": "7",
        "name": "Raúl Baena",
        "substituted_in": true,
        "starting_lineup": true
      },
      {
        "number": "4",
        "name": "Javi Márquez",
        "substituted_in": true,
        "starting_lineup": true
      },
      {
        "number": "10",
        "name": "Luis García",
        "substituted_in": true,
        "starting_lineup": true
      },
      {
        "number": "11",
        "name": "Joan Verdú",
        "substituted_in": true,
        "starting_lineup": true
      },
      {
        "number": "8",
        "name": "José Callejón",
        "substituted_in": true,
        "starting_lineup": true
      },
      {
        "number": "17",
        "name": "Daniel Osvaldo",
        "substituted_in": true,
        "starting_lineup": true
      },
      {
        "number": "32",
        "name": "Raúl Rodríguez",
        "substituted_in": true,
        "starting_lineup": false
      },
      {
        "number": "23",
        "name": "Jesús Dátolo",
        "substituted_in": true,
        "starting_lineup": false
      },
      {
        "number": "19",
        "name": "Sergio García",
        "substituted_in": true,
        "starting_lineup": false
      }
    ]
  },
  {
    "url": "https://www.transfermarkt.pl/atlético-madryt_bayer-04-leverkusen/aufstellung/spielbericht/1053792",
    "match_id": "1053792",
    "date": "czw., 30.09.2010",
    "competition": "Unknown",
    "matchday": "Unknown",
    "home_team": "Atlético Madryt",
    "away_team": "Bayer 04 Leverkusen",
    "home_players": [
      {
        "number": "13",
        "name": "David de Gea",
        "substituted_in": true,
        "starting_lineup": true
      },
      {
        "number": "18",
        "name": "Álvaro Domínguez",
        "substituted_in": true,
        "starting_lineup": true
      },
      {
        "number": "21",
        "name": "Luis Amaranto Perea",
        "substituted_in": true,
        "starting_lineup": true
      },
      {
        "number": "14",
        "name": "Filipe Luís",
        "substituted_in": true,
        "starting_lineup": true
      },
      {
        "number": "17",
        "name": "Tomas Ujfalusi",
        "substituted_in": true,
        "starting_lineup": true
      },
      {
        "number": "12",
        "name": "Paulo Assunção",
        "substituted_in": true,
        "starting_lineup": true
      },
      {
        "number": "8",
        "name": "Raúl García",
        "substituted_in": true,
        "starting_lineup": true
      },
      {
        "number": "20",
        "name": "Simão",
        "substituted_in": true,
        "starting_lineup": true
      },
      {
        "number": "19",
        "name": "José Antonio Reyes",
        "substituted_in": true,
        "starting_lineup": true
      },
      {
        "number": "7",
        "name": "Diego Forlán",
        "substituted_in": true,
        "starting_lineup": true
      },
      {
        "number": "22",
        "name": "Diego Costa",
        "substituted_in": true,
        "starting_lineup": true
      },
      {
        "number": "11",
        "name": "Fran Mérida",
        "substituted_in": true,
        "starting_lineup": false
      },
      {
        "number": "5",
        "name": "Tiago Mendes",
        "substituted_in": true,
        "starting_lineup": false
      }
    ],
    "away_players": [
      {
        "number": "1",
        "name": "René Adler",
        "substituted_in": true,
        "starting_lineup": true
      },
      {
        "number": "4",
        "name": "Sami Hyypiä",
        "substituted_in": true,
        "starting_lineup": true
      },
      {
        "number": "5",
        "name": "Manuel Friedrich",
        "substituted_in": true,
        "starting_lineup": true
      },
      {
        "number": "24",
        "name": "Michal Kadlec",
        "substituted_in": true,
        "starting_lineup": true
      },
      {
        "number": "2",
        "name": "Daniel Schwaab",
        "substituted_in": true,
        "starting_lineup": true
      },
      {
        "number": "3",
        "name": "Stefan Reinartz",
        "substituted_in": true,
        "starting_lineup": true
      },
      {
        "number": "14",
        "name": "Hanno Balitsch",
        "substituted_in": true,
        "starting_lineup": true
      },
      {
        "number": "23",
        "name": "Arturo Vidal",
        "substituted_in": true,
        "starting_lineup": true
      },
      {
        "number": "7",
        "name": "Tranquillo Barnetta",
        "substituted_in": true,
        "starting_lineup": true
      },
      {
        "number": "18",
        "name": "Sidney Sam",
        "substituted_in": true,
        "starting_lineup": true
      },
      {
        "number": "19",
        "name": "Eren Derdiyok",
        "substituted_in": true,
        "starting_lineup": true
      },
      {
        "number": "6",
        "name": "Simon Rolfes",
        "substituted_in": true,
        "starting_lineup": false
      },
      {
        "number": "8",
        "name": "Lars Bender",
        "substituted_in": true,
        "starting_lineup": false
      },
      {
        "number": "9",
        "name": "Patrick Helmes",
        "substituted_in": true,
        "starting_lineup": false
      }
    ]
  },
  {
    "url": "https://www.transfermarkt.pl/atlético-madryt_rcd-espanyol/aufstellung/spielbericht/1064194",
    "match_id": "1064194",
    "date": "śr., 22.12.2010",
    "competition": "Unknown",
    "matchday": "Unknown",
    "home_team": "Atlético Madryt",
    "away_team": "RCD Espanyol",
    "home_players": [
      {
        "number": "13",
        "name": "David de Gea",
        "substituted_in": true,
        "starting_lineup": true
      },
      {
        "number": "18",
        "name": "Álvaro Domínguez",
        "substituted_in": true,
        "starting_lineup": true
      },
      {
        "number": "21",
        "name": "Luis Amaranto Perea",
        "substituted_in": true,
        "starting_lineup": true
      },
      {
        "number": "14",
        "name": "Filipe Luís",
        "substituted_in": true,
        "starting_lineup": true
      },
      {
        "number": "17",
        "name": "Tomas Ujfalusi",
        "substituted_in": true,
        "starting_lineup": true
      },
      {
        "number": "12",
        "name": "Paulo Assunção",
        "substituted_in": true,
        "starting_lineup": true
      },
      {
        "number": "5",
        "name": "Tiago Mendes",
        "substituted_in": true,
        "starting_lineup": true
      },
      {
        "number": "20",
        "name": "Simão",
        "substituted_in": true,
        "starting_lineup": true
      },
      {
        "number": "19",
        "name": "José Antonio Reyes",
        "substituted_in": true,
        "starting_lineup": true
      },
      {
        "number": "7",
        "name": "Diego Forlán",
        "substituted_in": true,
        "starting_lineup": true
      },
      {
        "number": "10",
        "name": "Sergio Agüero",
        "substituted_in": true,
        "starting_lineup": true
      },
      {
        "number": "11",
        "name": "Fran Mérida",
        "substituted_in": true,
        "starting_lineup": false
      },
      {
        "number": "8",
        "name": "Raúl García",
        "substituted_in": true,
        "starting_lineup": false
      },
      {
        "number": "22",
        "name": "Diego Costa",
        "substituted_in": true,
        "starting_lineup": false
      }
    ],
    "away_players": [
      {
        "number": "25",
        "name": "Cristian Álvarez",
        "substituted_in": true,
        "starting_lineup": true
      },
      {
        "number": "6",
        "name": "Víctor Ruiz",
        "substituted_in": true,
        "starting_lineup": true
      },
      {
        "number": "5",
        "name": "Jordi Amat",
        "substituted_in": true,
        "starting_lineup": true
      },
      {
        "number": "3",
        "name": "David García",
        "substituted_in": true,
        "starting_lineup": true
      },
      {
        "number": "2",
        "name": "Javi Chica",
        "substituted_in": true,
        "starting_lineup": true
      },
      {
        "number": "7",
        "name": "Raúl Baena",
        "substituted_in": true,
        "starting_lineup": true
      },
      {
        "number": "4",
        "name": "Javi Márquez",
        "substituted_in": true,
        "starting_lineup": true
      },
      {
        "number": "11",
        "name": "Joan Verdú",
        "substituted_in": true,
        "starting_lineup": true
      },
      {
        "number": "23",
        "name": "Jesús Dátolo",
        "substituted_in": true,
        "starting_lineup": true
      },
      {
        "number": "19",
        "name": "Sergio García",
        "substituted_in": true,
        "starting_lineup": true
      },
      {
        "number": "17",
        "name": "Daniel Osvaldo",
        "substituted_in": true,
        "starting_lineup": true
      },
      {
        "number": "18",
        "name": "Juan Forlín",
        "substituted_in": true,
        "starting_lineup": false
      },
      {
        "number": "8",
        "name": "José Callejón",
        "substituted_in": true,
        "starting_lineup": false
      },
      {
        "number": "20",
        "name": "Álvaro Vázquez",
        "substituted_in": true,
        "starting_lineup": false
      }
    ]
  },
  {
    "url": "https://www.transfermarkt.pl/athletic-bilbao_atlético-madryt/aufstellung/spielbericht/1036078",
    "match_id": "1036078",
    "date": "sob., 11.09.2010",
    "competition": "LALIGA",
    "matchday": "2. Kolejka",
    "home_team": "Athletic Bilbao",
    "away_team": "Atlético Madryt",
    "home_players": [
      {
        "number": "1",
        "name": "Gorka Iraizoz",
        "substituted_in": true,
        "starting_lineup": true
      },
      {
        "number": "5",
        "name": "Fernando Amorebieta",
        "substituted_in": true,
        "starting_lineup": true
      },
      {
        "number": "6",
        "name": "Mikel San José",
        "substituted_in": true,
        "starting_lineup": true
      },
      {
        "number": "29",
        "name": "Jon Aurtenetxe",
        "substituted_in": true,
        "starting_lineup": true
      },
      {
        "number": "15",
        "name": "Andoni Iraola",
        "substituted_in": true,
        "starting_lineup": true
      },
      {
        "number": "18",
        "name": "Carlos Gurpegui",
        "substituted_in": true,
        "starting_lineup": true
      },
      {
        "number": "24",
        "name": "Javi Martínez",
        "substituted_in": true,
        "starting_lineup": true
      },
      {
        "number": "11",
        "name": "Igor Gabilondo",
        "substituted_in": true,
        "starting_lineup": true
      },
      {
        "number": "14",
        "name": "Markel Susaeta",
        "substituted_in": true,
        "starting_lineup": true
      },
      {
        "number": "2",
        "name": "Gaizka Toquero",
        "substituted_in": true,
        "starting_lineup": true
      },
      {
        "number": "9",
        "name": "Fernando Llorente",
        "substituted_in": true,
        "starting_lineup": true
      },
      {
        "number": "10",
        "name": "Óscar de Marcos",
        "substituted_in": true,
        "starting_lineup": false
      },
      {
        "number": "8",
        "name": "Ander Iturraspe",
        "substituted_in": true,
        "starting_lineup": false
      },
      {
        "number": "27",
        "name": "Iker Muniain",
        "substituted_in": true,
        "starting_lineup": false
      }
    ],
    "away_players": [
      {
        "number": "13",
        "name": "David de Gea",
        "substituted_in": true,
        "starting_lineup": true
      },
      {
        "number": "18",
        "name": "Álvaro Domínguez",
        "substituted_in": true,
        "starting_lineup": true
      },
      {
        "number": "15",
        "name": "Diego Godín",
        "substituted_in": true,
        "starting_lineup": true
      },
      {
        "number": "3",
        "name": "Antonio López",
        "substituted_in": true,
        "starting_lineup": true
      },
      {
        "number": "21",
        "name": "Luis Amaranto Perea",
        "substituted_in": true,
        "starting_lineup": true
      },
      {
        "number": "12",
        "name": "Paulo Assunção",
        "substituted_in": true,
        "starting_lineup": true
      },
      {
        "number": "8",
        "name": "Raúl García",
        "substituted_in": true,
        "starting_lineup": true
      },
      {
        "number": "20",
        "name": "Simão",
        "substituted_in": true,
        "starting_lineup": true
      },
      {
        "number": "19",
        "name": "José Antonio Reyes",
        "substituted_in": true,
        "starting_lineup": true
      },
      {
        "number": "7",
        "name": "Diego Forlán",
        "substituted_in": true,
        "starting_lineup": true
      },
      {
        "number": "10",
        "name": "Sergio Agüero",
        "substituted_in": true,
        "starting_lineup": true
      },
      {
        "number": "4",
        "name": "Mario Suárez",
        "substituted_in": true,
        "starting_lineup": false
      },
      {
        "number": "5",
        "name": "Tiago Mendes",
        "substituted_in": true,
        "starting_lineup": false
      },
      {
        "number": "22",
        "name": "Diego Costa",
        "substituted_in": true,
        "starting_lineup": false
      }
    ]
  },
  {
    "url": "https://www.transfermarkt.pl/valencia-cf_atlético-madryt/aufstellung/spielbericht/1036096",
    "match_id": "1036096",
    "date": "śr., 22.09.2010",
    "competition": "LALIGA",
    "matchday": "4. Kolejka",
    "home_team": "Valencia CF",
    "away_team": "Atlético Madryt",
    "home_players": [
      {
        "number": "1",
        "name": "César Sánchez",
        "substituted_in": true,
        "starting_lineup": true
      },
      {
        "number": "20",
        "name": "Ricardo Costa",
        "substituted_in": true,
        "starting_lineup": true
      },
      {
        "number": "3",
        "name": "Hedwiges Maduro",
        "substituted_in": true,
        "starting_lineup": true
      },
      {
        "number": "22",
        "name": "Jérémy Mathieu",
        "substituted_in": true,
        "starting_lineup": true
      },
      {
        "number": "23",
        "name": "Miguel",
        "substituted_in": true,
        "starting_lineup": true
      },
      {
        "number": "6",
        "name": "David Albelda",
        "substituted_in": true,
        "starting_lineup": true
      },
      {
        "number": "24",
        "name": "Tino Costa",
        "substituted_in": true,
        "starting_lineup": true
      },
      {
        "number": "8",
        "name": "Alejandro Domínguez",
        "substituted_in": true,
        "starting_lineup": true
      },
      {
        "number": "10",
        "name": "Juan Mata",
        "substituted_in": true,
        "starting_lineup": true
      },
      {
        "number": "7",
        "name": "Joaquín",
        "substituted_in": true,
        "starting_lineup": true
      },
      {
        "number": "11",
        "name": "Aritz Aduriz",
        "substituted_in": true,
        "starting_lineup": true
      },
      {
        "number": "28",
        "name": "Jordi Alba",
        "substituted_in": true,
        "starting_lineup": false
      },
      {
        "number": "19",
        "name": "Pablo Hernández",
        "substituted_in": true,
        "starting_lineup": false
      },
      {
        "number": "9",
        "name": "Roberto Soldado",
        "substituted_in": true,
        "starting_lineup": false
      }
    ],
    "away_players": [
      {
        "number": "13",
        "name": "David de Gea",
        "substituted_in": true,
        "starting_lineup": true
      },
      {
        "number": "18",
        "name": "Álvaro Domínguez",
        "substituted_in": true,
        "starting_lineup": true
      },
      {
        "number": "15",
        "name": "Diego Godín",
        "substituted_in": true,
        "starting_lineup": true
      },
      {
        "number": "3",
        "name": "Antonio López",
        "substituted_in": true,
        "starting_lineup": true
      },
      {
        "number": "21",
        "name": "Luis Amaranto Perea",
        "substituted_in": true,
        "starting_lineup": true
      },
      {
        "number": "12",
        "name": "Paulo Assunção",
        "substituted_in": true,
        "starting_lineup": true
      },
      {
        "number": "8",
        "name": "Raúl García",
        "substituted_in": true,
        "starting_lineup": true
      },
      {
        "number": "20",
        "name": "Simão",
        "substituted_in": true,
        "starting_lineup": true
      },
      {
        "number": "19",
        "name": "José Antonio Reyes",
        "substituted_in": true,
        "starting_lineup": true
      },
      {
        "number": "7",
        "name": "Diego Forlán",
        "substituted_in": true,
        "starting_lineup": true
      },
      {
        "number": "22",
        "name": "Diego Costa",
        "substituted_in": true,
        "starting_lineup": true
      },
      {
        "number": "2",
        "name": "Juan Valera",
        "substituted_in": true,
        "starting_lineup": false
      },
      {
        "number": "4",
        "name": "Mario Suárez",
        "substituted_in": true,
        "starting_lineup": false
      },
      {
        "number": "11",
        "name": "Fran Mérida",
        "substituted_in": true,
        "starting_lineup": false
      }
    ]
  },
  {
    "url": "https://www.transfermarkt.pl/real-sociedad_atlético-madryt/aufstellung/spielbericht/1036188",
    "match_id": "1036188",
    "date": "niedz., 21.11.2010",
    "competition": "LALIGA",
    "matchday": "12. Kolejka",
    "home_team": "Real Sociedad",
    "away_team": "Atlético Madryt",
    "home_players": [
      {
        "number": "1",
        "name": "Claudio Bravo",
        "substituted_in": true,
        "starting_lineup": true
      },
      {
        "number": "3",
        "name": "Mikel González",
        "substituted_in": true,
        "starting_lineup": true
      },
      {
        "number": "15",
        "name": "Ion Ansotegi",
        "substituted_in": true,
        "starting_lineup": true
      },
      {
        "number": "24",
        "name": "Alberto de la Bella",
        "substituted_in": true,
        "starting_lineup": true
      },
      {
        "number": "2",
        "name": "Carlos Martínez",
        "substituted_in": true,
        "starting_lineup": true
      },
      {
        "number": "19",
        "name": "Diego Rivas",
        "substituted_in": true,
        "starting_lineup": true
      },
      {
        "number": "11",
        "name": "Mikel Aranburu",
        "substituted_in": true,
        "starting_lineup": true
      },
      {
        "number": "17",
        "name": "David Zurutuza",
        "substituted_in": true,
        "starting_lineup": true
      },
      {
        "number": "7",
        "name": "Antoine Griezmann",
        "substituted_in": true,
        "starting_lineup": true
      },
      {
        "number": "10",
        "name": "Xabi Prieto",
        "substituted_in": true,
        "starting_lineup": true
      },
      {
        "number": "8",
        "name": "Joseba Llorente",
        "substituted_in": true,
        "starting_lineup": true
      },
      {
        "number": "5",
        "name": "Markel Bergara",
        "substituted_in": true,
        "starting_lineup": false
      },
      {
        "number": "14",
        "name": "Jeffrey Sarpong",
        "substituted_in": true,
        "starting_lineup": false
      },
      {
        "number": "20",
        "name": "Raúl Tamudo",
        "substituted_in": true,
        "starting_lineup": false
      }
    ],
    "away_players": [
      {
        "number": "13",
        "name": "David de Gea",
        "substituted_in": true,
        "starting_lineup": true
      },
      {
        "number": "15",
        "name": "Diego Godín",
        "substituted_in": true,
        "starting_lineup": true
      },
      {
        "number": "17",
        "name": "Tomas Ujfalusi",
        "substituted_in": true,
        "starting_lineup": true
      },
      {
        "number": "3",
        "name": "Antonio López",
        "substituted_in": true,
        "starting_lineup": true
      },
      {
        "number": "21",
        "name": "Luis Amaranto Perea",
        "substituted_in": true,
        "starting_lineup": true
      },
      {
        "number": "4",
        "name": "Mario Suárez",
        "substituted_in": true,
        "starting_lineup": true
      },
      {
        "number": "5",
        "name": "Tiago Mendes",
        "substituted_in": true,
        "starting_lineup": true
      },
      {
        "number": "20",
        "name": "Simão",
        "substituted_in": true,
        "starting_lineup": true
      },
      {
        "number": "19",
        "name": "José Antonio Reyes",
        "substituted_in": true,
        "starting_lineup": true
      },
      {
        "number": "7",
        "name": "Diego Forlán",
        "substituted_in": true,
        "starting_lineup": true
      },
      {
        "number": "10",
        "name": "Sergio Agüero",
        "substituted_in": true,
        "starting_lineup": true
      },
      {
        "number": "12",
        "name": "Paulo Assunção",
        "substituted_in": true,
        "starting_lineup": false
      },
      {
        "number": "8",
        "name": "Raúl García",
        "substituted_in": true,
        "starting_lineup": false
      },
      {
        "number": "22",
        "name": "Diego Costa",
        "substituted_in": true,
        "starting_lineup": false
      }
    ]
  },
  {
    "url": "https://www.transfermarkt.pl/atlético-madryt_valencia-cf/aufstellung/spielbericht/1036296",
    "match_id": "1036296",
    "date": "sob., 12.02.2011",
    "competition": "LALIGA",
    "matchday": "23. Kolejka",
    "home_team": "Atlético Madryt",
    "away_team": "Valencia CF",
    "home_players": [
      {
        "number": "13",
        "name": "David de Gea",
        "substituted_in": true,
        "starting_lineup": true
      },
      {
        "number": "15",
        "name": "Diego Godín",
        "substituted_in": true,
        "starting_lineup": true
      },
      {
        "number": "21",
        "name": "Luis Amaranto Perea",
        "substituted_in": true,
        "starting_lineup": true
      },
      {
        "number": "3",
        "name": "Antonio López",
        "substituted_in": true,
        "starting_lineup": true
      },
      {
        "number": "2",
        "name": "Juan Valera",
        "substituted_in": true,
        "starting_lineup": true
      },
      {
        "number": "5",
        "name": "Tiago Mendes",
        "substituted_in": true,
        "starting_lineup": true
      },
      {
        "number": "8",
        "name": "Raúl García",
        "substituted_in": true,
        "starting_lineup": true
      },
      {
        "number": "11",
        "name": "Fran Mérida",
        "substituted_in": true,
        "starting_lineup": true
      },
      {
        "number": "19",
        "name": "José Antonio Reyes",
        "substituted_in": true,
        "starting_lineup": true
      },
      {
        "number": "7",
        "name": "Diego Forlán",
        "substituted_in": true,
        "starting_lineup": true
      },
      {
        "number": "10",
        "name": "Sergio Agüero",
        "substituted_in": true,
        "starting_lineup": true
      },
      {
        "number": "20",
        "name": "Juanfran Torres",
        "substituted_in": true,
        "starting_lineup": false
      },
      {
        "number": "4",
        "name": "Mario Suárez",
        "substituted_in": true,
        "starting_lineup": false
      }
    ],
    "away_players": [
      {
        "number": "13",
        "name": "Vicente Guaita",
        "substituted_in": true,
        "starting_lineup": true
      },
      {
        "number": "17",
        "name": "Marius Stankevicius",
        "substituted_in": true,
        "starting_lineup": true
      },
      {
        "number": "20",
        "name": "Ricardo Costa",
        "substituted_in": true,
        "starting_lineup": true
      },
      {
        "number": "3",
        "name": "Hedwiges Maduro",
        "substituted_in": true,
        "starting_lineup": true
      },
      {
        "number": "28",
        "name": "Jordi Alba",
        "substituted_in": true,
        "starting_lineup": true
      },
      {
        "number": "2",
        "name": "Bruno Saltor",
        "substituted_in": true,
        "starting_lineup": true
      },
      {
        "number": "5",
        "name": "Mehmet Topal",
        "substituted_in": true,
        "starting_lineup": true
      },
      {
        "number": "24",
        "name": "Tino Costa",
        "substituted_in": true,
        "starting_lineup": true
      },
      {
        "number": "19",
        "name": "Pablo Hernández",
        "substituted_in": true,
        "starting_lineup": true
      },
      {
        "number": "7",
        "name": "Joaquín",
        "substituted_in": true,
        "starting_lineup": true
      },
      {
        "number": "9",
        "name": "Roberto Soldado",
        "substituted_in": true,
        "starting_lineup": true
      },
      {
        "number": "4",
        "name": "David Navarro",
        "substituted_in": true,
        "starting_lineup": false
      },
      {
        "number": "23",
        "name": "Miguel",
        "substituted_in": true,
        "starting_lineup": false
      },
      {
        "number": "11",
        "name": "Aritz Aduriz",
        "substituted_in": true,
        "starting_lineup": false
      }
    ]
  },
  {
    "url": "https://www.transfermarkt.pl/atlético-madryt_rcd-mallorca/aufstellung/spielbericht/1036261",
    "match_id": "1036261",
    "date": "pon., 17.01.2011",
    "competition": "LALIGA",
    "matchday": "19. Kolejka",
    "home_team": "Atlético Madryt",
    "away_team": "RCD Mallorca",
    "home_players": [
      {
        "number": "13",
        "name": "David de Gea",
        "substituted_in": true,
        "starting_lineup": true
      },
      {
        "number": "15",
        "name": "Diego Godín",
        "substituted_in": true,
        "starting_lineup": true
      },
      {
        "number": "17",
        "name": "Tomas Ujfalusi",
        "substituted_in": true,
        "starting_lineup": true
      },
      {
        "number": "3",
        "name": "Antonio López",
        "substituted_in": true,
        "starting_lineup": true
      },
      {
        "number": "2",
        "name": "Juan Valera",
        "substituted_in": true,
        "starting_lineup": true
      },
      {
        "number": "12",
        "name": "Paulo Assunção",
        "substituted_in": true,
        "starting_lineup": true
      },
      {
        "number": "5",
        "name": "Tiago Mendes",
        "substituted_in": true,
        "starting_lineup": true
      },
      {
        "number": "11",
        "name": "Fran Mérida",
        "substituted_in": true,
        "starting_lineup": true
      },
      {
        "number": "9",
        "name": "Elias",
        "substituted_in": true,
        "starting_lineup": true
      },
      {
        "number": "19",
        "name": "José Antonio Reyes",
        "substituted_in": true,
        "starting_lineup": true
      },
      {
        "number": "7",
        "name": "Diego Forlán",
        "substituted_in": true,
        "starting_lineup": true
      },
      {
        "number": "14",
        "name": "Filipe Luís",
        "substituted_in": true,
        "starting_lineup": false
      },
      {
        "number": "20",
        "name": "Juanfran Torres",
        "substituted_in": true,
        "starting_lineup": false
      },
      {
        "number": "22",
        "name": "Diego Costa",
        "substituted_in": true,
        "starting_lineup": false
      }
    ],
    "away_players": [
      {
        "number": "13",
        "name": "Dudu Aouate",
        "substituted_in": true,
        "starting_lineup": true
      },
      {
        "number": "5",
        "name": "Rubén González",
        "substituted_in": true,
        "starting_lineup": true
      },
      {
        "number": "16",
        "name": "José Nunes",
        "substituted_in": true,
        "starting_lineup": true
      },
      {
        "number": "29",
        "name": "Kevin García",
        "substituted_in": true,
        "starting_lineup": true
      },
      {
        "number": "22",
        "name": "Pau Cendrós",
        "substituted_in": true,
        "starting_lineup": true
      },
      {
        "number": "3",
        "name": "João Victor",
        "substituted_in": true,
        "starting_lineup": true
      },
      {
        "number": "20",
        "name": "Jonathan de Guzmán",
        "substituted_in": true,
        "starting_lineup": true
      },
      {
        "number": "8",
        "name": "Emilio Nsue",
        "substituted_in": true,
        "starting_lineup": true
      },
      {
        "number": "7",
        "name": "Michaël Pereira",
        "substituted_in": true,
        "starting_lineup": true
      },
      {
        "number": "9",
        "name": "Pierre Webó",
        "substituted_in": true,
        "starting_lineup": true
      },
      {
        "number": "18",
        "name": "Víctor Casadesús",
        "substituted_in": true,
        "starting_lineup": true
      },
      {
        "number": "11",
        "name": "Chory Castro",
        "substituted_in": true,
        "starting_lineup": false
      },
      {
        "number": "10",
        "name": "Fernando Cavenaghi",
        "substituted_in": true,
        "starting_lineup": false
      }
    ]
  },
  {
    "url": "https://www.transfermarkt.pl/getafe-cf_atlético-madryt/aufstellung/spielbericht/1036325",
    "match_id": "1036325",
    "date": "śr., 02.03.2011",
    "competition": "LALIGA",
    "matchday": "26. Kolejka",
    "home_team": "Getafe CF",
    "away_team": "Atlético Madryt",
    "home_players": [
      {
        "number": "13",
        "name": "Jordi Codina",
        "substituted_in": true,
        "starting_lineup": true
      },
      {
        "number": "2",
        "name": "Cata Díaz",
        "substituted_in": true,
        "starting_lineup": true
      },
      {
        "number": "15",
        "name": "Rafa López",
        "substituted_in": true,
        "starting_lineup": true
      },
      {
        "number": "3",
        "name": "Mané",
        "substituted_in": true,
        "starting_lineup": true
      },
      {
        "number": "24",
        "name": "Miguel Torres",
        "substituted_in": true,
        "starting_lineup": true
      },
      {
        "number": "17",
        "name": "Víctor Sánchez",
        "substituted_in": true,
        "starting_lineup": true
      },
      {
        "number": "11",
        "name": "Dani Parejo",
        "substituted_in": true,
        "starting_lineup": true
      },
      {
        "number": "8",
        "name": "Jaime Gavilán",
        "substituted_in": true,
        "starting_lineup": true
      },
      {
        "number": "14",
        "name": "Manu del Moral",
        "substituted_in": true,
        "starting_lineup": true
      },
      {
        "number": "9",
        "name": "Adrián Colunga",
        "substituted_in": true,
        "starting_lineup": true
      },
      {
        "number": "7",
        "name": "Miku",
        "substituted_in": true,
        "starting_lineup": true
      },
      {
        "number": "23",
        "name": "Iván Marcano",
        "substituted_in": true,
        "starting_lineup": false
      },
      {
        "number": "22",
        "name": "Javi Casquero",
        "substituted_in": true,
        "starting_lineup": false
      },
      {
        "number": "18",
        "name": "Derek Boateng",
        "substituted_in": true,
        "starting_lineup": false
      }
    ],
    "away_players": [
      {
        "number": "13",
        "name": "David de Gea",
        "substituted_in": true,
        "starting_lineup": true
      },
      {
        "number": "15",
        "name": "Diego Godín",
        "substituted_in": true,
        "starting_lineup": true
      },
      {
        "number": "21",
        "name": "Luis Amaranto Perea",
        "substituted_in": true,
        "starting_lineup": true
      },
      {
        "number": "3",
        "name": "Antonio López",
        "substituted_in": true,
        "starting_lineup": true
      },
      {
        "number": "2",
        "name": "Juan Valera",
        "substituted_in": true,
        "starting_lineup": true
      },
      {
        "number": "5",
        "name": "Tiago Mendes",
        "substituted_in": true,
        "starting_lineup": true
      },
      {
        "number": "8",
        "name": "Raúl García",
        "substituted_in": true,
        "starting_lineup": true
      },
      {
        "number": "32",
        "name": "Koke",
        "substituted_in": true,
        "starting_lineup": true
      },
      {
        "number": "19",
        "name": "José Antonio Reyes",
        "substituted_in": true,
        "starting_lineup": true
      },
      {
        "number": "7",
        "name": "Diego Forlán",
        "substituted_in": true,
        "starting_lineup": true
      },
      {
        "number": "10",
        "name": "Sergio Agüero",
        "substituted_in": true,
        "starting_lineup": true
      },
      {
        "number": "20",
        "name": "Juanfran Torres",
        "substituted_in": true,
        "starting_lineup": false
      },
      {
        "number": "4",
        "name": "Mario Suárez",
        "substituted_in": true,
        "starting_lineup": false
      },
      {
        "number": "9",
        "name": "Elias",
        "substituted_in": true,
        "starting_lineup": false
      }
    ]
  },
  {
    "url": "https://www.transfermarkt.pl/atlético-madryt_aris-saloniki/aufstellung/spielbericht/1053842",
    "match_id": "1053842",
    "date": "śr., 01.12.2010",
    "competition": "Unknown",
    "matchday": "Unknown",
    "home_team": "Atlético Madryt",
    "away_team": "Aris Saloniki",
    "home_players": [
      {
        "number": "13",
        "name": "David de Gea",
        "substituted_in": true,
        "starting_lineup": true
      },
      {
        "number": "18",
        "name": "Álvaro Domínguez",
        "substituted_in": true,
        "starting_lineup": true
      },
      {
        "number": "15",
        "name": "Diego Godín",
        "substituted_in": true,
        "starting_lineup": true
      },
      {
        "number": "3",
        "name": "Antonio López",
        "substituted_in": true,
        "starting_lineup": true
      },
      {
        "number": "17",
        "name": "Tomas Ujfalusi",
        "substituted_in": true,
        "starting_lineup": true
      },
      {
        "number": "4",
        "name": "Mario Suárez",
        "substituted_in": true,
        "starting_lineup": true
      },
      {
        "number": "5",
        "name": "Tiago Mendes",
        "substituted_in": true,
        "starting_lineup": true
      },
      {
        "number": "20",
        "name": "Simão",
        "substituted_in": true,
        "starting_lineup": true
      },
      {
        "number": "19",
        "name": "José Antonio Reyes",
        "substituted_in": true,
        "starting_lineup": true
      },
      {
        "number": "7",
        "name": "Diego Forlán",
        "substituted_in": true,
        "starting_lineup": true
      },
      {
        "number": "10",
        "name": "Sergio Agüero",
        "substituted_in": true,
        "starting_lineup": true
      },
      {
        "number": "11",
        "name": "Fran Mérida",
        "substituted_in": true,
        "starting_lineup": false
      },
      {
        "number": "8",
        "name": "Raúl García",
        "substituted_in": true,
        "starting_lineup": false
      },
      {
        "number": "22",
        "name": "Diego Costa",
        "substituted_in": true,
        "starting_lineup": false
      }
    ],
    "away_players": [
      {
        "number": "13",
        "name": "Michalis Sifakis",
        "substituted_in": true,
        "starting_lineup": true
      },
      {
        "number": "24",
        "name": "Nikolaos Lazaridis",
        "substituted_in": true,
        "starting_lineup": true
      },
      {
        "number": "3",
        "name": "Oriol Lozano",
        "substituted_in": true,
        "starting_lineup": true
      },
      {
        "number": "16",
        "name": "Michel",
        "substituted_in": true,
        "starting_lineup": true
      },
      {
        "number": "32",
        "name": "Kristi Vangjeli",
        "substituted_in": true,
        "starting_lineup": true
      },
      {
        "number": "14",
        "name": "Ricardo Faty",
        "substituted_in": true,
        "starting_lineup": true
      },
      {
        "number": "8",
        "name": "Juan Carlos Toja",
        "substituted_in": true,
        "starting_lineup": true
      },
      {
        "number": "20",
        "name": "Javito",
        "substituted_in": true,
        "starting_lineup": true
      },
      {
        "number": "19",
        "name": "Konstantinos Mendrinos",
        "substituted_in": true,
        "starting_lineup": true
      },
      {
        "number": "10",
        "name": "Koke",
        "substituted_in": true,
        "starting_lineup": true
      },
      {
        "number": "9",
        "name": "Danijel Cesarec",
        "substituted_in": true,
        "starting_lineup": true
      },
      {
        "number": "17",
        "name": "Konstantinos Kaznaferis",
        "substituted_in": true,
        "starting_lineup": false
      },
      {
        "number": "55",
        "name": "Athanasios Prittas",
        "substituted_in": true,
        "starting_lineup": false
      },
      {
        "number": "11",
        "name": "Carlos Ruiz",
        "substituted_in": true,
        "starting_lineup": false
      }
    ]
  },
  {
    "url": "https://www.transfermarkt.pl/atlético-madryt_real-sociedad/aufstellung/spielbericht/1036378",
    "match_id": "1036378",
    "date": "niedz., 10.04.2011",
    "competition": "LALIGA",
    "matchday": "31. Kolejka",
    "home_team": "Atlético Madryt",
    "away_team": "Real Sociedad",
    "home_players": [
      {
        "number": "13",
        "name": "David de Gea",
        "substituted_in": true,
        "starting_lineup": true
      },
      {
        "number": "15",
        "name": "Diego Godín",
        "substituted_in": true,
        "starting_lineup": true
      },
      {
        "number": "21",
        "name": "Luis Amaranto Perea",
        "substituted_in": true,
        "starting_lineup": true
      },
      {
        "number": "14",
        "name": "Filipe Luís",
        "substituted_in": true,
        "starting_lineup": true
      },
      {
        "number": "17",
        "name": "Tomas Ujfalusi",
        "substituted_in": true,
        "starting_lineup": true
      },
      {
        "number": "4",
        "name": "Mario Suárez",
        "substituted_in": true,
        "starting_lineup": true
      },
      {
        "number": "5",
        "name": "Tiago Mendes",
        "substituted_in": true,
        "starting_lineup": true
      },
      {
        "number": "32",
        "name": "Koke",
        "substituted_in": true,
        "starting_lineup": true
      },
      {
        "number": "19",
        "name": "José Antonio Reyes",
        "substituted_in": true,
        "starting_lineup": true
      },
      {
        "number": "10",
        "name": "Sergio Agüero",
        "substituted_in": true,
        "starting_lineup": true
      },
      {
        "number": "22",
        "name": "Diego Costa",
        "substituted_in": true,
        "starting_lineup": true
      },
      {
        "number": "20",
        "name": "Juanfran Torres",
        "substituted_in": true,
        "starting_lineup": false
      },
      {
        "number": "8",
        "name": "Raúl García",
        "substituted_in": true,
        "starting_lineup": false
      },
      {
        "number": "7",
        "name": "Diego Forlán",
        "substituted_in": true,
        "starting_lineup": false
      }
    ],
    "away_players": [
      {
        "number": "1",
        "name": "Claudio Bravo",
        "substituted_in": true,
        "starting_lineup": true
      },
      {
        "number": "15",
        "name": "Ion Ansotegi",
        "substituted_in": true,
        "starting_lineup": true
      },
      {
        "number": "16",
        "name": "Vadim Demidov",
        "substituted_in": true,
        "starting_lineup": true
      },
      {
        "number": "22",
        "name": "Dani Estrada",
        "substituted_in": true,
        "starting_lineup": true
      },
      {
        "number": "2",
        "name": "Carlos Martínez",
        "substituted_in": true,
        "starting_lineup": true
      },
      {
        "number": "4",
        "name": "Gorka Elustondo",
        "substituted_in": true,
        "starting_lineup": true
      },
      {
        "number": "5",
        "name": "Markel Bergara",
        "substituted_in": true,
        "starting_lineup": true
      },
      {
        "number": "11",
        "name": "Mikel Aranburu",
        "substituted_in": true,
        "starting_lineup": true
      },
      {
        "number": "7",
        "name": "Antoine Griezmann",
        "substituted_in": true,
        "starting_lineup": true
      },
      {
        "number": "10",
        "name": "Xabi Prieto",
        "substituted_in": true,
        "starting_lineup": true
      },
      {
        "number": "20",
        "name": "Raúl Tamudo",
        "substituted_in": true,
        "starting_lineup": true
      },
      {
        "number": "17",
        "name": "David Zurutuza",
        "substituted_in": true,
        "starting_lineup": false
      },
      {
        "number": "23",
        "name": "Paco Sutil",
        "substituted_in": true,
        "starting_lineup": false
      },
      {
        "number": "21",
        "name": "Diego Ifrán",
        "substituted_in": true,
        "starting_lineup": false
      }
    ]
  },
  {
    "url": "https://www.transfermarkt.pl/atlético-madryt_ud-almería/aufstellung/spielbericht/1036156",
    "match_id": "1036156",
    "date": "niedz., 31.10.2010",
    "competition": "LALIGA",
    "matchday": "9. Kolejka",
    "home_team": "Atlético Madryt",
    "away_team": "UD Almería",
    "home_players": [
      {
        "number": "13",
        "name": "David de Gea",
        "substituted_in": true,
        "starting_lineup": true
      },
      {
        "number": "18",
        "name": "Álvaro Domínguez",
        "substituted_in": true,
        "starting_lineup": true
      },
      {
        "number": "21",
        "name": "Luis Amaranto Perea",
        "substituted_in": true,
        "starting_lineup": true
      },
      {
        "number": "14",
        "name": "Filipe Luís",
        "substituted_in": true,
        "starting_lineup": true
      },
      {
        "number": "17",
        "name": "Tomas Ujfalusi",
        "substituted_in": true,
        "starting_lineup": true
      },
      {
        "number": "12",
        "name": "Paulo Assunção",
        "substituted_in": true,
        "starting_lineup": true
      },
      {
        "number": "5",
        "name": "Tiago Mendes",
        "substituted_in": true,
        "starting_lineup": true
      },
      {
        "number": "20",
        "name": "Simão",
        "substituted_in": true,
        "starting_lineup": true
      },
      {
        "number": "19",
        "name": "José Antonio Reyes",
        "substituted_in": true,
        "starting_lineup": true
      },
      {
        "number": "7",
        "name": "Diego Forlán",
        "substituted_in": true,
        "starting_lineup": true
      },
      {
        "number": "10",
        "name": "Sergio Agüero",
        "substituted_in": true,
        "starting_lineup": true
      },
      {
        "number": "11",
        "name": "Fran Mérida",
        "substituted_in": true,
        "starting_lineup": false
      },
      {
        "number": "8",
        "name": "Raúl García",
        "substituted_in": true,
        "starting_lineup": false
      },
      {
        "number": "22",
        "name": "Diego Costa",
        "substituted_in": true,
        "starting_lineup": false
      }
    ],
    "away_players": [
      {
        "number": "1",
        "name": "Diego Alves",
        "substituted_in": true,
        "starting_lineup": true
      },
      {
        "number": "21",
        "name": "Carlos García",
        "substituted_in": true,
        "starting_lineup": true
      },
      {
        "number": "18",
        "name": "Santiago Acasiete",
        "substituted_in": true,
        "starting_lineup": true
      },
      {
        "number": "17",
        "name": "Juanma Ortiz",
        "substituted_in": true,
        "starting_lineup": true
      },
      {
        "number": "16",
        "name": "Michel Macedo",
        "substituted_in": true,
        "starting_lineup": true
      },
      {
        "number": "25",
        "name": "Hernán Bernardello",
        "substituted_in": true,
        "starting_lineup": true
      },
      {
        "number": "19",
        "name": "Modeste M'Bami",
        "substituted_in": true,
        "starting_lineup": true
      },
      {
        "number": "15",
        "name": "Miguel Ángel Corona",
        "substituted_in": true,
        "starting_lineup": true
      },
      {
        "number": "8",
        "name": "Albert Crusat",
        "substituted_in": true,
        "starting_lineup": true
      },
      {
        "number": "11",
        "name": "Pablo Piatti",
        "substituted_in": true,
        "starting_lineup": true
      },
      {
        "number": "5",
        "name": "Kalu Uche",
        "substituted_in": true,
        "starting_lineup": true
      },
      {
        "number": "22",
        "name": "Fabián Vargas",
        "substituted_in": true,
        "starting_lineup": false
      },
      {
        "number": "10",
        "name": "José Ortiz",
        "substituted_in": true,
        "starting_lineup": false
      },
      {
        "number": "20",
        "name": "Leonardo Ulloa",
        "substituted_in": true,
        "starting_lineup": false
      }
    ]
  },
  {
    "url": "https://www.transfermarkt.pl/real-madryt_atlético-madryt/aufstellung/spielbericht/1036167",
    "match_id": "1036167",
    "date": "niedz., 07.11.2010",
    "competition": "LALIGA",
    "matchday": "10. Kolejka",
    "home_team": "Real Madryt",
    "away_team": "Atlético Madryt",
    "home_players": [
      {
        "number": "1",
        "name": "Iker Casillas",
        "substituted_in": true,
        "starting_lineup": true
      },
      {
        "number": "2",
        "name": "Ricardo Carvalho",
        "substituted_in": true,
        "starting_lineup": true
      },
      {
        "number": "3",
        "name": "Pepe",
        "substituted_in": true,
        "starting_lineup": true
      },
      {
        "number": "12",
        "name": "Marcelo",
        "substituted_in": true,
        "starting_lineup": true
      },
      {
        "number": "4",
        "name": "Sergio Ramos",
        "substituted_in": true,
        "starting_lineup": true
      },
      {
        "number": "14",
        "name": "Xabi Alonso",
        "substituted_in": true,
        "starting_lineup": true
      },
      {
        "number": "24",
        "name": "Sami Khedira",
        "substituted_in": true,
        "starting_lineup": true
      },
      {
        "number": "23",
        "name": "Mesut Özil",
        "substituted_in": true,
        "starting_lineup": true
      },
      {
        "number": "7",
        "name": "Cristiano Ronaldo",
        "substituted_in": true,
        "starting_lineup": true
      },
      {
        "number": "22",
        "name": "Ángel Di María",
        "substituted_in": true,
        "starting_lineup": true
      },
      {
        "number": "20",
        "name": "Gonzalo Higuaín",
        "substituted_in": true,
        "starting_lineup": true
      },
      {
        "number": "18",
        "name": "Raúl Albiol",
        "substituted_in": true,
        "starting_lineup": false
      },
      {
        "number": "6",
        "name": "Mahamadou Diarra",
        "substituted_in": true,
        "starting_lineup": false
      },
      {
        "number": "9",
        "name": "Karim Benzema",
        "substituted_in": true,
        "starting_lineup": false
      }
    ],
    "away_players": [
      {
        "number": "13",
        "name": "David de Gea",
        "substituted_in": true,
        "starting_lineup": true
      },
      {
        "number": "18",
        "name": "Álvaro Domínguez",
        "substituted_in": true,
        "starting_lineup": true
      },
      {
        "number": "17",
        "name": "Tomas Ujfalusi",
        "substituted_in": true,
        "starting_lineup": true
      },
      {
        "number": "14",
        "name": "Filipe Luís",
        "substituted_in": true,
        "starting_lineup": true
      },
      {
        "number": "2",
        "name": "Juan Valera",
        "substituted_in": true,
        "starting_lineup": true
      },
      {
        "number": "4",
        "name": "Mario Suárez",
        "substituted_in": true,
        "starting_lineup": true
      },
      {
        "number": "5",
        "name": "Tiago Mendes",
        "substituted_in": true,
        "starting_lineup": true
      },
      {
        "number": "20",
        "name": "Simão",
        "substituted_in": true,
        "starting_lineup": true
      },
      {
        "number": "19",
        "name": "José Antonio Reyes",
        "substituted_in": true,
        "starting_lineup": true
      },
      {
        "number": "10",
        "name": "Sergio Agüero",
        "substituted_in": true,
        "starting_lineup": true
      },
      {
        "number": "7",
        "name": "Diego Forlán",
        "substituted_in": true,
        "starting_lineup": true
      },
      {
        "number": "8",
        "name": "Raúl García",
        "substituted_in": true,
        "starting_lineup": false
      },
      {
        "number": "22",
        "name": "Diego Costa",
        "substituted_in": true,
        "starting_lineup": false
      }
    ]
  },
  {
    "url": "https://www.transfermarkt.pl/ca-osasuna_atlético-madryt/aufstellung/spielbericht/1036366",
    "match_id": "1036366",
    "date": "niedz., 03.04.2011",
    "competition": "LALIGA",
    "matchday": "30. Kolejka",
    "home_team": "CA Osasuna",
    "away_team": "Atlético Madryt",
    "home_players": [
      {
        "number": "1",
        "name": "Ricardo",
        "substituted_in": true,
        "starting_lineup": true
      },
      {
        "number": "23",
        "name": "Sergio Fernández",
        "substituted_in": true,
        "starting_lineup": true
      },
      {
        "number": "5",
        "name": "Lolo",
        "substituted_in": true,
        "starting_lineup": true
      },
      {
        "number": "3",
        "name": "Nacho Monreal",
        "substituted_in": true,
        "starting_lineup": true
      },
      {
        "number": "2",
        "name": "Nélson",
        "substituted_in": true,
        "starting_lineup": true
      },
      {
        "number": "6",
        "name": "Javad Nekounam",
        "substituted_in": true,
        "starting_lineup": true
      },
      {
        "number": "10",
        "name": "Patxi Puñal",
        "substituted_in": true,
        "starting_lineup": true
      },
      {
        "number": "20",
        "name": "Fernando Soriano",
        "substituted_in": true,
        "starting_lineup": true
      },
      {
        "number": "17",
        "name": "Javier Camuñas",
        "substituted_in": true,
        "starting_lineup": true
      },
      {
        "number": "16",
        "name": "Álvaro Cejudo",
        "substituted_in": true,
        "starting_lineup": true
      },
      {
        "number": "18",
        "name": "Kike Sola",
        "substituted_in": true,
        "starting_lineup": true
      },
      {
        "number": "21",
        "name": "Krisztián Vadócz",
        "substituted_in": true,
        "starting_lineup": false
      },
      {
        "number": "8",
        "name": "Masoud Shojaei",
        "substituted_in": true,
        "starting_lineup": false
      },
      {
        "number": "9",
        "name": "Dejan Lekic",
        "substituted_in": true,
        "starting_lineup": false
      }
    ],
    "away_players": [
      {
        "number": "13",
        "name": "David de Gea",
        "substituted_in": true,
        "starting_lineup": true
      },
      {
        "number": "15",
        "name": "Diego Godín",
        "substituted_in": true,
        "starting_lineup": true
      },
      {
        "number": "21",
        "name": "Luis Amaranto Perea",
        "substituted_in": true,
        "starting_lineup": true
      },
      {
        "number": "3",
        "name": "Antonio López",
        "substituted_in": true,
        "starting_lineup": true
      },
      {
        "number": "17",
        "name": "Tomas Ujfalusi",
        "substituted_in": true,
        "starting_lineup": true
      },
      {
        "number": "4",
        "name": "Mario Suárez",
        "substituted_in": true,
        "starting_lineup": true
      },
      {
        "number": "5",
        "name": "Tiago Mendes",
        "substituted_in": true,
        "starting_lineup": true
      },
      {
        "number": "20",
        "name": "Juanfran Torres",
        "substituted_in": true,
        "starting_lineup": true
      },
      {
        "number": "8",
        "name": "Raúl García",
        "substituted_in": true,
        "starting_lineup": true
      },
      {
        "number": "19",
        "name": "José Antonio Reyes",
        "substituted_in": true,
        "starting_lineup": true
      },
      {
        "number": "22",
        "name": "Diego Costa",
        "substituted_in": true,
        "starting_lineup": true
      },
      {
        "number": "12",
        "name": "Paulo Assunção",
        "substituted_in": true,
        "starting_lineup": false
      },
      {
        "number": "32",
        "name": "Koke",
        "substituted_in": true,
        "starting_lineup": false
      }
    ]
  },
  {
    "url": "https://www.transfermarkt.pl/deportivo-de-la-coruña_atlético-madryt/aufstellung/spielbericht/1036407",
    "match_id": "1036407",
    "date": "sob., 30.04.2011",
    "competition": "LALIGA",
    "matchday": "34. Kolejka",
    "home_team": "Deportivo de La Coruña",
    "away_team": "Atlético Madryt",
    "home_players": [
      {
        "number": "1",
        "name": "Daniel Aranzubia",
        "substituted_in": true,
        "starting_lineup": true
      },
      {
        "number": "7",
        "name": "Alberto Lopo",
        "substituted_in": true,
        "starting_lineup": true
      },
      {
        "number": "19",
        "name": "Diego Colotto",
        "substituted_in": true,
        "starting_lineup": true
      },
      {
        "number": "3",
        "name": "Claudio Morel Rodríguez",
        "substituted_in": true,
        "starting_lineup": true
      },
      {
        "number": "15",
        "name": "Laure",
        "substituted_in": true,
        "starting_lineup": true
      },
      {
        "number": "23",
        "name": "Aythami Artiles",
        "substituted_in": true,
        "starting_lineup": true
      },
      {
        "number": "22",
        "name": "Juan Rodríguez",
        "substituted_in": true,
        "starting_lineup": true
      },
      {
        "number": "28",
        "name": "Juan Domínguez",
        "substituted_in": true,
        "starting_lineup": true
      },
      {
        "number": "18",
        "name": "Andrés Guardado",
        "substituted_in": true,
        "starting_lineup": true
      },
      {
        "number": "21",
        "name": "Juan Carlos Valerón",
        "substituted_in": true,
        "starting_lineup": true
      },
      {
        "number": "17",
        "name": "Xisco",
        "substituted_in": true,
        "starting_lineup": true
      },
      {
        "number": "5",
        "name": "Zé Castro",
        "substituted_in": true,
        "starting_lineup": false
      },
      {
        "number": "33",
        "name": "Diego Seoane",
        "substituted_in": true,
        "starting_lineup": false
      },
      {
        "number": "11",
        "name": "Riki",
        "substituted_in": true,
        "starting_lineup": false
      }
    ],
    "away_players": [
      {
        "number": "13",
        "name": "David de Gea",
        "substituted_in": true,
        "starting_lineup": true
      },
      {
        "number": "15",
        "name": "Diego Godín",
        "substituted_in": true,
        "starting_lineup": true
      },
      {
        "number": "21",
        "name": "Luis Amaranto Perea",
        "substituted_in": true,
        "starting_lineup": true
      },
      {
        "number": "14",
        "name": "Filipe Luís",
        "substituted_in": true,
        "starting_lineup": true
      },
      {
        "number": "17",
        "name": "Tomas Ujfalusi",
        "substituted_in": true,
        "starting_lineup": true
      },
      {
        "number": "4",
        "name": "Mario Suárez",
        "substituted_in": true,
        "starting_lineup": true
      },
      {
        "number": "5",
        "name": "Tiago Mendes",
        "substituted_in": true,
        "starting_lineup": true
      },
      {
        "number": "9",
        "name": "Elias",
        "substituted_in": true,
        "starting_lineup": true
      },
      {
        "number": "19",
        "name": "José Antonio Reyes",
        "substituted_in": true,
        "starting_lineup": true
      },
      {
        "number": "10",
        "name": "Sergio Agüero",
        "substituted_in": true,
        "starting_lineup": true
      },
      {
        "number": "22",
        "name": "Diego Costa",
        "substituted_in": true,
        "starting_lineup": true
      },
      {
        "number": "20",
        "name": "Juanfran Torres",
        "substituted_in": true,
        "starting_lineup": false
      },
      {
        "number": "8",
        "name": "Raúl García",
        "substituted_in": true,
        "starting_lineup": false
      },
      {
        "number": "7",
        "name": "Diego Forlán",
        "substituted_in": true,
        "starting_lineup": false
      }
    ]
  },
  {
    "url": "https://www.transfermarkt.pl/levante-ud_atlético-madryt/aufstellung/spielbericht/1036209",
    "match_id": "1036209",
    "date": "sob., 04.12.2010",
    "competition": "LALIGA",
    "matchday": "14. Kolejka",
    "home_team": "Levante UD",
    "away_team": "Atlético Madryt",
    "home_players": [
      {
        "number": "1",
        "name": "Manolo Reina",
        "substituted_in": true,
        "starting_lineup": true
      },
      {
        "number": "3",
        "name": "Nano Rivas",
        "substituted_in": true,
        "starting_lineup": true
      },
      {
        "number": "18",
        "name": "Sergio Ballesteros",
        "substituted_in": true,
        "starting_lineup": true
      },
      {
        "number": "12",
        "name": "Juanfran",
        "substituted_in": true,
        "starting_lineup": true
      },
      {
        "number": "17",
        "name": "Javi Venta",
        "substituted_in": true,
        "starting_lineup": true
      },
      {
        "number": "14",
        "name": "Xavi Torres",
        "substituted_in": true,
        "starting_lineup": true
      },
      {
        "number": "6",
        "name": "Miguel Pallardó",
        "substituted_in": true,
        "starting_lineup": true
      },
      {
        "number": "21",
        "name": "Rubén Suárez",
        "substituted_in": true,
        "starting_lineup": true
      },
      {
        "number": "20",
        "name": "Juanlu",
        "substituted_in": true,
        "starting_lineup": true
      },
      {
        "number": "7",
        "name": "Xisco Nadal",
        "substituted_in": true,
        "starting_lineup": true
      },
      {
        "number": "25",
        "name": "Felipe Caicedo",
        "substituted_in": true,
        "starting_lineup": true
      },
      {
        "number": "5",
        "name": "Miquel Robusté",
        "substituted_in": true,
        "starting_lineup": false
      },
      {
        "number": "8",
        "name": "Gorka Larrea",
        "substituted_in": true,
        "starting_lineup": false
      },
      {
        "number": "9",
        "name": "Rafa Jordá",
        "substituted_in": true,
        "starting_lineup": false
      }
    ],
    "away_players": [
      {
        "number": "13",
        "name": "David de Gea",
        "substituted_in": true,
        "starting_lineup": true
      },
      {
        "number": "15",
        "name": "Diego Godín",
        "substituted_in": true,
        "starting_lineup": true
      },
      {
        "number": "21",
        "name": "Luis Amaranto Perea",
        "substituted_in": true,
        "starting_lineup": true
      },
      {
        "number": "3",
        "name": "Antonio López",
        "substituted_in": true,
        "starting_lineup": true
      },
      {
        "number": "17",
        "name": "Tomas Ujfalusi",
        "substituted_in": true,
        "starting_lineup": true
      },
      {
        "number": "12",
        "name": "Paulo Assunção",
        "substituted_in": true,
        "starting_lineup": true
      },
      {
        "number": "8",
        "name": "Raúl García",
        "substituted_in": true,
        "starting_lineup": true
      },
      {
        "number": "20",
        "name": "Simão",
        "substituted_in": true,
        "starting_lineup": true
      },
      {
        "number": "19",
        "name": "José Antonio Reyes",
        "substituted_in": true,
        "starting_lineup": true
      },
      {
        "number": "7",
        "name": "Diego Forlán",
        "substituted_in": true,
        "starting_lineup": true
      },
      {
        "number": "10",
        "name": "Sergio Agüero",
        "substituted_in": true,
        "starting_lineup": true
      },
      {
        "number": "4",
        "name": "Mario Suárez",
        "substituted_in": true,
        "starting_lineup": false
      },
      {
        "number": "11",
        "name": "Fran Mérida",
        "substituted_in": true,
        "starting_lineup": false
      },
      {
        "number": "22",
        "name": "Diego Costa",
        "substituted_in": true,
        "starting_lineup": false
      }
    ]
  },
  {
    "url": "https://www.transfermarkt.pl/aris-saloniki_atlético-madryt/aufstellung/spielbericht/1053768",
    "match_id": "1053768",
    "date": "czw., 16.09.2010",
    "competition": "Unknown",
    "matchday": "Unknown",
    "home_team": "Aris Saloniki",
    "away_team": "Atlético Madryt",
    "home_players": [
      {
        "number": "13",
        "name": "Michalis Sifakis",
        "substituted_in": true,
        "starting_lineup": true
      },
      {
        "number": "24",
        "name": "Nikolaos Lazaridis",
        "substituted_in": true,
        "starting_lineup": true
      },
      {
        "number": "5",
        "name": "Ronaldo",
        "substituted_in": true,
        "starting_lineup": true
      },
      {
        "number": "16",
        "name": "Michel",
        "substituted_in": true,
        "starting_lineup": true
      },
      {
        "number": "32",
        "name": "Kristi Vangjeli",
        "substituted_in": true,
        "starting_lineup": true
      },
      {
        "number": "14",
        "name": "Ricardo Faty",
        "substituted_in": true,
        "starting_lineup": true
      },
      {
        "number": "55",
        "name": "Athanasios Prittas",
        "substituted_in": true,
        "starting_lineup": true
      },
      {
        "number": "20",
        "name": "Javito",
        "substituted_in": true,
        "starting_lineup": true
      },
      {
        "number": "19",
        "name": "Konstantinos Mendrinos",
        "substituted_in": true,
        "starting_lineup": true
      },
      {
        "number": "10",
        "name": "Koke",
        "substituted_in": true,
        "starting_lineup": true
      },
      {
        "number": "11",
        "name": "Carlos Ruiz",
        "substituted_in": true,
        "starting_lineup": true
      },
      {
        "number": "17",
        "name": "Konstantinos Kaznaferis",
        "substituted_in": true,
        "starting_lineup": false
      }
    ],
    "away_players": [
      {
        "number": "13",
        "name": "David de Gea",
        "substituted_in": true,
        "starting_lineup": true
      },
      {
        "number": "18",
        "name": "Álvaro Domínguez",
        "substituted_in": true,
        "starting_lineup": true
      },
      {
        "number": "15",
        "name": "Diego Godín",
        "substituted_in": true,
        "starting_lineup": true
      },
      {
        "number": "3",
        "name": "Antonio López",
        "substituted_in": true,
        "starting_lineup": true
      },
      {
        "number": "2",
        "name": "Juan Valera",
        "substituted_in": true,
        "starting_lineup": true
      },
      {
        "number": "6",
        "name": "Ignacio Camacho",
        "substituted_in": true,
        "starting_lineup": true
      },
      {
        "number": "8",
        "name": "Raúl García",
        "substituted_in": true,
        "starting_lineup": true
      },
      {
        "number": "5",
        "name": "Tiago Mendes",
        "substituted_in": true,
        "starting_lineup": true
      },
      {
        "number": "20",
        "name": "Simão",
        "substituted_in": true,
        "starting_lineup": true
      },
      {
        "number": "11",
        "name": "Fran Mérida",
        "substituted_in": true,
        "starting_lineup": true
      },
      {
        "number": "7",
        "name": "Diego Forlán",
        "substituted_in": true,
        "starting_lineup": true
      },
      {
        "number": "4",
        "name": "Mario Suárez",
        "substituted_in": true,
        "starting_lineup": false
      },
      {
        "number": "19",
        "name": "José Antonio Reyes",
        "substituted_in": true,
        "starting_lineup": false
      },
      {
        "number": "22",
        "name": "Diego Costa",
        "substituted_in": true,
        "starting_lineup": false
      }
    ]
  },
  {
    "url": "https://www.transfermarkt.pl/atlético-madryt_getafe-cf/aufstellung/spielbericht/1036135",
    "match_id": "1036135",
    "date": "sob., 16.10.2010",
    "competition": "LALIGA",
    "matchday": "7. Kolejka",
    "home_team": "Atlético Madryt",
    "away_team": "Getafe CF",
    "home_players": [
      {
        "number": "13",
        "name": "David de Gea",
        "substituted_in": true,
        "starting_lineup": true
      },
      {
        "number": "17",
        "name": "Tomas Ujfalusi",
        "substituted_in": true,
        "starting_lineup": true
      },
      {
        "number": "21",
        "name": "Luis Amaranto Perea",
        "substituted_in": true,
        "starting_lineup": true
      },
      {
        "number": "14",
        "name": "Filipe Luís",
        "substituted_in": true,
        "starting_lineup": true
      },
      {
        "number": "2",
        "name": "Juan Valera",
        "substituted_in": true,
        "starting_lineup": true
      },
      {
        "number": "12",
        "name": "Paulo Assunção",
        "substituted_in": true,
        "starting_lineup": true
      },
      {
        "number": "5",
        "name": "Tiago Mendes",
        "substituted_in": true,
        "starting_lineup": true
      },
      {
        "number": "11",
        "name": "Fran Mérida",
        "substituted_in": true,
        "starting_lineup": true
      },
      {
        "number": "20",
        "name": "Simão",
        "substituted_in": true,
        "starting_lineup": true
      },
      {
        "number": "19",
        "name": "José Antonio Reyes",
        "substituted_in": true,
        "starting_lineup": true
      },
      {
        "number": "22",
        "name": "Diego Costa",
        "substituted_in": true,
        "starting_lineup": true
      },
      {
        "number": "4",
        "name": "Mario Suárez",
        "substituted_in": true,
        "starting_lineup": false
      },
      {
        "number": "8",
        "name": "Raúl García",
        "substituted_in": true,
        "starting_lineup": false
      },
      {
        "number": "7",
        "name": "Diego Forlán",
        "substituted_in": true,
        "starting_lineup": false
      }
    ],
    "away_players": [
      {
        "number": "13",
        "name": "Jordi Codina",
        "substituted_in": true,
        "starting_lineup": true
      },
      {
        "number": "23",
        "name": "Iván Marcano",
        "substituted_in": true,
        "starting_lineup": true
      },
      {
        "number": "2",
        "name": "Cata Díaz",
        "substituted_in": true,
        "starting_lineup": true
      },
      {
        "number": "3",
        "name": "Mané",
        "substituted_in": true,
        "starting_lineup": true
      },
      {
        "number": "24",
        "name": "Miguel Torres",
        "substituted_in": true,
        "starting_lineup": true
      },
      {
        "number": "18",
        "name": "Derek Boateng",
        "substituted_in": true,
        "starting_lineup": true
      },
      {
        "number": "17",
        "name": "Víctor Sánchez",
        "substituted_in": true,
        "starting_lineup": true
      },
      {
        "number": "11",
        "name": "Dani Parejo",
        "substituted_in": true,
        "starting_lineup": true
      },
      {
        "number": "14",
        "name": "Manu del Moral",
        "substituted_in": true,
        "starting_lineup": true
      },
      {
        "number": "16",
        "name": "Pedro Ríos",
        "substituted_in": true,
        "starting_lineup": true
      },
      {
        "number": "9",
        "name": "Adrián Colunga",
        "substituted_in": true,
        "starting_lineup": true
      },
      {
        "number": "15",
        "name": "Rafa López",
        "substituted_in": true,
        "starting_lineup": false
      },
      {
        "number": "22",
        "name": "Javi Casquero",
        "substituted_in": true,
        "starting_lineup": false
      },
      {
        "number": "8",
        "name": "Jaime Gavilán",
        "substituted_in": true,
        "starting_lineup": false
      }
    ]
  },
  {
    "url": "https://www.transfermarkt.pl/universidad-de-las-palmas_atlético-madryt/aufstellung/spielbericht/1055150",
    "match_id": "1055150",
    "date": "śr., 27.10.2010",
    "competition": "Unknown",
    "matchday": "Unknown",
    "home_team": "Universidad de Las Palmas",
    "away_team": "Atlético Madryt",
    "home_players": [],
    "away_players": [
      {
        "number": "-",
        "name": "David de Gea",
        "substituted_in": true,
        "starting_lineup": true
      },
      {
        "number": "-",
        "name": "Diego Godín",
        "substituted_in": true,
        "starting_lineup": true
      },
      {
        "number": "-",
        "name": "Luis Amaranto Perea",
        "substituted_in": true,
        "starting_lineup": true
      },
      {
        "number": "-",
        "name": "Tomas Ujfalusi",
        "substituted_in": true,
        "starting_lineup": true
      },
      {
        "number": "-",
        "name": "Antonio López",
        "substituted_in": true,
        "starting_lineup": true
      },
      {
        "number": "-",
        "name": "Ignacio Camacho",
        "substituted_in": true,
        "starting_lineup": true
      },
      {
        "number": "-",
        "name": "Mario Suárez",
        "substituted_in": true,
        "starting_lineup": true
      },
      {
        "number": "-",
        "name": "Fran Mérida",
        "substituted_in": true,
        "starting_lineup": true
      },
      {
        "number": "-",
        "name": "Raúl García",
        "substituted_in": true,
        "starting_lineup": true
      },
      {
        "number": "-",
        "name": "Sergio Agüero",
        "substituted_in": true,
        "starting_lineup": true
      },
      {
        "number": "-",
        "name": "Diego Costa",
        "substituted_in": true,
        "starting_lineup": true
      },
      {
        "number": "-",
        "name": "Filipe Luís",
        "substituted_in": true,
        "starting_lineup": false
      },
      {
        "number": "-",
        "name": "Alberto Perea",
        "substituted_in": true,
        "starting_lineup": false
      },
      {
        "number": "-",
        "name": "José Antonio Reyes",
        "substituted_in": true,
        "starting_lineup": false
      }
    ]
  },
  {
    "url": "https://www.transfermarkt.pl/atlético-madryt_athletic-bilbao/aufstellung/spielbericht/1036278",
    "match_id": "1036278",
    "date": "niedz., 30.01.2011",
    "competition": "LALIGA",
    "matchday": "21. Kolejka",
    "home_team": "Atlético Madryt",
    "away_team": "Athletic Bilbao",
    "home_players": [
      {
        "number": "13",
        "name": "David de Gea",
        "substituted_in": true,
        "starting_lineup": true
      },
      {
        "number": "15",
        "name": "Diego Godín",
        "substituted_in": true,
        "starting_lineup": true
      },
      {
        "number": "21",
        "name": "Luis Amaranto Perea",
        "substituted_in": true,
        "starting_lineup": true
      },
      {
        "number": "14",
        "name": "Filipe Luís",
        "substituted_in": true,
        "starting_lineup": true
      },
      {
        "number": "17",
        "name": "Tomas Ujfalusi",
        "substituted_in": true,
        "starting_lineup": true
      },
      {
        "number": "12",
        "name": "Paulo Assunção",
        "substituted_in": true,
        "starting_lineup": true
      },
      {
        "number": "5",
        "name": "Tiago Mendes",
        "substituted_in": true,
        "starting_lineup": true
      },
      {
        "number": "9",
        "name": "Elias",
        "substituted_in": true,
        "starting_lineup": true
      },
      {
        "number": "19",
        "name": "José Antonio Reyes",
        "substituted_in": true,
        "starting_lineup": true
      },
      {
        "number": "7",
        "name": "Diego Forlán",
        "substituted_in": true,
        "starting_lineup": true
      },
      {
        "number": "10",
        "name": "Sergio Agüero",
        "substituted_in": true,
        "starting_lineup": true
      },
      {
        "number": "18",
        "name": "Álvaro Domínguez",
        "substituted_in": true,
        "starting_lineup": false
      },
      {
        "number": "20",
        "name": "Juanfran Torres",
        "substituted_in": true,
        "starting_lineup": false
      },
      {
        "number": "22",
        "name": "Diego Costa",
        "substituted_in": true,
        "starting_lineup": false
      }
    ],
    "away_players": [
      {
        "number": "1",
        "name": "Gorka Iraizoz",
        "substituted_in": true,
        "starting_lineup": true
      },
      {
        "number": "32",
        "name": "Borja Ekiza",
        "substituted_in": true,
        "starting_lineup": true
      },
      {
        "number": "6",
        "name": "Mikel San José",
        "substituted_in": true,
        "starting_lineup": true
      },
      {
        "number": "3",
        "name": "Koikili",
        "substituted_in": true,
        "starting_lineup": true
      },
      {
        "number": "15",
        "name": "Andoni Iraola",
        "substituted_in": true,
        "starting_lineup": true
      },
      {
        "number": "18",
        "name": "Carlos Gurpegui",
        "substituted_in": true,
        "starting_lineup": true
      },
      {
        "number": "24",
        "name": "Javi Martínez",
        "substituted_in": true,
        "starting_lineup": true
      },
      {
        "number": "7",
        "name": "David López",
        "substituted_in": true,
        "starting_lineup": true
      },
      {
        "number": "27",
        "name": "Iker Muniain",
        "substituted_in": true,
        "starting_lineup": true
      },
      {
        "number": "2",
        "name": "Gaizka Toquero",
        "substituted_in": true,
        "starting_lineup": true
      },
      {
        "number": "9",
        "name": "Fernando Llorente",
        "substituted_in": true,
        "starting_lineup": true
      },
      {
        "number": "8",
        "name": "Ander Iturraspe",
        "substituted_in": true,
        "starting_lineup": false
      },
      {
        "number": "16",
        "name": "Pablo Orbaiz",
        "substituted_in": true,
        "starting_lineup": false
      },
      {
        "number": "14",
        "name": "Markel Susaeta",
        "substituted_in": true,
        "starting_lineup": false
      }
    ]
  }
]