[
  {
    "url": "https://www.transfermarkt.pl/atlético-madryt_ud-las-palmas/aufstellung/spielbericht/4407695",
    "match_id": "4407695",
    "date": "niedz., 03.11.2024",
    "competition": "LALIGA",
    "matchday": "12. Kolejka",
    "home_team": "Atlético Madryt",
    "away_team": "UD Las Palmas",
    "home_players": [
      {
        "number": "13",
        "name": "Jan Oblak",
        "substituted_in": true,
        "starting_lineup": true
      },
      {
        "number": "15",
        "name": "Clément Lenglet",
        "substituted_in": true,
        "starting_lineup": true
      },
      {
        "number": "2",
        "name": "José María Giménez",
        "substituted_in": true,
        "starting_lineup": true
      },
      {
        "number": "21",
        "name": "Javi Galán",
        "substituted_in": true,
        "starting_lineup": true
      },
      {
        "number": "16",
        "name": "Nahuel Molina",
        "substituted_in": true,
        "starting_lineup": true
      },
      {
        "number": "6",
        "name": "Koke",
        "substituted_in": true,
        "starting_lineup": true
      },
      {
        "number": "8",
        "name": "Pablo Barrios",
        "substituted_in": true,
        "starting_lineup": true
      },
      {
        "number": "12",
        "name": "Samuel Lino",
        "substituted_in": true,
        "starting_lineup": true
      },
      {
        "number": "22",
        "name": "Giuliano Simeone",
        "substituted_in": true,
        "starting_lineup": true
      },
      {
        "number": "7",
        "name": "Antoine Griezmann",
        "substituted_in": true,
        "starting_lineup": true
      },
      {
        "number": "19",
        "name": "Julián Alvarez",
        "substituted_in": true,
        "starting_lineup": true
      },
      {
        "number": "23",
        "name": "Reinildo Mandava",
        "substituted_in": true,
        "starting_lineup": false
      },
      {
        "number": "20",
        "name": "Axel Witsel",
        "substituted_in": true,
        "starting_lineup": false
      },
      {
        "number": "4",
        "name": "Conor Gallagher",
        "substituted_in": true,
        "starting_lineup": false
      },
      {
        "number": "5",
        "name": "Rodrigo De Paul",
        "substituted_in": true,
        "starting_lineup": false
      },
      {
        "number": "10",
        "name": "Ángel Correa",
        "substituted_in": true,
        "starting_lineup": false
      },
      {
        "number": "9",
        "name": "Alexander Sørloth",
        "substituted_in": true,
        "starting_lineup": false
      }
    ],
    "away_players": [
      {
        "number": "1",
        "name": "Jasper Cillessen",
        "substituted_in": true,
        "starting_lineup": true
      },
      {
        "number": "15",
        "name": "Scott McKenna",
        "substituted_in": true,
        "starting_lineup": true
      },
      {
        "number": "4",
        "name": "Álex Suárez",
        "substituted_in": true,
        "starting_lineup": true
      },
      {
        "number": "23",
        "name": "Álex Muñoz",
        "substituted_in": true,
        "starting_lineup": true
      },
      {
        "number": "18",
        "name": "Viti Rozada",
        "substituted_in": true,
        "starting_lineup": true
      },
      {
        "number": "29",
        "name": "Dário Essugo",
        "substituted_in": true,
        "starting_lineup": true
      },
      {
        "number": "8",
        "name": "José Campaña",
        "substituted_in": true,
        "starting_lineup": true
      },
      {
        "number": "20",
        "name": "Kirian Rodríguez",
        "substituted_in": true,
        "starting_lineup": true
      },
      {
        "number": "10",
        "name": "Alberto Moleiro",
        "substituted_in": true,
        "starting_lineup": true
      },
      {
        "number": "19",
        "name": "Sandro Ramírez",
        "substituted_in": true,
        "starting_lineup": true
      },
      {
        "number": "37",
        "name": "Fábio Silva",
        "substituted_in": true,
        "starting_lineup": true
      },
      {
        "number": "13",
        "name": "Dinko Horkas",
        "substituted_in": true,
        "starting_lineup": false
      },
      {
        "number": "3",
        "name": "Mika Mármol",
        "substituted_in": true,
        "starting_lineup": false
      },
      {
        "number": "5",
        "name": "Javi Muñoz",
        "substituted_in": true,
        "starting_lineup": false
      },
      {
        "number": "14",
        "name": "Manu Fuster",
        "substituted_in": true,
        "starting_lineup": false
      },
      {
        "number": "16",
        "name": "Oli McBurnie",
        "substituted_in": true,
        "starting_lineup": false
      },
      {
        "number": "17",
        "name": "Jaime Mata",
        "substituted_in": true,
        "starting_lineup": false
      }
    ]
  },
  {
    "url": "https://www.transfermarkt.pl/atlético-madryt_valencia-cf/aufstellung/spielbericht/4405319",
    "match_id": "4405319",
    "date": "niedz., 15.09.2024",
    "competition": "LALIGA",
    "matchday": "5. Kolejka",
    "home_team": "Atlético Madryt",
    "away_team": "Valencia CF",
    "home_players": [
      {
        "number": "13",
        "name": "Jan Oblak",
        "substituted_in": true,
        "starting_lineup": true
      },
      {
        "number": "2",
        "name": "José María Giménez",
        "substituted_in": true,
        "starting_lineup": true
      },
      {
        "number": "3",
        "name": "César Azpilicueta",
        "substituted_in": true,
        "starting_lineup": true
      },
      {
        "number": "24",
        "name": "Robin Le Normand",
        "substituted_in": true,
        "starting_lineup": true
      },
      {
        "number": "4",
        "name": "Conor Gallagher",
        "substituted_in": true,
        "starting_lineup": true
      },
      {
        "number": "5",
        "name": "Rodrigo De Paul",
        "substituted_in": true,
        "starting_lineup": true
      },
      {
        "number": "6",
        "name": "Koke",
        "substituted_in": true,
        "starting_lineup": true
      },
      {
        "number": "14",
        "name": "Marcos Llorente",
        "substituted_in": true,
        "starting_lineup": true
      },
      {
        "number": "12",
        "name": "Samuel Lino",
        "substituted_in": true,
        "starting_lineup": true
      },
      {
        "number": "7",
        "name": "Antoine Griezmann",
        "substituted_in": true,
        "starting_lineup": true
      },
      {
        "number": "9",
        "name": "Alexander Sørloth",
        "substituted_in": true,
        "starting_lineup": true
      },
      {
        "number": "23",
        "name": "Reinildo Mandava",
        "substituted_in": true,
        "starting_lineup": false
      },
      {
        "number": "17",
        "name": "Rodrigo Riquelme",
        "substituted_in": true,
        "starting_lineup": false
      },
      {
        "number": "10",
        "name": "Ángel Correa",
        "substituted_in": true,
        "starting_lineup": false
      },
      {
        "number": "22",
        "name": "Giuliano Simeone",
        "substituted_in": true,
        "starting_lineup": false
      },
      {
        "number": "19",
        "name": "Julián Alvarez",
        "substituted_in": true,
        "starting_lineup": false
      }
    ],
    "away_players": [
      {
        "number": "25",
        "name": "Giorgi Mamardashvili",
        "substituted_in": true,
        "starting_lineup": true
      },
      {
        "number": "3",
        "name": "Cristhian Mosquera",
        "substituted_in": true,
        "starting_lineup": true
      },
      {
        "number": "15",
        "name": "César Tárrega",
        "substituted_in": true,
        "starting_lineup": true
      },
      {
        "number": "12",
        "name": "Thierry Correia",
        "substituted_in": true,
        "starting_lineup": true
      },
      {
        "number": "20",
        "name": "Dimitri Foulquier",
        "substituted_in": true,
        "starting_lineup": true
      },
      {
        "number": "6",
        "name": "Hugo Guillamón",
        "substituted_in": true,
        "starting_lineup": true
      },
      {
        "number": "18",
        "name": "Pepelu",
        "substituted_in": true,
        "starting_lineup": true
      },
      {
        "number": "8",
        "name": "Javi Guerra",
        "substituted_in": true,
        "starting_lineup": true
      },
      {
        "number": "22",
        "name": "Luis Rioja",
        "substituted_in": true,
        "starting_lineup": true
      },
      {
        "number": "16",
        "name": "Diego López",
        "substituted_in": true,
        "starting_lineup": true
      },
      {
        "number": "17",
        "name": "Dani Gómez",
        "substituted_in": true,
        "starting_lineup": true
      },
      {
        "number": "21",
        "name": "Jesús Vázquez",
        "substituted_in": true,
        "starting_lineup": false
      },
      {
        "number": "5",
        "name": "Enzo Barrenechea",
        "substituted_in": true,
        "starting_lineup": false
      },
      {
        "number": "32",
        "name": "Martín Tejón",
        "substituted_in": true,
        "starting_lineup": false
      },
      {
        "number": "7",
        "name": "Sergi Canós",
        "substituted_in": true,
        "starting_lineup": false
      },
      {
        "number": "30",
        "name": "Germán Valera",
        "substituted_in": true,
        "starting_lineup": false
      }
    ]
  },
  {
    "url": "https://www.transfermarkt.pl/atlético-madryt_fc-barcelona/aufstellung/spielbericht/4557608",
    "match_id": "4557608",
    "date": "śr., 02.04.2025",
    "competition": "Unknown",
    "matchday": "Unknown",
    "home_team": "Atlético Madryt",
    "away_team": "FC Barcelona",
    "home_players": [
      {
        "number": "1",
        "name": "Juan Musso",
        "substituted_in": true,
        "starting_lineup": true
      },
      {
        "number": "2",
        "name": "José María Giménez",
        "substituted_in": true,
        "starting_lineup": true
      },
      {
        "number": "24",
        "name": "Robin Le Normand",
        "substituted_in": true,
        "starting_lineup": true
      },
      {
        "number": "23",
        "name": "Reinildo Mandava",
        "substituted_in": true,
        "starting_lineup": true
      },
      {
        "number": "3",
        "name": "César Azpilicueta",
        "substituted_in": true,
        "starting_lineup": true
      },
      {
        "number": "5",
        "name": "Rodrigo De Paul",
        "substituted_in": true,
        "starting_lineup": true
      },
      {
        "number": "8",
        "name": "Pablo Barrios",
        "substituted_in": true,
        "starting_lineup": true
      },
      {
        "number": "14",
        "name": "Marcos Llorente",
        "substituted_in": true,
        "starting_lineup": true
      },
      {
        "number": "22",
        "name": "Giuliano Simeone",
        "substituted_in": true,
        "starting_lineup": true
      },
      {
        "number": "7",
        "name": "Antoine Griezmann",
        "substituted_in": true,
        "starting_lineup": true
      },
      {
        "number": "19",
        "name": "Julián Alvarez",
        "substituted_in": true,
        "starting_lineup": true
      },
      {
        "number": "15",
        "name": "Clément Lenglet",
        "substituted_in": true,
        "starting_lineup": false
      },
      {
        "number": "21",
        "name": "Javi Galán",
        "substituted_in": true,
        "starting_lineup": false
      },
      {
        "number": "16",
        "name": "Nahuel Molina",
        "substituted_in": true,
        "starting_lineup": false
      },
      {
        "number": "17",
        "name": "Rodrigo Riquelme",
        "substituted_in": true,
        "starting_lineup": false
      },
      {
        "number": "9",
        "name": "Alexander Sørloth",
        "substituted_in": true,
        "starting_lineup": false
      }
    ],
    "away_players": [
      {
        "number": "25",
        "name": "Wojciech Szczesny",
        "substituted_in": true,
        "starting_lineup": true
      },
      {
        "number": "5",
        "name": "Iñigo Martínez",
        "substituted_in": true,
        "starting_lineup": true
      },
      {
        "number": "2",
        "name": "Pau Cubarsí",
        "substituted_in": true,
        "starting_lineup": true
      },
      {
        "number": "3",
        "name": "Alejandro Balde",
        "substituted_in": true,
        "starting_lineup": true
      },
      {
        "number": "23",
        "name": "Jules Koundé",
        "substituted_in": true,
        "starting_lineup": true
      },
      {
        "number": "8",
        "name": "Pedri",
        "substituted_in": true,
        "starting_lineup": true
      },
      {
        "number": "21",
        "name": "Frenkie de Jong",
        "substituted_in": true,
        "starting_lineup": true
      },
      {
        "number": "16",
        "name": "Fermín López",
        "substituted_in": true,
        "starting_lineup": true
      },
      {
        "number": "11",
        "name": "Raphinha",
        "substituted_in": true,
        "starting_lineup": true
      },
      {
        "number": "19",
        "name": "Lamine Yamal",
        "substituted_in": true,
        "starting_lineup": true
      },
      {
        "number": "7",
        "name": "Ferran Torres",
        "substituted_in": true,
        "starting_lineup": true
      },
      {
        "number": "4",
        "name": "Ronald Araujo",
        "substituted_in": true,
        "starting_lineup": false
      },
      {
        "number": "24",
        "name": "Eric García",
        "substituted_in": true,
        "starting_lineup": false
      },
      {
        "number": "35",
        "name": "Gerard Martín",
        "substituted_in": true,
        "starting_lineup": false
      },
      {
        "number": "9",
        "name": "Robert Lewandowski",
        "substituted_in": true,
        "starting_lineup": false
      }
    ]
  },
  {
    "url": "https://www.transfermarkt.pl/ud-las-palmas_atlético-madryt/aufstellung/spielbericht/4407638",
    "match_id": "4407638",
    "date": "sob., 19.04.2025",
    "competition": "LALIGA",
    "matchday": "32. Kolejka",
    "home_team": "UD Las Palmas",
    "away_team": "Atlético Madryt",
    "home_players": [
      {
        "number": "13",
        "name": "Dinko Horkas",
        "substituted_in": true,
        "starting_lineup": true
      },
      {
        "number": "15",
        "name": "Scott McKenna",
        "substituted_in": true,
        "starting_lineup": true
      },
      {
        "number": "4",
        "name": "Álex Suárez",
        "substituted_in": true,
        "starting_lineup": true
      },
      {
        "number": "3",
        "name": "Mika Mármol",
        "substituted_in": true,
        "starting_lineup": true
      },
      {
        "number": "18",
        "name": "Viti Rozada",
        "substituted_in": true,
        "starting_lineup": true
      },
      {
        "number": "21",
        "name": "Stefan Bajcetic",
        "substituted_in": true,
        "starting_lineup": true
      },
      {
        "number": "29",
        "name": "Dário Essugo",
        "substituted_in": true,
        "starting_lineup": true
      },
      {
        "number": "10",
        "name": "Alberto Moleiro",
        "substituted_in": true,
        "starting_lineup": true
      },
      {
        "number": "5",
        "name": "Javi Muñoz",
        "substituted_in": true,
        "starting_lineup": true
      },
      {
        "number": "16",
        "name": "Oli McBurnie",
        "substituted_in": true,
        "starting_lineup": true
      },
      {
        "number": "37",
        "name": "Fábio Silva",
        "substituted_in": true,
        "starting_lineup": true
      },
      {
        "number": "2",
        "name": "Marvin Park",
        "substituted_in": true,
        "starting_lineup": false
      },
      {
        "number": "8",
        "name": "José Campaña",
        "substituted_in": true,
        "starting_lineup": false
      },
      {
        "number": "17",
        "name": "Jaime Mata",
        "substituted_in": true,
        "starting_lineup": false
      },
      {
        "number": "19",
        "name": "Sandro Ramírez",
        "substituted_in": true,
        "starting_lineup": false
      }
    ],
    "away_players": [
      {
        "number": "13",
        "name": "Jan Oblak",
        "substituted_in": true,
        "starting_lineup": true
      },
      {
        "number": "2",
        "name": "José María Giménez",
        "substituted_in": true,
        "starting_lineup": true
      },
      {
        "number": "24",
        "name": "Robin Le Normand",
        "substituted_in": true,
        "starting_lineup": true
      },
      {
        "number": "21",
        "name": "Javi Galán",
        "substituted_in": true,
        "starting_lineup": true
      },
      {
        "number": "14",
        "name": "Marcos Llorente",
        "substituted_in": true,
        "starting_lineup": true
      },
      {
        "number": "6",
        "name": "Koke",
        "substituted_in": true,
        "starting_lineup": true
      },
      {
        "number": "8",
        "name": "Pablo Barrios",
        "substituted_in": true,
        "starting_lineup": true
      },
      {
        "number": "4",
        "name": "Conor Gallagher",
        "substituted_in": true,
        "starting_lineup": true
      },
      {
        "number": "22",
        "name": "Giuliano Simeone",
        "substituted_in": true,
        "starting_lineup": true
      },
      {
        "number": "9",
        "name": "Alexander Sørloth",
        "substituted_in": true,
        "starting_lineup": true
      },
      {
        "number": "19",
        "name": "Julián Alvarez",
        "substituted_in": true,
        "starting_lineup": true
      },
      {
        "number": "3",
        "name": "César Azpilicueta",
        "substituted_in": true,
        "starting_lineup": false
      },
      {
        "number": "5",
        "name": "Rodrigo De Paul",
        "substituted_in": true,
        "starting_lineup": false
      },
      {
        "number": "17",
        "name": "Rodrigo Riquelme",
        "substituted_in": true,
        "starting_lineup": false
      },
      {
        "number": "10",
        "name": "Ángel Correa",
        "substituted_in": true,
        "starting_lineup": false
      },
      {
        "number": "7",
        "name": "Antoine Griezmann",
        "substituted_in": true,
        "starting_lineup": false
      }
    ]
  },
  {
    "url": "https://www.transfermarkt.pl/atlético-madryt_sevilla-fc/aufstellung/spielbericht/4407685",
    "match_id": "4407685",
    "date": "niedz., 08.12.2024",
    "competition": "LALIGA",
    "matchday": "16. Kolejka",
    "home_team": "Atlético Madryt",
    "away_team": "Sevilla FC",
    "home_players": [
      {
        "number": "13",
        "name": "Jan Oblak",
        "substituted_in": true,
        "starting_lineup": true
      },
      {
        "number": "15",
        "name": "Clément Lenglet",
        "substituted_in": true,
        "starting_lineup": true
      },
      {
        "number": "2",
        "name": "José María Giménez",
        "substituted_in": true,
        "starting_lineup": true
      },
      {
        "number": "21",
        "name": "Javi Galán",
        "substituted_in": true,
        "starting_lineup": true
      },
      {
        "number": "14",
        "name": "Marcos Llorente",
        "substituted_in": true,
        "starting_lineup": true
      },
      {
        "number": "5",
        "name": "Rodrigo De Paul",
        "substituted_in": true,
        "starting_lineup": true
      },
      {
        "number": "8",
        "name": "Pablo Barrios",
        "substituted_in": true,
        "starting_lineup": true
      },
      {
        "number": "4",
        "name": "Conor Gallagher",
        "substituted_in": true,
        "starting_lineup": true
      },
      {
        "number": "22",
        "name": "Giuliano Simeone",
        "substituted_in": true,
        "starting_lineup": true
      },
      {
        "number": "7",
        "name": "Antoine Griezmann",
        "substituted_in": true,
        "starting_lineup": true
      },
      {
        "number": "19",
        "name": "Julián Alvarez",
        "substituted_in": true,
        "starting_lineup": true
      },
      {
        "number": "20",
        "name": "Axel Witsel",
        "substituted_in": true,
        "starting_lineup": false
      },
      {
        "number": "6",
        "name": "Koke",
        "substituted_in": true,
        "starting_lineup": false
      },
      {
        "number": "12",
        "name": "Samuel Lino",
        "substituted_in": true,
        "starting_lineup": false
      },
      {
        "number": "10",
        "name": "Ángel Correa",
        "substituted_in": true,
        "starting_lineup": false
      },
      {
        "number": "9",
        "name": "Alexander Sørloth",
        "substituted_in": true,
        "starting_lineup": false
      }
    ],
    "away_players": [
      {
        "number": "1",
        "name": "Álvaro Fernández",
        "substituted_in": true,
        "starting_lineup": true
      },
      {
        "number": "22",
        "name": "Loïc Badé",
        "substituted_in": true,
        "starting_lineup": true
      },
      {
        "number": "6",
        "name": "Nemanja Gudelj",
        "substituted_in": true,
        "starting_lineup": true
      },
      {
        "number": "4",
        "name": "Kike Salas",
        "substituted_in": true,
        "starting_lineup": true
      },
      {
        "number": "32",
        "name": "José Ángel Carmona",
        "substituted_in": true,
        "starting_lineup": true
      },
      {
        "number": "18",
        "name": "Lucien Agoumé",
        "substituted_in": true,
        "starting_lineup": true
      },
      {
        "number": "26",
        "name": "Juanlu Sánchez",
        "substituted_in": true,
        "starting_lineup": true
      },
      {
        "number": "20",
        "name": "Djibril Sow",
        "substituted_in": true,
        "starting_lineup": true
      },
      {
        "number": "14",
        "name": "Peque Fernández",
        "substituted_in": true,
        "starting_lineup": true
      },
      {
        "number": "11",
        "name": "Dodi Lukébakio",
        "substituted_in": true,
        "starting_lineup": true
      },
      {
        "number": "7",
        "name": "Isaac Romero",
        "substituted_in": true,
        "starting_lineup": true
      },
      {
        "number": "23",
        "name": "Marcão",
        "substituted_in": true,
        "starting_lineup": false
      },
      {
        "number": "15",
        "name": "Gonzalo Montiel",
        "substituted_in": true,
        "starting_lineup": false
      },
      {
        "number": "17",
        "name": "Saúl Ñíguez",
        "substituted_in": true,
        "starting_lineup": false
      },
      {
        "number": "9",
        "name": "Kelechi Iheanacho",
        "substituted_in": true,
        "starting_lineup": false
      }
    ]
  }
]