[
  {
    "url": "https://www.transfermarkt.pl/cd-leganés_atlético-madryt/aufstellung/spielbericht/3079446",
    "match_id": "3079446",
    "date": "sob., 03.11.2018",
    "competition": "LALIGA",
    "matchday": "11. Kolejka",
    "home_team": "CD Leganés",
    "away_team": "Atlético Madryt",
    "home_players": [
      {
        "number": "1",
        "name": "Iván Cuéllar",
        "substituted_in": true,
        "starting_lineup": true
      },
      {
        "number": "22",
        "name": "Dimitrios Siovas",
        "substituted_in": true,
        "starting_lineup": true
      },
      {
        "number": "24",
        "name": "Kenneth Omeruo",
        "substituted_in": true,
        "starting_lineup": true
      },
      {
        "number": "28",
        "name": "Rodri Tarín",
        "substituted_in": true,
        "starting_lineup": true
      },
      {
        "number": "5",
        "name": "Jonathan Silva",
        "substituted_in": true,
        "starting_lineup": true
      },
      {
        "number": "2",
        "name": "Juanfran Moreno",
        "substituted_in": true,
        "starting_lineup": true
      },
      {
        "number": "21",
        "name": "Rubén Pérez",
        "substituted_in": true,
        "starting_lineup": true
      },
      {
        "number": "8",
        "name": "Recio",
        "substituted_in": true,
        "starting_lineup": true
      },
      {
        "number": "27",
        "name": "Óscar Rodríguez",
        "substituted_in": true,
        "starting_lineup": true
      },
      {
        "number": "10",
        "name": "Nabil El Zhar",
        "substituted_in": true,
        "starting_lineup": true
      },
      {
        "number": "26",
        "name": "Youssef En-Nesyri",
        "substituted_in": true,
        "starting_lineup": true
      },
      {
        "number": "7",
        "name": "Dani Ojeda",
        "substituted_in": true,
        "starting_lineup": false
      },
      {
        "number": "9",
        "name": "Guido Carrillo",
        "substituted_in": true,
        "starting_lineup": false
      },
      {
        "number": "20",
        "name": "Michael Santos",
        "substituted_in": true,
        "starting_lineup": false
      }
    ],
    "away_players": [
      {
        "number": "13",
        "name": "Jan Oblak",
        "substituted_in": true,
        "starting_lineup": true
      },
      {
        "number": "15",
        "name": "Stefan Savic",
        "substituted_in": true,
        "starting_lineup": true
      },
      {
        "number": "21",
        "name": "Lucas Hernández",
        "substituted_in": true,
        "starting_lineup": true
      },
      {
        "number": "3",
        "name": "Filipe Luís",
        "substituted_in": true,
        "starting_lineup": true
      },
      {
        "number": "4",
        "name": "Santiago Arias",
        "substituted_in": true,
        "starting_lineup": true
      },
      {
        "number": "14",
        "name": "Rodri",
        "substituted_in": true,
        "starting_lineup": true
      },
      {
        "number": "8",
        "name": "Saúl Ñíguez",
        "substituted_in": true,
        "starting_lineup": true
      },
      {
        "number": "11",
        "name": "Thomas Lemar",
        "substituted_in": true,
        "starting_lineup": true
      },
      {
        "number": "10",
        "name": "Ángel Correa",
        "substituted_in": true,
        "starting_lineup": true
      },
      {
        "number": "18",
        "name": "Gelson Martins",
        "substituted_in": true,
        "starting_lineup": true
      },
      {
        "number": "7",
        "name": "Antoine Griezmann",
        "substituted_in": true,
        "starting_lineup": true
      },
      {
        "number": "5",
        "name": "Thomas Partey",
        "substituted_in": true,
        "starting_lineup": false
      },
      {
        "number": "23",
        "name": "Vitolo",
        "substituted_in": true,
        "starting_lineup": false
      },
      {
        "number": "9",
        "name": "Nikola Kalinić",
        "substituted_in": true,
        "starting_lineup": false
      }
    ]
  },
  {
    "url": "https://www.transfermarkt.pl/atlético-madryt_rcd-espanyol/aufstellung/spielbericht/3079506",
    "match_id": "3079506",
    "date": "sob., 22.12.2018",
    "competition": "LALIGA",
    "matchday": "17. Kolejka",
    "home_team": "Atlético Madryt",
    "away_team": "RCD Espanyol",
    "home_players": [
      {
        "number": "13",
        "name": "Jan Oblak",
        "substituted_in": true,
        "starting_lineup": true
      },
      {
        "number": "2",
        "name": "Diego Godín",
        "substituted_in": true,
        "starting_lineup": true
      },
      {
        "number": "15",
        "name": "Stefan Savic",
        "substituted_in": true,
        "starting_lineup": true
      },
      {
        "number": "8",
        "name": "Saúl Ñíguez",
        "substituted_in": true,
        "starting_lineup": true
      },
      {
        "number": "4",
        "name": "Santiago Arias",
        "substituted_in": true,
        "starting_lineup": true
      },
      {
        "number": "5",
        "name": "Thomas Partey",
        "substituted_in": true,
        "starting_lineup": true
      },
      {
        "number": "14",
        "name": "Rodri",
        "substituted_in": true,
        "starting_lineup": true
      },
      {
        "number": "6",
        "name": "Koke",
        "substituted_in": true,
        "starting_lineup": true
      },
      {
        "number": "10",
        "name": "Ángel Correa",
        "substituted_in": true,
        "starting_lineup": true
      },
      {
        "number": "7",
        "name": "Antoine Griezmann",
        "substituted_in": true,
        "starting_lineup": true
      },
      {
        "number": "9",
        "name": "Nikola Kalinić",
        "substituted_in": true,
        "starting_lineup": true
      },
      {
        "number": "35",
        "name": "Javi Montero",
        "substituted_in": true,
        "starting_lineup": false
      },
      {
        "number": "23",
        "name": "Vitolo",
        "substituted_in": true,
        "starting_lineup": false
      },
      {
        "number": "18",
        "name": "Gelson Martins",
        "substituted_in": true,
        "starting_lineup": false
      }
    ],
    "away_players": [
      {
        "number": "13",
        "name": "Diego López",
        "substituted_in": true,
        "starting_lineup": true
      },
      {
        "number": "5",
        "name": "Naldo",
        "substituted_in": true,
        "starting_lineup": true
      },
      {
        "number": "6",
        "name": "Óscar Duarte",
        "substituted_in": true,
        "starting_lineup": true
      },
      {
        "number": "12",
        "name": "Dídac Vilà",
        "substituted_in": true,
        "starting_lineup": true
      },
      {
        "number": "8",
        "name": "Roberto Rosales",
        "substituted_in": true,
        "starting_lineup": true
      },
      {
        "number": "15",
        "name": "David López",
        "substituted_in": true,
        "starting_lineup": true
      },
      {
        "number": "10",
        "name": "Sergi Darder",
        "substituted_in": true,
        "starting_lineup": true
      },
      {
        "number": "23",
        "name": "Esteban Granero",
        "substituted_in": true,
        "starting_lineup": true
      },
      {
        "number": "9",
        "name": "Sergio García",
        "substituted_in": true,
        "starting_lineup": true
      },
      {
        "number": "11",
        "name": "Léo Baptistão",
        "substituted_in": true,
        "starting_lineup": true
      },
      {
        "number": "7",
        "name": "Borja Iglesias",
        "substituted_in": true,
        "starting_lineup": true
      },
      {
        "number": "28",
        "name": "Adrià Pedrosa",
        "substituted_in": true,
        "starting_lineup": false
      },
      {
        "number": "14",
        "name": "Óscar Melendo",
        "substituted_in": true,
        "starting_lineup": false
      },
      {
        "number": "19",
        "name": "Pablo Piatti",
        "substituted_in": true,
        "starting_lineup": false
      }
    ]
  },
  {
    "url": "https://www.transfermarkt.pl/atlético-madryt_fc-brügge/aufstellung/spielbericht/3097979",
    "match_id": "3097979",
    "date": "śr., 03.10.2018",
    "competition": "Unknown",
    "matchday": "Unknown",
    "home_team": "Atlético Madryt",
    "away_team": "FC Brügge",
    "home_players": [
      {
        "number": "13",
        "name": "Jan Oblak",
        "substituted_in": true,
        "starting_lineup": true
      },
      {
        "number": "2",
        "name": "Diego Godín",
        "substituted_in": true,
        "starting_lineup": true
      },
      {
        "number": "24",
        "name": "José María Giménez",
        "substituted_in": true,
        "starting_lineup": true
      },
      {
        "number": "21",
        "name": "Lucas Hernández",
        "substituted_in": true,
        "starting_lineup": true
      },
      {
        "number": "5",
        "name": "Thomas Partey",
        "substituted_in": true,
        "starting_lineup": true
      },
      {
        "number": "4",
        "name": "Santiago Arias",
        "substituted_in": true,
        "starting_lineup": true
      },
      {
        "number": "8",
        "name": "Saúl Ñíguez",
        "substituted_in": true,
        "starting_lineup": true
      },
      {
        "number": "6",
        "name": "Koke",
        "substituted_in": true,
        "starting_lineup": true
      },
      {
        "number": "11",
        "name": "Thomas Lemar",
        "substituted_in": true,
        "starting_lineup": true
      },
      {
        "number": "7",
        "name": "Antoine Griezmann",
        "substituted_in": true,
        "starting_lineup": true
      },
      {
        "number": "19",
        "name": "Diego Costa",
        "substituted_in": true,
        "starting_lineup": true
      },
      {
        "number": "3",
        "name": "Filipe Luís",
        "substituted_in": true,
        "starting_lineup": false
      },
      {
        "number": "14",
        "name": "Rodri",
        "substituted_in": true,
        "starting_lineup": false
      },
      {
        "number": "10",
        "name": "Ángel Correa",
        "substituted_in": true,
        "starting_lineup": false
      }
    ],
    "away_players": [
      {
        "number": "1",
        "name": "Karlo Letica",
        "substituted_in": true,
        "starting_lineup": true
      },
      {
        "number": "24",
        "name": "Stefano Denswil",
        "substituted_in": true,
        "starting_lineup": true
      },
      {
        "number": "5",
        "name": "Benoît Poulain",
        "substituted_in": true,
        "starting_lineup": true
      },
      {
        "number": "44",
        "name": "Brandon Mechele",
        "substituted_in": true,
        "starting_lineup": true
      },
      {
        "number": "26",
        "name": "Mats Rits",
        "substituted_in": true,
        "starting_lineup": true
      },
      {
        "number": "25",
        "name": "Ruud Vormer",
        "substituted_in": true,
        "starting_lineup": true
      },
      {
        "number": "20",
        "name": "Hans Vanaken",
        "substituted_in": true,
        "starting_lineup": true
      },
      {
        "number": "19",
        "name": "Thibault Vlietinck",
        "substituted_in": true,
        "starting_lineup": true
      },
      {
        "number": "47",
        "name": "Arnaut Danjuma",
        "substituted_in": true,
        "starting_lineup": true
      },
      {
        "number": "16",
        "name": "Siebe Schrijvers",
        "substituted_in": true,
        "starting_lineup": true
      },
      {
        "number": "7",
        "name": "Wesley Moraes",
        "substituted_in": true,
        "starting_lineup": true
      },
      {
        "number": "77",
        "name": "Clinton Mata",
        "substituted_in": true,
        "starting_lineup": false
      },
      {
        "number": "18",
        "name": "Marvelous Nakamba",
        "substituted_in": true,
        "starting_lineup": false
      },
      {
        "number": "80",
        "name": "Loïs Openda",
        "substituted_in": true,
        "starting_lineup": false
      }
    ]
  },
  {
    "url": "https://www.transfermarkt.pl/atlético-madryt_girona-fc/aufstellung/spielbericht/3142970",
    "match_id": "3142970",
    "date": "śr., 16.01.2019",
    "competition": "Unknown",
    "matchday": "Unknown",
    "home_team": "Atlético Madryt",
    "away_team": "Girona FC",
    "home_players": [
      {
        "number": "1",
        "name": "Antonio Adán",
        "substituted_in": true,
        "starting_lineup": true
      },
      {
        "number": "2",
        "name": "Diego Godín",
        "substituted_in": true,
        "starting_lineup": true
      },
      {
        "number": "24",
        "name": "José María Giménez",
        "substituted_in": true,
        "starting_lineup": true
      },
      {
        "number": "20",
        "name": "Juanfran Torres",
        "substituted_in": true,
        "starting_lineup": true
      },
      {
        "number": "4",
        "name": "Santiago Arias",
        "substituted_in": true,
        "starting_lineup": true
      },
      {
        "number": "5",
        "name": "Thomas Partey",
        "substituted_in": true,
        "starting_lineup": true
      },
      {
        "number": "8",
        "name": "Saúl Ñíguez",
        "substituted_in": true,
        "starting_lineup": true
      },
      {
        "number": "6",
        "name": "Koke",
        "substituted_in": true,
        "starting_lineup": true
      },
      {
        "number": "11",
        "name": "Thomas Lemar",
        "substituted_in": true,
        "starting_lineup": true
      },
      {
        "number": "10",
        "name": "Ángel Correa",
        "substituted_in": true,
        "starting_lineup": true
      },
      {
        "number": "9",
        "name": "Nikola Kalinić",
        "substituted_in": true,
        "starting_lineup": true
      },
      {
        "number": "21",
        "name": "Lucas Hernández",
        "substituted_in": true,
        "starting_lineup": false
      },
      {
        "number": "14",
        "name": "Rodri",
        "substituted_in": true,
        "starting_lineup": false
      },
      {
        "number": "7",
        "name": "Antoine Griezmann",
        "substituted_in": true,
        "starting_lineup": false
      }
    ],
    "away_players": [
      {
        "number": "1",
        "name": "Gorka Iraizoz",
        "substituted_in": true,
        "starting_lineup": true
      },
      {
        "number": "20",
        "name": "Marc Muniesa",
        "substituted_in": true,
        "starting_lineup": true
      },
      {
        "number": "2",
        "name": "Bernardo Espinosa",
        "substituted_in": true,
        "starting_lineup": true
      },
      {
        "number": "4",
        "name": "Jonás Ramalho",
        "substituted_in": true,
        "starting_lineup": true
      },
      {
        "number": "23",
        "name": "Aleix García",
        "substituted_in": true,
        "starting_lineup": true
      },
      {
        "number": "6",
        "name": "Álex Granell",
        "substituted_in": true,
        "starting_lineup": true
      },
      {
        "number": "12",
        "name": "Douglas Luiz",
        "substituted_in": true,
        "starting_lineup": true
      },
      {
        "number": "29",
        "name": "Pedro Porro",
        "substituted_in": true,
        "starting_lineup": true
      },
      {
        "number": "34",
        "name": "Valery Fernández",
        "substituted_in": true,
        "starting_lineup": true
      },
      {
        "number": "7",
        "name": "Cristhian Stuani",
        "substituted_in": true,
        "starting_lineup": true
      },
      {
        "number": "19",
        "name": "Choco Lozano",
        "substituted_in": true,
        "starting_lineup": true
      },
      {
        "number": "8",
        "name": "Pere Pons",
        "substituted_in": true,
        "starting_lineup": false
      },
      {
        "number": "10",
        "name": "Borja García",
        "substituted_in": true,
        "starting_lineup": false
      },
      {
        "number": "22",
        "name": "Seydou Doumbia",
        "substituted_in": true,
        "starting_lineup": false
      }
    ]
  },
  {
    "url": "https://www.transfermarkt.pl/as-monaco_atlético-madryt/aufstellung/spielbericht/3097956",
    "match_id": "3097956",
    "date": "wt., 18.09.2018",
    "competition": "Unknown",
    "matchday": "Unknown",
    "home_team": "AS Monaco",
    "away_team": "Atlético Madryt",
    "home_players": [
      {
        "number": "16",
        "name": "Diego Benaglio",
        "substituted_in": true,
        "starting_lineup": true
      },
      {
        "number": "5",
        "name": "Jemerson",
        "substituted_in": true,
        "starting_lineup": true
      },
      {
        "number": "25",
        "name": "Kamil Glik",
        "substituted_in": true,
        "starting_lineup": true
      },
      {
        "number": "39",
        "name": "Benjamin Henrichs",
        "substituted_in": true,
        "starting_lineup": true
      },
      {
        "number": "19",
        "name": "Djibril Sidibé",
        "substituted_in": true,
        "starting_lineup": true
      },
      {
        "number": "6",
        "name": "Kévin N'Doram",
        "substituted_in": true,
        "starting_lineup": true
      },
      {
        "number": "4",
        "name": "Jean-Eudes Aholou",
        "substituted_in": true,
        "starting_lineup": true
      },
      {
        "number": "20",
        "name": "Nacer Chadli",
        "substituted_in": true,
        "starting_lineup": true
      },
      {
        "number": "29",
        "name": "Samuel Grandsir",
        "substituted_in": true,
        "starting_lineup": true
      },
      {
        "number": "8",
        "name": "Youri Tielemans",
        "substituted_in": true,
        "starting_lineup": true
      },
      {
        "number": "9",
        "name": "Radamel Falcao",
        "substituted_in": true,
        "starting_lineup": true
      },
      {
        "number": "11",
        "name": "Adama Traoré",
        "substituted_in": true,
        "starting_lineup": false
      },
      {
        "number": "22",
        "name": "Jordi Mboula",
        "substituted_in": true,
        "starting_lineup": false
      },
      {
        "number": "34",
        "name": "Moussa Sylla",
        "substituted_in": true,
        "starting_lineup": false
      }
    ],
    "away_players": [
      {
        "number": "13",
        "name": "Jan Oblak",
        "substituted_in": true,
        "starting_lineup": true
      },
      {
        "number": "2",
        "name": "Diego Godín",
        "substituted_in": true,
        "starting_lineup": true
      },
      {
        "number": "24",
        "name": "José María Giménez",
        "substituted_in": true,
        "starting_lineup": true
      },
      {
        "number": "21",
        "name": "Lucas Hernández",
        "substituted_in": true,
        "starting_lineup": true
      },
      {
        "number": "20",
        "name": "Juanfran Torres",
        "substituted_in": true,
        "starting_lineup": true
      },
      {
        "number": "14",
        "name": "Rodri",
        "substituted_in": true,
        "starting_lineup": true
      },
      {
        "number": "8",
        "name": "Saúl Ñíguez",
        "substituted_in": true,
        "starting_lineup": true
      },
      {
        "number": "6",
        "name": "Koke",
        "substituted_in": true,
        "starting_lineup": true
      },
      {
        "number": "10",
        "name": "Ángel Correa",
        "substituted_in": true,
        "starting_lineup": true
      },
      {
        "number": "7",
        "name": "Antoine Griezmann",
        "substituted_in": true,
        "starting_lineup": true
      },
      {
        "number": "19",
        "name": "Diego Costa",
        "substituted_in": true,
        "starting_lineup": true
      },
      {
        "number": "11",
        "name": "Thomas Lemar",
        "substituted_in": true,
        "starting_lineup": false
      }
    ]
  },
  {
    "url": "https://www.transfermarkt.pl/fc-brügge_atlético-madryt/aufstellung/spielbericht/3098043",
    "match_id": "3098043",
    "date": "wt., 11.12.2018",
    "competition": "Unknown",
    "matchday": "Unknown",
    "home_team": "FC Brügge",
    "away_team": "Atlético Madryt",
    "home_players": [
      {
        "number": "22",
        "name": "Ethan Horvath",
        "substituted_in": true,
        "starting_lineup": true
      },
      {
        "number": "24",
        "name": "Stefano Denswil",
        "substituted_in": true,
        "starting_lineup": true
      },
      {
        "number": "5",
        "name": "Benoît Poulain",
        "substituted_in": true,
        "starting_lineup": true
      },
      {
        "number": "44",
        "name": "Brandon Mechele",
        "substituted_in": true,
        "starting_lineup": true
      },
      {
        "number": "18",
        "name": "Marvelous Nakamba",
        "substituted_in": true,
        "starting_lineup": true
      },
      {
        "number": "25",
        "name": "Ruud Vormer",
        "substituted_in": true,
        "starting_lineup": true
      },
      {
        "number": "20",
        "name": "Hans Vanaken",
        "substituted_in": true,
        "starting_lineup": true
      },
      {
        "number": "6",
        "name": "Sofyan Amrabat",
        "substituted_in": true,
        "starting_lineup": true
      },
      {
        "number": "89",
        "name": "Cyril Ngonge",
        "substituted_in": true,
        "starting_lineup": true
      },
      {
        "number": "80",
        "name": "Loïs Openda",
        "substituted_in": true,
        "starting_lineup": true
      },
      {
        "number": "7",
        "name": "Wesley Moraes",
        "substituted_in": true,
        "starting_lineup": true
      },
      {
        "number": "4",
        "name": "Luan Peres",
        "substituted_in": true,
        "starting_lineup": false
      },
      {
        "number": "26",
        "name": "Mats Rits",
        "substituted_in": true,
        "starting_lineup": false
      },
      {
        "number": "16",
        "name": "Siebe Schrijvers",
        "substituted_in": true,
        "starting_lineup": false
      }
    ],
    "away_players": [
      {
        "number": "13",
        "name": "Jan Oblak",
        "substituted_in": true,
        "starting_lineup": true
      },
      {
        "number": "35",
        "name": "Javi Montero",
        "substituted_in": true,
        "starting_lineup": true
      },
      {
        "number": "2",
        "name": "Diego Godín",
        "substituted_in": true,
        "starting_lineup": true
      },
      {
        "number": "8",
        "name": "Saúl Ñíguez",
        "substituted_in": true,
        "starting_lineup": true
      },
      {
        "number": "4",
        "name": "Santiago Arias",
        "substituted_in": true,
        "starting_lineup": true
      },
      {
        "number": "14",
        "name": "Rodri",
        "substituted_in": true,
        "starting_lineup": true
      },
      {
        "number": "5",
        "name": "Thomas Partey",
        "substituted_in": true,
        "starting_lineup": true
      },
      {
        "number": "6",
        "name": "Koke",
        "substituted_in": true,
        "starting_lineup": true
      },
      {
        "number": "11",
        "name": "Thomas Lemar",
        "substituted_in": true,
        "starting_lineup": true
      },
      {
        "number": "18",
        "name": "Gelson Martins",
        "substituted_in": true,
        "starting_lineup": true
      },
      {
        "number": "7",
        "name": "Antoine Griezmann",
        "substituted_in": true,
        "starting_lineup": true
      },
      {
        "number": "23",
        "name": "Vitolo",
        "substituted_in": true,
        "starting_lineup": false
      },
      {
        "number": "10",
        "name": "Ángel Correa",
        "substituted_in": true,
        "starting_lineup": false
      },
      {
        "number": "9",
        "name": "Nikola Kalinić",
        "substituted_in": true,
        "starting_lineup": false
      }
    ]
  },
  {
    "url": "https://www.transfermarkt.pl/atlético-madryt_villarreal-cf/aufstellung/spielbericht/3080814",
    "match_id": "3080814",
    "date": "niedz., 24.02.2019",
    "competition": "LALIGA",
    "matchday": "25. Kolejka",
    "home_team": "Atlético Madryt",
    "away_team": "Villarreal CF",
    "home_players": [
      {
        "number": "13",
        "name": "Jan Oblak",
        "substituted_in": true,
        "starting_lineup": true
      },
      {
        "number": "15",
        "name": "Stefan Savic",
        "substituted_in": true,
        "starting_lineup": true
      },
      {
        "number": "24",
        "name": "José María Giménez",
        "substituted_in": true,
        "starting_lineup": true
      },
      {
        "number": "3",
        "name": "Filipe Luís",
        "substituted_in": true,
        "starting_lineup": true
      },
      {
        "number": "4",
        "name": "Santiago Arias",
        "substituted_in": true,
        "starting_lineup": true
      },
      {
        "number": "14",
        "name": "Rodri",
        "substituted_in": true,
        "starting_lineup": true
      },
      {
        "number": "6",
        "name": "Koke",
        "substituted_in": true,
        "starting_lineup": true
      },
      {
        "number": "8",
        "name": "Saúl Ñíguez",
        "substituted_in": true,
        "starting_lineup": true
      },
      {
        "number": "11",
        "name": "Thomas Lemar",
        "substituted_in": true,
        "starting_lineup": true
      },
      {
        "number": "7",
        "name": "Antoine Griezmann",
        "substituted_in": true,
        "starting_lineup": true
      },
      {
        "number": "22",
        "name": "Álvaro Morata",
        "substituted_in": true,
        "starting_lineup": true
      },
      {
        "number": "5",
        "name": "Thomas Partey",
        "substituted_in": true,
        "starting_lineup": false
      },
      {
        "number": "23",
        "name": "Vitolo",
        "substituted_in": true,
        "starting_lineup": false
      },
      {
        "number": "19",
        "name": "Diego Costa",
        "substituted_in": true,
        "starting_lineup": false
      }
    ],
    "away_players": [
      {
        "number": "1",
        "name": "Sergio Asenjo",
        "substituted_in": true,
        "starting_lineup": true
      },
      {
        "number": "4",
        "name": "Ramiro Funes Mori",
        "substituted_in": true,
        "starting_lineup": true
      },
      {
        "number": "6",
        "name": "Víctor Ruiz",
        "substituted_in": true,
        "starting_lineup": true
      },
      {
        "number": "3",
        "name": "Álvaro González",
        "substituted_in": true,
        "starting_lineup": true
      },
      {
        "number": "16",
        "name": "Alfonso Pedraza",
        "substituted_in": true,
        "starting_lineup": true
      },
      {
        "number": "2",
        "name": "Mario Gaspar",
        "substituted_in": true,
        "starting_lineup": true
      },
      {
        "number": "5",
        "name": "Santiago Cáseres",
        "substituted_in": true,
        "starting_lineup": true
      },
      {
        "number": "10",
        "name": "Vicente Iborra",
        "substituted_in": true,
        "starting_lineup": true
      },
      {
        "number": "19",
        "name": "Santi Cazorla",
        "substituted_in": true,
        "starting_lineup": true
      },
      {
        "number": "9",
        "name": "Carlos Bacca",
        "substituted_in": true,
        "starting_lineup": true
      },
      {
        "number": "17",
        "name": "Karl Toko Ekambi",
        "substituted_in": true,
        "starting_lineup": true
      },
      {
        "number": "8",
        "name": "Pablo Fornals",
        "substituted_in": true,
        "starting_lineup": false
      },
      {
        "number": "30",
        "name": "Samuel Chukwueze",
        "substituted_in": true,
        "starting_lineup": false
      },
      {
        "number": "7",
        "name": "Gerard Moreno",
        "substituted_in": true,
        "starting_lineup": false
      }
    ]
  },
  {
    "url": "https://www.transfermarkt.pl/real-madryt_atlético-madryt/aufstellung/spielbericht/3079404",
    "match_id": "3079404",
    "date": "sob., 29.09.2018",
    "competition": "LALIGA",
    "matchday": "7. Kolejka",
    "home_team": "Real Madryt",
    "away_team": "Atlético Madryt",
    "home_players": [
      {
        "number": "25",
        "name": "Thibaut Courtois",
        "substituted_in": true,
        "starting_lineup": true
      },
      {
        "number": "4",
        "name": "Sergio Ramos",
        "substituted_in": true,
        "starting_lineup": true
      },
      {
        "number": "5",
        "name": "Raphaël Varane",
        "substituted_in": true,
        "starting_lineup": true
      },
      {
        "number": "6",
        "name": "Nacho Fernández",
        "substituted_in": true,
        "starting_lineup": true
      },
      {
        "number": "2",
        "name": "Daniel Carvajal",
        "substituted_in": true,
        "starting_lineup": true
      },
      {
        "number": "14",
        "name": "Casemiro",
        "substituted_in": true,
        "starting_lineup": true
      },
      {
        "number": "8",
        "name": "Toni Kroos",
        "substituted_in": true,
        "starting_lineup": true
      },
      {
        "number": "10",
        "name": "Luka Modrić",
        "substituted_in": true,
        "starting_lineup": true
      },
      {
        "number": "20",
        "name": "Marco Asensio",
        "substituted_in": true,
        "starting_lineup": true
      },
      {
        "number": "11",
        "name": "Gareth Bale",
        "substituted_in": true,
        "starting_lineup": true
      },
      {
        "number": "9",
        "name": "Karim Benzema",
        "substituted_in": true,
        "starting_lineup": true
      },
      {
        "number": "17",
        "name": "Lucas Vázquez",
        "substituted_in": true,
        "starting_lineup": false
      },
      {
        "number": "24",
        "name": "Dani Ceballos",
        "substituted_in": true,
        "starting_lineup": false
      },
      {
        "number": "28",
        "name": "Vinicius Junior",
        "substituted_in": true,
        "starting_lineup": false
      }
    ],
    "away_players": [
      {
        "number": "13",
        "name": "Jan Oblak",
        "substituted_in": true,
        "starting_lineup": true
      },
      {
        "number": "2",
        "name": "Diego Godín",
        "substituted_in": true,
        "starting_lineup": true
      },
      {
        "number": "24",
        "name": "José María Giménez",
        "substituted_in": true,
        "starting_lineup": true
      },
      {
        "number": "3",
        "name": "Filipe Luís",
        "substituted_in": true,
        "starting_lineup": true
      },
      {
        "number": "20",
        "name": "Juanfran Torres",
        "substituted_in": true,
        "starting_lineup": true
      },
      {
        "number": "14",
        "name": "Rodri",
        "substituted_in": true,
        "starting_lineup": true
      },
      {
        "number": "8",
        "name": "Saúl Ñíguez",
        "substituted_in": true,
        "starting_lineup": true
      },
      {
        "number": "6",
        "name": "Koke",
        "substituted_in": true,
        "starting_lineup": true
      },
      {
        "number": "11",
        "name": "Thomas Lemar",
        "substituted_in": true,
        "starting_lineup": true
      },
      {
        "number": "7",
        "name": "Antoine Griezmann",
        "substituted_in": true,
        "starting_lineup": true
      },
      {
        "number": "19",
        "name": "Diego Costa",
        "substituted_in": true,
        "starting_lineup": true
      },
      {
        "number": "5",
        "name": "Thomas Partey",
        "substituted_in": true,
        "starting_lineup": false
      },
      {
        "number": "10",
        "name": "Ángel Correa",
        "substituted_in": true,
        "starting_lineup": false
      },
      {
        "number": "9",
        "name": "Nikola Kalinić",
        "substituted_in": true,
        "starting_lineup": false
      }
    ]
  },
  {
    "url": "https://www.transfermarkt.pl/atlético-madryt_rayo-vallecano/aufstellung/spielbericht/3079315",
    "match_id": "3079315",
    "date": "sob., 25.08.2018",
    "competition": "LALIGA",
    "matchday": "2. Kolejka",
    "home_team": "Atlético Madryt",
    "away_team": "Rayo Vallecano",
    "home_players": [
      {
        "number": "13",
        "name": "Jan Oblak",
        "substituted_in": true,
        "starting_lineup": true
      },
      {
        "number": "2",
        "name": "Diego Godín",
        "substituted_in": true,
        "starting_lineup": true
      },
      {
        "number": "15",
        "name": "Stefan Savic",
        "substituted_in": true,
        "starting_lineup": true
      },
      {
        "number": "21",
        "name": "Lucas Hernández",
        "substituted_in": true,
        "starting_lineup": true
      },
      {
        "number": "20",
        "name": "Juanfran Torres",
        "substituted_in": true,
        "starting_lineup": true
      },
      {
        "number": "14",
        "name": "Rodri",
        "substituted_in": true,
        "starting_lineup": true
      },
      {
        "number": "8",
        "name": "Saúl Ñíguez",
        "substituted_in": true,
        "starting_lineup": true
      },
      {
        "number": "11",
        "name": "Thomas Lemar",
        "substituted_in": true,
        "starting_lineup": true
      },
      {
        "number": "10",
        "name": "Ángel Correa",
        "substituted_in": true,
        "starting_lineup": true
      },
      {
        "number": "7",
        "name": "Antoine Griezmann",
        "substituted_in": true,
        "starting_lineup": true
      },
      {
        "number": "19",
        "name": "Diego Costa",
        "substituted_in": true,
        "starting_lineup": true
      },
      {
        "number": "5",
        "name": "Thomas Partey",
        "substituted_in": true,
        "starting_lineup": false
      },
      {
        "number": "6",
        "name": "Koke",
        "substituted_in": true,
        "starting_lineup": false
      },
      {
        "number": "18",
        "name": "Gelson Martins",
        "substituted_in": true,
        "starting_lineup": false
      }
    ],
    "away_players": [
      {
        "number": "1",
        "name": "Alberto García",
        "substituted_in": true,
        "starting_lineup": true
      },
      {
        "number": "16",
        "name": "Jordi Amat",
        "substituted_in": true,
        "starting_lineup": true
      },
      {
        "number": "21",
        "name": "Abdoulaye Ba",
        "substituted_in": true,
        "starting_lineup": true
      },
      {
        "number": "7",
        "name": "Álex Moreno",
        "substituted_in": true,
        "starting_lineup": true
      },
      {
        "number": "17",
        "name": "Luis Advíncula",
        "substituted_in": true,
        "starting_lineup": true
      },
      {
        "number": "6",
        "name": "Gorka Elustondo",
        "substituted_in": true,
        "starting_lineup": true
      },
      {
        "number": "27",
        "name": "Santi Comesaña",
        "substituted_in": true,
        "starting_lineup": true
      },
      {
        "number": "8",
        "name": "Óscar Trejo",
        "substituted_in": true,
        "starting_lineup": true
      },
      {
        "number": "18",
        "name": "Álvaro García",
        "substituted_in": true,
        "starting_lineup": true
      },
      {
        "number": "10",
        "name": "Gaël Kakuta",
        "substituted_in": true,
        "starting_lineup": true
      },
      {
        "number": "11",
        "name": "Adrián Embarba",
        "substituted_in": true,
        "starting_lineup": true
      },
      {
        "number": "4",
        "name": "Álvaro Medrán",
        "substituted_in": true,
        "starting_lineup": false
      },
      {
        "number": "22",
        "name": "José Pozo",
        "substituted_in": true,
        "starting_lineup": false
      },
      {
        "number": "29",
        "name": "Sergio Moreno",
        "substituted_in": true,
        "starting_lineup": false
      }
    ]
  },
  {
    "url": "https://www.transfermarkt.pl/atlético-madryt_cd-leganés/aufstellung/spielbericht/3080834",
    "match_id": "3080834",
    "date": "sob., 09.03.2019",
    "competition": "LALIGA",
    "matchday": "27. Kolejka",
    "home_team": "Atlético Madryt",
    "away_team": "CD Leganés",
    "home_players": [
      {
        "number": "13",
        "name": "Jan Oblak",
        "substituted_in": true,
        "starting_lineup": true
      },
      {
        "number": "15",
        "name": "Stefan Savic",
        "substituted_in": true,
        "starting_lineup": true
      },
      {
        "number": "24",
        "name": "José María Giménez",
        "substituted_in": true,
        "starting_lineup": true
      },
      {
        "number": "33",
        "name": "Andrés Solano",
        "substituted_in": true,
        "starting_lineup": true
      },
      {
        "number": "4",
        "name": "Santiago Arias",
        "substituted_in": true,
        "starting_lineup": true
      },
      {
        "number": "5",
        "name": "Thomas Partey",
        "substituted_in": true,
        "starting_lineup": true
      },
      {
        "number": "14",
        "name": "Rodri",
        "substituted_in": true,
        "starting_lineup": true
      },
      {
        "number": "23",
        "name": "Vitolo",
        "substituted_in": true,
        "starting_lineup": true
      },
      {
        "number": "10",
        "name": "Ángel Correa",
        "substituted_in": true,
        "starting_lineup": true
      },
      {
        "number": "7",
        "name": "Antoine Griezmann",
        "substituted_in": true,
        "starting_lineup": true
      },
      {
        "number": "9",
        "name": "Nikola Kalinić",
        "substituted_in": true,
        "starting_lineup": true
      },
      {
        "number": "20",
        "name": "Juanfran Torres",
        "substituted_in": true,
        "starting_lineup": false
      },
      {
        "number": "8",
        "name": "Saúl Ñíguez",
        "substituted_in": true,
        "starting_lineup": false
      },
      {
        "number": "11",
        "name": "Thomas Lemar",
        "substituted_in": true,
        "starting_lineup": false
      }
    ],
    "away_players": [
      {
        "number": "29",
        "name": "Andriy Lunin",
        "substituted_in": true,
        "starting_lineup": true
      },
      {
        "number": "4",
        "name": "Diego Reyes",
        "substituted_in": true,
        "starting_lineup": true
      },
      {
        "number": "15",
        "name": "Rodri Tarín",
        "substituted_in": true,
        "starting_lineup": true
      },
      {
        "number": "24",
        "name": "Kenneth Omeruo",
        "substituted_in": true,
        "starting_lineup": true
      },
      {
        "number": "14",
        "name": "Vasyl Kravets",
        "substituted_in": true,
        "starting_lineup": true
      },
      {
        "number": "12",
        "name": "Allan Nyom",
        "substituted_in": true,
        "starting_lineup": true
      },
      {
        "number": "23",
        "name": "Mikel Vesga",
        "substituted_in": true,
        "starting_lineup": true
      },
      {
        "number": "21",
        "name": "Rubén Pérez",
        "substituted_in": true,
        "starting_lineup": true
      },
      {
        "number": "17",
        "name": "Javi Eraso",
        "substituted_in": true,
        "starting_lineup": true
      },
      {
        "number": "26",
        "name": "Youssef En-Nesyri",
        "substituted_in": true,
        "starting_lineup": true
      },
      {
        "number": "25",
        "name": "Martin Braithwaite",
        "substituted_in": true,
        "starting_lineup": true
      },
      {
        "number": "16",
        "name": "José Manuel Arnáiz",
        "substituted_in": true,
        "starting_lineup": false
      },
      {
        "number": "10",
        "name": "Nabil El Zhar",
        "substituted_in": true,
        "starting_lineup": false
      },
      {
        "number": "9",
        "name": "Guido Carrillo",
        "substituted_in": true,
        "starting_lineup": false
      }
    ]
  },
  {
    "url": "https://www.transfermarkt.pl/villarreal-cf_atlético-madryt/aufstellung/spielbericht/3079425",
    "match_id": "3079425",
    "date": "sob., 20.10.2018",
    "competition": "LALIGA",
    "matchday": "9. Kolejka",
    "home_team": "Villarreal CF",
    "away_team": "Atlético Madryt",
    "home_players": [
      {
        "number": "1",
        "name": "Sergio Asenjo",
        "substituted_in": true,
        "starting_lineup": true
      },
      {
        "number": "4",
        "name": "Ramiro Funes Mori",
        "substituted_in": true,
        "starting_lineup": true
      },
      {
        "number": "3",
        "name": "Álvaro González",
        "substituted_in": true,
        "starting_lineup": true
      },
      {
        "number": "11",
        "name": "Jaume Costa",
        "substituted_in": true,
        "starting_lineup": true
      },
      {
        "number": "2",
        "name": "Mario Gaspar",
        "substituted_in": true,
        "starting_lineup": true
      },
      {
        "number": "20",
        "name": "Manuel Iturra",
        "substituted_in": true,
        "starting_lineup": true
      },
      {
        "number": "14",
        "name": "Manu Trigueros",
        "substituted_in": true,
        "starting_lineup": true
      },
      {
        "number": "8",
        "name": "Pablo Fornals",
        "substituted_in": true,
        "starting_lineup": true
      },
      {
        "number": "19",
        "name": "Santi Cazorla",
        "substituted_in": true,
        "starting_lineup": true
      },
      {
        "number": "16",
        "name": "Alfonso Pedraza",
        "substituted_in": true,
        "starting_lineup": true
      },
      {
        "number": "7",
        "name": "Gerard Moreno",
        "substituted_in": true,
        "starting_lineup": true
      },
      {
        "number": "5",
        "name": "Santiago Cáseres",
        "substituted_in": true,
        "starting_lineup": false
      },
      {
        "number": "9",
        "name": "Carlos Bacca",
        "substituted_in": true,
        "starting_lineup": false
      },
      {
        "number": "17",
        "name": "Karl Toko Ekambi",
        "substituted_in": true,
        "starting_lineup": false
      }
    ],
    "away_players": [
      {
        "number": "13",
        "name": "Jan Oblak",
        "substituted_in": true,
        "starting_lineup": true
      },
      {
        "number": "24",
        "name": "José María Giménez",
        "substituted_in": true,
        "starting_lineup": true
      },
      {
        "number": "21",
        "name": "Lucas Hernández",
        "substituted_in": true,
        "starting_lineup": true
      },
      {
        "number": "3",
        "name": "Filipe Luís",
        "substituted_in": true,
        "starting_lineup": true
      },
      {
        "number": "20",
        "name": "Juanfran Torres",
        "substituted_in": true,
        "starting_lineup": true
      },
      {
        "number": "5",
        "name": "Thomas Partey",
        "substituted_in": true,
        "starting_lineup": true
      },
      {
        "number": "14",
        "name": "Rodri",
        "substituted_in": true,
        "starting_lineup": true
      },
      {
        "number": "8",
        "name": "Saúl Ñíguez",
        "substituted_in": true,
        "starting_lineup": true
      },
      {
        "number": "6",
        "name": "Koke",
        "substituted_in": true,
        "starting_lineup": true
      },
      {
        "number": "7",
        "name": "Antoine Griezmann",
        "substituted_in": true,
        "starting_lineup": true
      },
      {
        "number": "9",
        "name": "Nikola Kalinić",
        "substituted_in": true,
        "starting_lineup": true
      },
      {
        "number": "2",
        "name": "Diego Godín",
        "substituted_in": true,
        "starting_lineup": false
      },
      {
        "number": "11",
        "name": "Thomas Lemar",
        "substituted_in": true,
        "starting_lineup": false
      },
      {
        "number": "10",
        "name": "Ángel Correa",
        "substituted_in": true,
        "starting_lineup": false
      }
    ]
  },
  {
    "url": "https://www.transfermarkt.pl/juventus-turyn_atlético-madryt/aufstellung/spielbericht/3135814",
    "match_id": "3135814",
    "date": "wt., 12.03.2019",
    "competition": "Unknown",
    "matchday": "Unknown",
    "home_team": "Juventus Turyn",
    "away_team": "Atlético Madryt",
    "home_players": [
      {
        "number": "1",
        "name": "Wojciech Szczesny",
        "substituted_in": true,
        "starting_lineup": true
      },
      {
        "number": "3",
        "name": "Giorgio Chiellini",
        "substituted_in": true,
        "starting_lineup": true
      },
      {
        "number": "19",
        "name": "Leonardo Bonucci",
        "substituted_in": true,
        "starting_lineup": true
      },
      {
        "number": "23",
        "name": "Emre Can",
        "substituted_in": true,
        "starting_lineup": true
      },
      {
        "number": "5",
        "name": "Miralem Pjanić",
        "substituted_in": true,
        "starting_lineup": true
      },
      {
        "number": "14",
        "name": "Blaise Matuidi",
        "substituted_in": true,
        "starting_lineup": true
      },
      {
        "number": "20",
        "name": "João Cancelo",
        "substituted_in": true,
        "starting_lineup": true
      },
      {
        "number": "37",
        "name": "Leonardo Spinazzola",
        "substituted_in": true,
        "starting_lineup": true
      },
      {
        "number": "33",
        "name": "Federico Bernardeschi",
        "substituted_in": true,
        "starting_lineup": true
      },
      {
        "number": "7",
        "name": "Cristiano Ronaldo",
        "substituted_in": true,
        "starting_lineup": true
      },
      {
        "number": "17",
        "name": "Mario Mandžukić",
        "substituted_in": true,
        "starting_lineup": true
      },
      {
        "number": "10",
        "name": "Paulo Dybala",
        "substituted_in": true,
        "starting_lineup": false
      },
      {
        "number": "18",
        "name": "Moise Kean",
        "substituted_in": true,
        "starting_lineup": false
      }
    ],
    "away_players": [
      {
        "number": "13",
        "name": "Jan Oblak",
        "substituted_in": true,
        "starting_lineup": true
      },
      {
        "number": "2",
        "name": "Diego Godín",
        "substituted_in": true,
        "starting_lineup": true
      },
      {
        "number": "24",
        "name": "José María Giménez",
        "substituted_in": true,
        "starting_lineup": true
      },
      {
        "number": "20",
        "name": "Juanfran Torres",
        "substituted_in": true,
        "starting_lineup": true
      },
      {
        "number": "4",
        "name": "Santiago Arias",
        "substituted_in": true,
        "starting_lineup": true
      },
      {
        "number": "14",
        "name": "Rodri",
        "substituted_in": true,
        "starting_lineup": true
      },
      {
        "number": "8",
        "name": "Saúl Ñíguez",
        "substituted_in": true,
        "starting_lineup": true
      },
      {
        "number": "6",
        "name": "Koke",
        "substituted_in": true,
        "starting_lineup": true
      },
      {
        "number": "11",
        "name": "Thomas Lemar",
        "substituted_in": true,
        "starting_lineup": true
      },
      {
        "number": "7",
        "name": "Antoine Griezmann",
        "substituted_in": true,
        "starting_lineup": true
      },
      {
        "number": "22",
        "name": "Álvaro Morata",
        "substituted_in": true,
        "starting_lineup": true
      },
      {
        "number": "23",
        "name": "Vitolo",
        "substituted_in": true,
        "starting_lineup": false
      },
      {
        "number": "10",
        "name": "Ángel Correa",
        "substituted_in": true,
        "starting_lineup": false
      }
    ]
  },
  {
    "url": "https://www.transfermarkt.pl/sd-huesca_atlético-madryt/aufstellung/spielbericht/3080771",
    "match_id": "3080771",
    "date": "sob., 19.01.2019",
    "competition": "LALIGA",
    "matchday": "20. Kolejka",
    "home_team": "SD Huesca",
    "away_team": "Atlético Madryt",
    "home_players": [
      {
        "number": "13",
        "name": "Roberto Santamaría",
        "substituted_in": true,
        "starting_lineup": true
      },
      {
        "number": "3",
        "name": "Xabi Etxeita",
        "substituted_in": true,
        "starting_lineup": true
      },
      {
        "number": "18",
        "name": "Pablo Insua",
        "substituted_in": true,
        "starting_lineup": true
      },
      {
        "number": "14",
        "name": "Jorge Pulido",
        "substituted_in": true,
        "starting_lineup": true
      },
      {
        "number": "24",
        "name": "Jorge Miramón",
        "substituted_in": true,
        "starting_lineup": true
      },
      {
        "number": "23",
        "name": "Damián Musto",
        "substituted_in": true,
        "starting_lineup": true
      },
      {
        "number": "17",
        "name": "Christian Rivera",
        "substituted_in": true,
        "starting_lineup": true
      },
      {
        "number": "6",
        "name": "Moi Gómez",
        "substituted_in": true,
        "starting_lineup": true
      },
      {
        "number": "7",
        "name": "David Ferreiro",
        "substituted_in": true,
        "starting_lineup": true
      },
      {
        "number": "22",
        "name": "Enric Gallego",
        "substituted_in": true,
        "starting_lineup": true
      },
      {
        "number": "9",
        "name": "Cucho Hernández",
        "substituted_in": true,
        "starting_lineup": true
      },
      {
        "number": "21",
        "name": "Yangel Herrera",
        "substituted_in": true,
        "starting_lineup": false
      },
      {
        "number": "11",
        "name": "Álex Gallar",
        "substituted_in": true,
        "starting_lineup": false
      },
      {
        "number": "19",
        "name": "Chimy Ávila",
        "substituted_in": true,
        "starting_lineup": false
      }
    ],
    "away_players": [
      {
        "number": "13",
        "name": "Jan Oblak",
        "substituted_in": true,
        "starting_lineup": true
      },
      {
        "number": "2",
        "name": "Diego Godín",
        "substituted_in": true,
        "starting_lineup": true
      },
      {
        "number": "24",
        "name": "José María Giménez",
        "substituted_in": true,
        "starting_lineup": true
      },
      {
        "number": "21",
        "name": "Lucas Hernández",
        "substituted_in": true,
        "starting_lineup": true
      },
      {
        "number": "4",
        "name": "Santiago Arias",
        "substituted_in": true,
        "starting_lineup": true
      },
      {
        "number": "5",
        "name": "Thomas Partey",
        "substituted_in": true,
        "starting_lineup": true
      },
      {
        "number": "14",
        "name": "Rodri",
        "substituted_in": true,
        "starting_lineup": true
      },
      {
        "number": "6",
        "name": "Koke",
        "substituted_in": true,
        "starting_lineup": true
      },
      {
        "number": "11",
        "name": "Thomas Lemar",
        "substituted_in": true,
        "starting_lineup": true
      },
      {
        "number": "10",
        "name": "Ángel Correa",
        "substituted_in": true,
        "starting_lineup": true
      },
      {
        "number": "7",
        "name": "Antoine Griezmann",
        "substituted_in": true,
        "starting_lineup": true
      },
      {
        "number": "35",
        "name": "Javi Montero",
        "substituted_in": true,
        "starting_lineup": false
      },
      {
        "number": "47",
        "name": "Joaquín Muñoz",
        "substituted_in": true,
        "starting_lineup": false
      },
      {
        "number": "40",
        "name": "Víctor Mollejo",
        "substituted_in": true,
        "starting_lineup": false
      }
    ]
  },
  {
    "url": "https://www.transfermarkt.pl/atlético-madryt_deportivo-alavés/aufstellung/spielbericht/3079490",
    "match_id": "3079490",
    "date": "sob., 08.12.2018",
    "competition": "LALIGA",
    "matchday": "15. Kolejka",
    "home_team": "Atlético Madryt",
    "away_team": "Deportivo Alavés",
    "home_players": [
      {
        "number": "13",
        "name": "Jan Oblak",
        "substituted_in": true,
        "starting_lineup": true
      },
      {
        "number": "15",
        "name": "Stefan Savic",
        "substituted_in": true,
        "starting_lineup": true
      },
      {
        "number": "21",
        "name": "Lucas Hernández",
        "substituted_in": true,
        "starting_lineup": true
      },
      {
        "number": "8",
        "name": "Saúl Ñíguez",
        "substituted_in": true,
        "starting_lineup": true
      },
      {
        "number": "4",
        "name": "Santiago Arias",
        "substituted_in": true,
        "starting_lineup": true
      },
      {
        "number": "5",
        "name": "Thomas Partey",
        "substituted_in": true,
        "starting_lineup": true
      },
      {
        "number": "14",
        "name": "Rodri",
        "substituted_in": true,
        "starting_lineup": true
      },
      {
        "number": "11",
        "name": "Thomas Lemar",
        "substituted_in": true,
        "starting_lineup": true
      },
      {
        "number": "10",
        "name": "Ángel Correa",
        "substituted_in": true,
        "starting_lineup": true
      },
      {
        "number": "7",
        "name": "Antoine Griezmann",
        "substituted_in": true,
        "starting_lineup": true
      },
      {
        "number": "9",
        "name": "Nikola Kalinić",
        "substituted_in": true,
        "starting_lineup": true
      },
      {
        "number": "35",
        "name": "Javi Montero",
        "substituted_in": true,
        "starting_lineup": false
      },
      {
        "number": "24",
        "name": "José María Giménez",
        "substituted_in": true,
        "starting_lineup": false
      },
      {
        "number": "23",
        "name": "Vitolo",
        "substituted_in": true,
        "starting_lineup": false
      }
    ],
    "away_players": [
      {
        "number": "1",
        "name": "Fernando Pacheco",
        "substituted_in": true,
        "starting_lineup": true
      },
      {
        "number": "5",
        "name": "Víctor Laguardia",
        "substituted_in": true,
        "starting_lineup": true
      },
      {
        "number": "15",
        "name": "Ximo Navarro",
        "substituted_in": true,
        "starting_lineup": true
      },
      {
        "number": "3",
        "name": "Rubén Duarte",
        "substituted_in": true,
        "starting_lineup": true
      },
      {
        "number": "21",
        "name": "Martín Aguirregabiria",
        "substituted_in": true,
        "starting_lineup": true
      },
      {
        "number": "19",
        "name": "Manu García",
        "substituted_in": true,
        "starting_lineup": true
      },
      {
        "number": "22",
        "name": "Mubarak Wakaso",
        "substituted_in": true,
        "starting_lineup": true
      },
      {
        "number": "8",
        "name": "Tomás Pina",
        "substituted_in": true,
        "starting_lineup": true
      },
      {
        "number": "23",
        "name": "Jony",
        "substituted_in": true,
        "starting_lineup": true
      },
      {
        "number": "11",
        "name": "Ibai Gómez",
        "substituted_in": true,
        "starting_lineup": true
      },
      {
        "number": "12",
        "name": "Jonathan Calleri",
        "substituted_in": true,
        "starting_lineup": true
      },
      {
        "number": "14",
        "name": "Burgui",
        "substituted_in": true,
        "starting_lineup": false
      },
      {
        "number": "7",
        "name": "Rubén Sobrino",
        "substituted_in": true,
        "starting_lineup": false
      },
      {
        "number": "18",
        "name": "Borja Bastón",
        "substituted_in": true,
        "starting_lineup": false
      }
    ]
  },
  {
    "url": "https://www.transfermarkt.pl/sevilla-fc_atlético-madryt/aufstellung/spielbericht/3079520",
    "match_id": "3079520",
    "date": "niedz., 06.01.2019",
    "competition": "LALIGA",
    "matchday": "18. Kolejka",
    "home_team": "Sevilla FC",
    "away_team": "Atlético Madryt",
    "home_players": [
      {
        "number": "1",
        "name": "Tomáš Vaclík",
        "substituted_in": true,
        "starting_lineup": true
      },
      {
        "number": "3",
        "name": "Sergi Gómez",
        "substituted_in": true,
        "starting_lineup": true
      },
      {
        "number": "6",
        "name": "Daniel Carriço",
        "substituted_in": true,
        "starting_lineup": true
      },
      {
        "number": "24",
        "name": "Joris Gnagnon",
        "substituted_in": true,
        "starting_lineup": true
      },
      {
        "number": "7",
        "name": "Roque Mesa",
        "substituted_in": true,
        "starting_lineup": true
      },
      {
        "number": "10",
        "name": "Éver Banega",
        "substituted_in": true,
        "starting_lineup": true
      },
      {
        "number": "16",
        "name": "Jesús Navas",
        "substituted_in": true,
        "starting_lineup": true
      },
      {
        "number": "18",
        "name": "Sergio Escudero",
        "substituted_in": true,
        "starting_lineup": true
      },
      {
        "number": "17",
        "name": "Pablo Sarabia",
        "substituted_in": true,
        "starting_lineup": true
      },
      {
        "number": "9",
        "name": "Wissam Ben Yedder",
        "substituted_in": true,
        "starting_lineup": true
      },
      {
        "number": "12",
        "name": "André Silva",
        "substituted_in": true,
        "starting_lineup": true
      },
      {
        "number": "5",
        "name": "Ibrahim Amadou",
        "substituted_in": true,
        "starting_lineup": false
      },
      {
        "number": "41",
        "name": "Bryan Gil",
        "substituted_in": true,
        "starting_lineup": false
      },
      {
        "number": "21",
        "name": "Quincy Promes",
        "substituted_in": true,
        "starting_lineup": false
      }
    ],
    "away_players": [
      {
        "number": "13",
        "name": "Jan Oblak",
        "substituted_in": true,
        "starting_lineup": true
      },
      {
        "number": "2",
        "name": "Diego Godín",
        "substituted_in": true,
        "starting_lineup": true
      },
      {
        "number": "15",
        "name": "Stefan Savic",
        "substituted_in": true,
        "starting_lineup": true
      },
      {
        "number": "8",
        "name": "Saúl Ñíguez",
        "substituted_in": true,
        "starting_lineup": true
      },
      {
        "number": "20",
        "name": "Juanfran Torres",
        "substituted_in": true,
        "starting_lineup": true
      },
      {
        "number": "14",
        "name": "Rodri",
        "substituted_in": true,
        "starting_lineup": true
      },
      {
        "number": "6",
        "name": "Koke",
        "substituted_in": true,
        "starting_lineup": true
      },
      {
        "number": "5",
        "name": "Thomas Partey",
        "substituted_in": true,
        "starting_lineup": true
      },
      {
        "number": "11",
        "name": "Thomas Lemar",
        "substituted_in": true,
        "starting_lineup": true
      },
      {
        "number": "10",
        "name": "Ángel Correa",
        "substituted_in": true,
        "starting_lineup": true
      },
      {
        "number": "7",
        "name": "Antoine Griezmann",
        "substituted_in": true,
        "starting_lineup": true
      },
      {
        "number": "35",
        "name": "Javi Montero",
        "substituted_in": true,
        "starting_lineup": false
      },
      {
        "number": "23",
        "name": "Vitolo",
        "substituted_in": true,
        "starting_lineup": false
      }
    ]
  },
  {
    "url": "https://www.transfermarkt.pl/sd-eibar_atlético-madryt/aufstellung/spielbericht/3080898",
    "match_id": "3080898",
    "date": "sob., 20.04.2019",
    "competition": "LALIGA",
    "matchday": "33. Kolejka",
    "home_team": "SD Eibar",
    "away_team": "Atlético Madryt",
    "home_players": [
      {
        "number": "1",
        "name": "Marko Dmitrovic",
        "substituted_in": true,
        "starting_lineup": true
      },
      {
        "number": "12",
        "name": "Paulo Oliveira",
        "substituted_in": true,
        "starting_lineup": true
      },
      {
        "number": "6",
        "name": "Sergio Álvarez",
        "substituted_in": true,
        "starting_lineup": true
      },
      {
        "number": "15",
        "name": "Cote",
        "substituted_in": true,
        "starting_lineup": true
      },
      {
        "number": "16",
        "name": "Pablo de Blasis",
        "substituted_in": true,
        "starting_lineup": true
      },
      {
        "number": "5",
        "name": "Gonzalo Escalante",
        "substituted_in": true,
        "starting_lineup": true
      },
      {
        "number": "24",
        "name": "Joan Jordán",
        "substituted_in": true,
        "starting_lineup": true
      },
      {
        "number": "20",
        "name": "Marc Cucurella",
        "substituted_in": true,
        "starting_lineup": true
      },
      {
        "number": "14",
        "name": "Fabián Orellana",
        "substituted_in": true,
        "starting_lineup": true
      },
      {
        "number": "7",
        "name": "Marc Cardona",
        "substituted_in": true,
        "starting_lineup": true
      },
      {
        "number": "9",
        "name": "Sergi Enrich",
        "substituted_in": true,
        "starting_lineup": true
      },
      {
        "number": "21",
        "name": "Pedro León",
        "substituted_in": true,
        "starting_lineup": false
      },
      {
        "number": "17",
        "name": "Kike García",
        "substituted_in": true,
        "starting_lineup": false
      },
      {
        "number": "19",
        "name": "Charles",
        "substituted_in": true,
        "starting_lineup": false
      }
    ],
    "away_players": [
      {
        "number": "13",
        "name": "Jan Oblak",
        "substituted_in": true,
        "starting_lineup": true
      },
      {
        "number": "2",
        "name": "Diego Godín",
        "substituted_in": true,
        "starting_lineup": true
      },
      {
        "number": "24",
        "name": "José María Giménez",
        "substituted_in": true,
        "starting_lineup": true
      },
      {
        "number": "8",
        "name": "Saúl Ñíguez",
        "substituted_in": true,
        "starting_lineup": true
      },
      {
        "number": "4",
        "name": "Santiago Arias",
        "substituted_in": true,
        "starting_lineup": true
      },
      {
        "number": "5",
        "name": "Thomas Partey",
        "substituted_in": true,
        "starting_lineup": true
      },
      {
        "number": "14",
        "name": "Rodri",
        "substituted_in": true,
        "starting_lineup": true
      },
      {
        "number": "6",
        "name": "Koke",
        "substituted_in": true,
        "starting_lineup": true
      },
      {
        "number": "23",
        "name": "Vitolo",
        "substituted_in": true,
        "starting_lineup": true
      },
      {
        "number": "10",
        "name": "Ángel Correa",
        "substituted_in": true,
        "starting_lineup": true
      },
      {
        "number": "22",
        "name": "Álvaro Morata",
        "substituted_in": true,
        "starting_lineup": true
      },
      {
        "number": "3",
        "name": "Filipe Luís",
        "substituted_in": true,
        "starting_lineup": false
      },
      {
        "number": "11",
        "name": "Thomas Lemar",
        "substituted_in": true,
        "starting_lineup": false
      },
      {
        "number": "9",
        "name": "Nikola Kalinić",
        "substituted_in": true,
        "starting_lineup": false
      }
    ]
  },
  {
    "url": "https://www.transfermarkt.pl/atlético-madryt_real-sociedad/aufstellung/spielbericht/3079434",
    "match_id": "3079434",
    "date": "sob., 27.10.2018",
    "competition": "LALIGA",
    "matchday": "10. Kolejka",
    "home_team": "Atlético Madryt",
    "away_team": "Real Sociedad",
    "home_players": [
      {
        "number": "13",
        "name": "Jan Oblak",
        "substituted_in": true,
        "starting_lineup": true
      },
      {
        "number": "2",
        "name": "Diego Godín",
        "substituted_in": true,
        "starting_lineup": true
      },
      {
        "number": "15",
        "name": "Stefan Savic",
        "substituted_in": true,
        "starting_lineup": true
      },
      {
        "number": "21",
        "name": "Lucas Hernández",
        "substituted_in": true,
        "starting_lineup": true
      },
      {
        "number": "4",
        "name": "Santiago Arias",
        "substituted_in": true,
        "starting_lineup": true
      },
      {
        "number": "14",
        "name": "Rodri",
        "substituted_in": true,
        "starting_lineup": true
      },
      {
        "number": "8",
        "name": "Saúl Ñíguez",
        "substituted_in": true,
        "starting_lineup": true
      },
      {
        "number": "6",
        "name": "Koke",
        "substituted_in": true,
        "starting_lineup": true
      },
      {
        "number": "10",
        "name": "Ángel Correa",
        "substituted_in": true,
        "starting_lineup": true
      },
      {
        "number": "7",
        "name": "Antoine Griezmann",
        "substituted_in": true,
        "starting_lineup": true
      },
      {
        "number": "19",
        "name": "Diego Costa",
        "substituted_in": true,
        "starting_lineup": true
      },
      {
        "number": "3",
        "name": "Filipe Luís",
        "substituted_in": true,
        "starting_lineup": false
      },
      {
        "number": "11",
        "name": "Thomas Lemar",
        "substituted_in": true,
        "starting_lineup": false
      }
    ],
    "away_players": [
      {
        "number": "13",
        "name": "Miguel Ángel Moyá",
        "substituted_in": true,
        "starting_lineup": true
      },
      {
        "number": "15",
        "name": "Aritz Elustondo",
        "substituted_in": true,
        "starting_lineup": true
      },
      {
        "number": "22",
        "name": "Raúl Navas",
        "substituted_in": true,
        "starting_lineup": true
      },
      {
        "number": "20",
        "name": "Kévin Rodrigues",
        "substituted_in": true,
        "starting_lineup": true
      },
      {
        "number": "18",
        "name": "Andoni Gorosabel",
        "substituted_in": true,
        "starting_lineup": true
      },
      {
        "number": "5",
        "name": "Igor Zubeldia",
        "substituted_in": true,
        "starting_lineup": true
      },
      {
        "number": "4",
        "name": "Asier Illarramendi",
        "substituted_in": true,
        "starting_lineup": true
      },
      {
        "number": "23",
        "name": "Luca Sangalli",
        "substituted_in": true,
        "starting_lineup": true
      },
      {
        "number": "17",
        "name": "David Zurutuza",
        "substituted_in": true,
        "starting_lineup": true
      },
      {
        "number": "14",
        "name": "Rubén Pardo",
        "substituted_in": true,
        "starting_lineup": true
      },
      {
        "number": "12",
        "name": "Willian José",
        "substituted_in": true,
        "starting_lineup": true
      },
      {
        "number": "7",
        "name": "Juanmi",
        "substituted_in": true,
        "starting_lineup": false
      },
      {
        "number": "11",
        "name": "Adnan Januzaj",
        "substituted_in": true,
        "starting_lineup": false
      },
      {
        "number": "24",
        "name": "Sandro Ramírez",
        "substituted_in": true,
        "starting_lineup": false
      }
    ]
  },
  {
    "url": "https://www.transfermarkt.pl/atlético-madryt_real-madryt/aufstellung/spielbericht/3080792",
    "match_id": "3080792",
    "date": "sob., 09.02.2019",
    "competition": "LALIGA",
    "matchday": "23. Kolejka",
    "home_team": "Atlético Madryt",
    "away_team": "Real Madryt",
    "home_players": [
      {
        "number": "13",
        "name": "Jan Oblak",
        "substituted_in": true,
        "starting_lineup": true
      },
      {
        "number": "2",
        "name": "Diego Godín",
        "substituted_in": true,
        "starting_lineup": true
      },
      {
        "number": "24",
        "name": "José María Giménez",
        "substituted_in": true,
        "starting_lineup": true
      },
      {
        "number": "21",
        "name": "Lucas Hernández",
        "substituted_in": true,
        "starting_lineup": true
      },
      {
        "number": "4",
        "name": "Santiago Arias",
        "substituted_in": true,
        "starting_lineup": true
      },
      {
        "number": "5",
        "name": "Thomas Partey",
        "substituted_in": true,
        "starting_lineup": true
      },
      {
        "number": "8",
        "name": "Saúl Ñíguez",
        "substituted_in": true,
        "starting_lineup": true
      },
      {
        "number": "11",
        "name": "Thomas Lemar",
        "substituted_in": true,
        "starting_lineup": true
      },
      {
        "number": "10",
        "name": "Ángel Correa",
        "substituted_in": true,
        "starting_lineup": true
      },
      {
        "number": "7",
        "name": "Antoine Griezmann",
        "substituted_in": true,
        "starting_lineup": true
      },
      {
        "number": "22",
        "name": "Álvaro Morata",
        "substituted_in": true,
        "starting_lineup": true
      },
      {
        "number": "14",
        "name": "Rodri",
        "substituted_in": true,
        "starting_lineup": false
      },
      {
        "number": "23",
        "name": "Vitolo",
        "substituted_in": true,
        "starting_lineup": false
      },
      {
        "number": "9",
        "name": "Nikola Kalinić",
        "substituted_in": true,
        "starting_lineup": false
      }
    ],
    "away_players": [
      {
        "number": "25",
        "name": "Thibaut Courtois",
        "substituted_in": true,
        "starting_lineup": true
      },
      {
        "number": "4",
        "name": "Sergio Ramos",
        "substituted_in": true,
        "starting_lineup": true
      },
      {
        "number": "5",
        "name": "Raphaël Varane",
        "substituted_in": true,
        "starting_lineup": true
      },
      {
        "number": "23",
        "name": "Sergio Reguilón",
        "substituted_in": true,
        "starting_lineup": true
      },
      {
        "number": "2",
        "name": "Daniel Carvajal",
        "substituted_in": true,
        "starting_lineup": true
      },
      {
        "number": "14",
        "name": "Casemiro",
        "substituted_in": true,
        "starting_lineup": true
      },
      {
        "number": "8",
        "name": "Toni Kroos",
        "substituted_in": true,
        "starting_lineup": true
      },
      {
        "number": "10",
        "name": "Luka Modrić",
        "substituted_in": true,
        "starting_lineup": true
      },
      {
        "number": "28",
        "name": "Vinicius Junior",
        "substituted_in": true,
        "starting_lineup": true
      },
      {
        "number": "17",
        "name": "Lucas Vázquez",
        "substituted_in": true,
        "starting_lineup": true
      },
      {
        "number": "9",
        "name": "Karim Benzema",
        "substituted_in": true,
        "starting_lineup": true
      },
      {
        "number": "24",
        "name": "Dani Ceballos",
        "substituted_in": true,
        "starting_lineup": false
      },
      {
        "number": "11",
        "name": "Gareth Bale",
        "substituted_in": true,
        "starting_lineup": false
      },
      {
        "number": "7",
        "name": "Mariano Díaz",
        "substituted_in": true,
        "starting_lineup": false
      }
    ]
  },
  {
    "url": "https://www.transfermarkt.pl/deportivo-alavés_atlético-madryt/aufstellung/spielbericht/3080852",
    "match_id": "3080852",
    "date": "sob., 30.03.2019",
    "competition": "LALIGA",
    "matchday": "29. Kolejka",
    "home_team": "Deportivo Alavés",
    "away_team": "Atlético Madryt",
    "home_players": [
      {
        "number": "1",
        "name": "Fernando Pacheco",
        "substituted_in": true,
        "starting_lineup": true
      },
      {
        "number": "4",
        "name": "Rodrigo Ely",
        "substituted_in": true,
        "starting_lineup": true
      },
      {
        "number": "5",
        "name": "Víctor Laguardia",
        "substituted_in": true,
        "starting_lineup": true
      },
      {
        "number": "3",
        "name": "Rubén Duarte",
        "substituted_in": true,
        "starting_lineup": true
      },
      {
        "number": "15",
        "name": "Ximo Navarro",
        "substituted_in": true,
        "starting_lineup": true
      },
      {
        "number": "19",
        "name": "Manu García",
        "substituted_in": true,
        "starting_lineup": true
      },
      {
        "number": "8",
        "name": "Tomás Pina",
        "substituted_in": true,
        "starting_lineup": true
      },
      {
        "number": "20",
        "name": "Darko Brasanac",
        "substituted_in": true,
        "starting_lineup": true
      },
      {
        "number": "23",
        "name": "Jony",
        "substituted_in": true,
        "starting_lineup": true
      },
      {
        "number": "10",
        "name": "John Guidetti",
        "substituted_in": true,
        "starting_lineup": true
      },
      {
        "number": "12",
        "name": "Jonathan Calleri",
        "substituted_in": true,
        "starting_lineup": true
      },
      {
        "number": "22",
        "name": "Mubarak Wakaso",
        "substituted_in": true,
        "starting_lineup": false
      },
      {
        "number": "11",
        "name": "Takashi Inui",
        "substituted_in": true,
        "starting_lineup": false
      },
      {
        "number": "24",
        "name": "Patrick Twumasi",
        "substituted_in": true,
        "starting_lineup": false
      }
    ],
    "away_players": [
      {
        "number": "13",
        "name": "Jan Oblak",
        "substituted_in": true,
        "starting_lineup": true
      },
      {
        "number": "2",
        "name": "Diego Godín",
        "substituted_in": true,
        "starting_lineup": true
      },
      {
        "number": "24",
        "name": "José María Giménez",
        "substituted_in": true,
        "starting_lineup": true
      },
      {
        "number": "3",
        "name": "Filipe Luís",
        "substituted_in": true,
        "starting_lineup": true
      },
      {
        "number": "20",
        "name": "Juanfran Torres",
        "substituted_in": true,
        "starting_lineup": true
      },
      {
        "number": "5",
        "name": "Thomas Partey",
        "substituted_in": true,
        "starting_lineup": true
      },
      {
        "number": "6",
        "name": "Koke",
        "substituted_in": true,
        "starting_lineup": true
      },
      {
        "number": "8",
        "name": "Saúl Ñíguez",
        "substituted_in": true,
        "starting_lineup": true
      },
      {
        "number": "7",
        "name": "Antoine Griezmann",
        "substituted_in": true,
        "starting_lineup": true
      },
      {
        "number": "19",
        "name": "Diego Costa",
        "substituted_in": true,
        "starting_lineup": true
      },
      {
        "number": "22",
        "name": "Álvaro Morata",
        "substituted_in": true,
        "starting_lineup": true
      },
      {
        "number": "11",
        "name": "Thomas Lemar",
        "substituted_in": true,
        "starting_lineup": false
      },
      {
        "number": "10",
        "name": "Ángel Correa",
        "substituted_in": true,
        "starting_lineup": false
      },
      {
        "number": "9",
        "name": "Nikola Kalinić",
        "substituted_in": true,
        "starting_lineup": false
      }
    ]
  },
  {
    "url": "https://www.transfermarkt.pl/fc-barcelona_atlético-madryt/aufstellung/spielbericht/3080877",
    "match_id": "3080877",
    "date": "sob., 06.04.2019",
    "competition": "LALIGA",
    "matchday": "31. Kolejka",
    "home_team": "FC Barcelona",
    "away_team": "Atlético Madryt",
    "home_players": [
      {
        "number": "1",
        "name": "Marc-André ter Stegen",
        "substituted_in": true,
        "starting_lineup": true
      },
      {
        "number": "15",
        "name": "Clément Lenglet",
        "substituted_in": true,
        "starting_lineup": true
      },
      {
        "number": "3",
        "name": "Gerard Piqué",
        "substituted_in": true,
        "starting_lineup": true
      },
      {
        "number": "18",
        "name": "Jordi Alba",
        "substituted_in": true,
        "starting_lineup": true
      },
      {
        "number": "20",
        "name": "Sergi Roberto",
        "substituted_in": true,
        "starting_lineup": true
      },
      {
        "number": "5",
        "name": "Sergio Busquets",
        "substituted_in": true,
        "starting_lineup": true
      },
      {
        "number": "8",
        "name": "Arthur Melo",
        "substituted_in": true,
        "starting_lineup": true
      },
      {
        "number": "4",
        "name": "Ivan Rakitic",
        "substituted_in": true,
        "starting_lineup": true
      },
      {
        "number": "7",
        "name": "Philippe Coutinho",
        "substituted_in": true,
        "starting_lineup": true
      },
      {
        "number": "10",
        "name": "Lionel Messi",
        "substituted_in": true,
        "starting_lineup": true
      },
      {
        "number": "9",
        "name": "Luis Suárez",
        "substituted_in": true,
        "starting_lineup": true
      },
      {
        "number": "2",
        "name": "Nélson Semedo",
        "substituted_in": true,
        "starting_lineup": false
      },
      {
        "number": "21",
        "name": "Carles Aleñá",
        "substituted_in": true,
        "starting_lineup": false
      },
      {
        "number": "14",
        "name": "Malcom",
        "substituted_in": true,
        "starting_lineup": false
      }
    ],
    "away_players": [
      {
        "number": "13",
        "name": "Jan Oblak",
        "substituted_in": true,
        "starting_lineup": true
      },
      {
        "number": "2",
        "name": "Diego Godín",
        "substituted_in": true,
        "starting_lineup": true
      },
      {
        "number": "24",
        "name": "José María Giménez",
        "substituted_in": true,
        "starting_lineup": true
      },
      {
        "number": "3",
        "name": "Filipe Luís",
        "substituted_in": true,
        "starting_lineup": true
      },
      {
        "number": "4",
        "name": "Santiago Arias",
        "substituted_in": true,
        "starting_lineup": true
      },
      {
        "number": "5",
        "name": "Thomas Partey",
        "substituted_in": true,
        "starting_lineup": true
      },
      {
        "number": "14",
        "name": "Rodri",
        "substituted_in": true,
        "starting_lineup": true
      },
      {
        "number": "6",
        "name": "Koke",
        "substituted_in": true,
        "starting_lineup": true
      },
      {
        "number": "8",
        "name": "Saúl Ñíguez",
        "substituted_in": true,
        "starting_lineup": true
      },
      {
        "number": "7",
        "name": "Antoine Griezmann",
        "substituted_in": true,
        "starting_lineup": true
      },
      {
        "number": "19",
        "name": "Diego Costa",
        "substituted_in": true,
        "starting_lineup": true
      },
      {
        "number": "20",
        "name": "Juanfran Torres",
        "substituted_in": true,
        "starting_lineup": false
      },
      {
        "number": "10",
        "name": "Ángel Correa",
        "substituted_in": true,
        "starting_lineup": false
      },
      {
        "number": "22",
        "name": "Álvaro Morata",
        "substituted_in": true,
        "starting_lineup": false
      }
    ]
  }
]