[
  {
    "url": "https://www.transfermarkt.pl/real-valladolid-cf_atlético-madryt/aufstellung/spielbericht/957342",
    "match_id": "957342",
    "date": "sob., 09.01.2010",
    "competition": "LALIGA",
    "matchday": "17. Kolejka",
    "home_team": "Real Valladolid CF",
    "away_team": "Atlético Madryt",
    "home_players": [
      {
        "number": "1",
        "name": "Justo Villar",
        "substituted_in": true,
        "starting_lineup": true
      },
      {
        "number": "4",
        "name": "Nivaldo",
        "substituted_in": true,
        "starting_lineup": true
      },
      {
        "number": "17",
        "name": "Luis Prieto",
        "substituted_in": true,
        "starting_lineup": true
      },
      {
        "number": "3",
        "name": "Alberto Marcos",
        "substituted_in": true,
        "starting_lineup": true
      },
      {
        "number": "16",
        "name": "Pedro López",
        "substituted_in": true,
        "starting_lineup": true
      },
      {
        "number": "10",
        "name": "Borja Fernández",
        "substituted_in": true,
        "starting_lineup": true
      },
      {
        "number": "6",
        "name": "Pelé",
        "substituted_in": true,
        "starting_lineup": true
      },
      {
        "number": "20",
        "name": "Fabián Canobbio",
        "substituted_in": true,
        "starting_lineup": true
      },
      {
        "number": "11",
        "name": "Alberto Bueno",
        "substituted_in": true,
        "starting_lineup": true
      },
      {
        "number": "7",
        "name": "Nauzet Alemán",
        "substituted_in": true,
        "starting_lineup": true
      },
      {
        "number": "22",
        "name": "Diego Costa",
        "substituted_in": true,
        "starting_lineup": true
      },
      {
        "number": "14",
        "name": "Héctor Font",
        "substituted_in": true,
        "starting_lineup": false
      },
      {
        "number": "23",
        "name": "Marquitos",
        "substituted_in": true,
        "starting_lineup": false
      }
    ],
    "away_players": [
      {
        "number": "1",
        "name": "Sergio Asenjo",
        "substituted_in": true,
        "starting_lineup": true
      },
      {
        "number": "18",
        "name": "Álvaro Domínguez",
        "substituted_in": true,
        "starting_lineup": true
      },
      {
        "number": "21",
        "name": "Luis Amaranto Perea",
        "substituted_in": true,
        "starting_lineup": true
      },
      {
        "number": "3",
        "name": "Antonio López",
        "substituted_in": true,
        "starting_lineup": true
      },
      {
        "number": "2",
        "name": "Juan Valera",
        "substituted_in": true,
        "starting_lineup": true
      },
      {
        "number": "12",
        "name": "Paulo Assunção",
        "substituted_in": true,
        "starting_lineup": true
      },
      {
        "number": "8",
        "name": "Raúl García",
        "substituted_in": true,
        "starting_lineup": true
      },
      {
        "number": "9",
        "name": "José Manuel Jurado",
        "substituted_in": true,
        "starting_lineup": true
      },
      {
        "number": "19",
        "name": "José Antonio Reyes",
        "substituted_in": true,
        "starting_lineup": true
      },
      {
        "number": "20",
        "name": "Simão",
        "substituted_in": true,
        "starting_lineup": true
      },
      {
        "number": "7",
        "name": "Diego Forlán",
        "substituted_in": true,
        "starting_lineup": true
      },
      {
        "number": "6",
        "name": "Ignacio Camacho",
        "substituted_in": true,
        "starting_lineup": false
      },
      {
        "number": "23",
        "name": "Cléber Santana",
        "substituted_in": true,
        "starting_lineup": false
      },
      {
        "number": "10",
        "name": "Sergio Agüero",
        "substituted_in": true,
        "starting_lineup": false
      }
    ]
  },
  {
    "url": "https://www.transfermarkt.pl/atlético-madryt_recreativo-huelva/aufstellung/spielbericht/986482",
    "match_id": "986482",
    "date": "czw., 14.01.2010",
    "competition": "Unknown",
    "matchday": "Unknown",
    "home_team": "Atlético Madryt",
    "away_team": "Recreativo Huelva",
    "home_players": [
      {
        "number": "-",
        "name": "David de Gea",
        "substituted_in": true,
        "starting_lineup": true
      },
      {
        "number": "-",
        "name": "Álvaro Domínguez",
        "substituted_in": true,
        "starting_lineup": true
      },
      {
        "number": "-",
        "name": "Luis Amaranto Perea",
        "substituted_in": true,
        "starting_lineup": true
      },
      {
        "number": "-",
        "name": "Tomas Ujfalusi",
        "substituted_in": true,
        "starting_lineup": true
      },
      {
        "number": "-",
        "name": "Antonio López",
        "substituted_in": true,
        "starting_lineup": true
      },
      {
        "number": "-",
        "name": "Paulo Assunção",
        "substituted_in": true,
        "starting_lineup": true
      },
      {
        "number": "-",
        "name": "José Manuel Jurado",
        "substituted_in": true,
        "starting_lineup": true
      },
      {
        "number": "-",
        "name": "Simão",
        "substituted_in": true,
        "starting_lineup": true
      },
      {
        "number": "-",
        "name": "José Antonio Reyes",
        "substituted_in": true,
        "starting_lineup": true
      },
      {
        "number": "-",
        "name": "Diego Forlán",
        "substituted_in": true,
        "starting_lineup": true
      },
      {
        "number": "-",
        "name": "Sergio Agüero",
        "substituted_in": true,
        "starting_lineup": true
      },
      {
        "number": "-",
        "name": "Juan Valera",
        "substituted_in": true,
        "starting_lineup": false
      },
      {
        "number": "-",
        "name": "Raúl García",
        "substituted_in": true,
        "starting_lineup": false
      },
      {
        "number": "-",
        "name": "Ibrahima Balde",
        "substituted_in": true,
        "starting_lineup": false
      }
    ],
    "away_players": [
      {
        "number": "-",
        "name": "Bernardo Domínguez",
        "substituted_in": true,
        "starting_lineup": true
      },
      {
        "number": "-",
        "name": "Pepe Mora",
        "substituted_in": true,
        "starting_lineup": true
      },
      {
        "number": "-",
        "name": "Magnus Troest",
        "substituted_in": true,
        "starting_lineup": true
      },
      {
        "number": "-",
        "name": "Carlos Peña",
        "substituted_in": true,
        "starting_lineup": true
      },
      {
        "number": "-",
        "name": "Aitor Tornavaca",
        "substituted_in": true,
        "starting_lineup": true
      },
      {
        "number": "-",
        "name": "David Córcoles",
        "substituted_in": true,
        "starting_lineup": true
      },
      {
        "number": "-",
        "name": "Javi Fuego",
        "substituted_in": true,
        "starting_lineup": true
      },
      {
        "number": "-",
        "name": "Jesús Vázquez",
        "substituted_in": true,
        "starting_lineup": true
      },
      {
        "number": "-",
        "name": "Álvaro Antón",
        "substituted_in": true,
        "starting_lineup": true
      },
      {
        "number": "-",
        "name": "Pablo Sánchez",
        "substituted_in": true,
        "starting_lineup": true
      },
      {
        "number": "-",
        "name": "Bruno Fornaroli",
        "substituted_in": true,
        "starting_lineup": true
      },
      {
        "number": "-",
        "name": "Carlos Carmona",
        "substituted_in": true,
        "starting_lineup": false
      },
      {
        "number": "-",
        "name": "Daniel Candeias",
        "substituted_in": true,
        "starting_lineup": false
      },
      {
        "number": "-",
        "name": "Jerónimo Barrales",
        "substituted_in": true,
        "starting_lineup": false
      }
    ]
  },
  {
    "url": "https://www.transfermarkt.pl/fc-porto_atlético-madryt/aufstellung/spielbericht/971644",
    "match_id": "971644",
    "date": "śr., 30.09.2009",
    "competition": "Unknown",
    "matchday": "Unknown",
    "home_team": "FC Porto",
    "away_team": "Atlético Madryt",
    "home_players": [
      {
        "number": "1",
        "name": "Helton",
        "substituted_in": true,
        "starting_lineup": true
      },
      {
        "number": "2",
        "name": "Bruno Alves",
        "substituted_in": true,
        "starting_lineup": true
      },
      {
        "number": "14",
        "name": "Rolando",
        "substituted_in": true,
        "starting_lineup": true
      },
      {
        "number": "15",
        "name": "Álvaro Pereira",
        "substituted_in": true,
        "starting_lineup": true
      },
      {
        "number": "13",
        "name": "Jorge Fucile",
        "substituted_in": true,
        "starting_lineup": true
      },
      {
        "number": "20",
        "name": "Tomás Costa",
        "substituted_in": true,
        "starting_lineup": true
      },
      {
        "number": "3",
        "name": "Raúl Meireles",
        "substituted_in": true,
        "starting_lineup": true
      },
      {
        "number": "7",
        "name": "Fernando Belluschi",
        "substituted_in": true,
        "starting_lineup": true
      },
      {
        "number": "11",
        "name": "Mariano González",
        "substituted_in": true,
        "starting_lineup": true
      },
      {
        "number": "12",
        "name": "Hulk",
        "substituted_in": true,
        "starting_lineup": true
      },
      {
        "number": "9",
        "name": "Radamel Falcao",
        "substituted_in": true,
        "starting_lineup": true
      },
      {
        "number": "6",
        "name": "Fredy Guarín",
        "substituted_in": true,
        "starting_lineup": false
      },
      {
        "number": "8",
        "name": "Diego Váleri",
        "substituted_in": true,
        "starting_lineup": false
      },
      {
        "number": "19",
        "name": "Ernesto Farías",
        "substituted_in": true,
        "starting_lineup": false
      }
    ],
    "away_players": [
      {
        "number": "13",
        "name": "Roberto",
        "substituted_in": true,
        "starting_lineup": true
      },
      {
        "number": "16",
        "name": "Juanito",
        "substituted_in": true,
        "starting_lineup": true
      },
      {
        "number": "22",
        "name": "Pablo Ibáñez",
        "substituted_in": true,
        "starting_lineup": true
      },
      {
        "number": "21",
        "name": "Luis Amaranto Perea",
        "substituted_in": true,
        "starting_lineup": true
      },
      {
        "number": "17",
        "name": "Tomas Ujfalusi",
        "substituted_in": true,
        "starting_lineup": true
      },
      {
        "number": "12",
        "name": "Paulo Assunção",
        "substituted_in": true,
        "starting_lineup": true
      },
      {
        "number": "23",
        "name": "Cléber Santana",
        "substituted_in": true,
        "starting_lineup": true
      },
      {
        "number": "10",
        "name": "Sergio Agüero",
        "substituted_in": true,
        "starting_lineup": true
      },
      {
        "number": "20",
        "name": "Simão",
        "substituted_in": true,
        "starting_lineup": true
      },
      {
        "number": "9",
        "name": "José Manuel Jurado",
        "substituted_in": true,
        "starting_lineup": true
      },
      {
        "number": "7",
        "name": "Diego Forlán",
        "substituted_in": true,
        "starting_lineup": true
      },
      {
        "number": "13",
        "name": "David de Gea",
        "substituted_in": true,
        "starting_lineup": false
      },
      {
        "number": "11",
        "name": "Maxi Rodríguez",
        "substituted_in": true,
        "starting_lineup": false
      },
      {
        "number": "19",
        "name": "José Antonio Reyes",
        "substituted_in": true,
        "starting_lineup": false
      }
    ]
  },
  {
    "url": "https://www.transfermarkt.pl/atlético-madryt_fc-porto/aufstellung/spielbericht/971648",
    "match_id": "971648",
    "date": "wt., 08.12.2009",
    "competition": "Unknown",
    "matchday": "Unknown",
    "home_team": "Atlético Madryt",
    "away_team": "FC Porto",
    "home_players": [
      {
        "number": "1",
        "name": "Sergio Asenjo",
        "substituted_in": true,
        "starting_lineup": true
      },
      {
        "number": "16",
        "name": "Juanito",
        "substituted_in": true,
        "starting_lineup": true
      },
      {
        "number": "21",
        "name": "Luis Amaranto Perea",
        "substituted_in": true,
        "starting_lineup": true
      },
      {
        "number": "18",
        "name": "Álvaro Domínguez",
        "substituted_in": true,
        "starting_lineup": true
      },
      {
        "number": "2",
        "name": "Juan Valera",
        "substituted_in": true,
        "starting_lineup": true
      },
      {
        "number": "12",
        "name": "Paulo Assunção",
        "substituted_in": true,
        "starting_lineup": true
      },
      {
        "number": "23",
        "name": "Cléber Santana",
        "substituted_in": true,
        "starting_lineup": true
      },
      {
        "number": "20",
        "name": "Simão",
        "substituted_in": true,
        "starting_lineup": true
      },
      {
        "number": "11",
        "name": "Maxi Rodríguez",
        "substituted_in": true,
        "starting_lineup": true
      },
      {
        "number": "7",
        "name": "Diego Forlán",
        "substituted_in": true,
        "starting_lineup": true
      },
      {
        "number": "10",
        "name": "Sergio Agüero",
        "substituted_in": true,
        "starting_lineup": true
      },
      {
        "number": "3",
        "name": "Antonio López",
        "substituted_in": true,
        "starting_lineup": false
      },
      {
        "number": "9",
        "name": "José Manuel Jurado",
        "substituted_in": true,
        "starting_lineup": false
      },
      {
        "number": "19",
        "name": "José Antonio Reyes",
        "substituted_in": true,
        "starting_lineup": false
      }
    ],
    "away_players": [
      {
        "number": "1",
        "name": "Helton",
        "substituted_in": true,
        "starting_lineup": true
      },
      {
        "number": "2",
        "name": "Bruno Alves",
        "substituted_in": true,
        "starting_lineup": true
      },
      {
        "number": "16",
        "name": "Maicon",
        "substituted_in": true,
        "starting_lineup": true
      },
      {
        "number": "15",
        "name": "Álvaro Pereira",
        "substituted_in": true,
        "starting_lineup": true
      },
      {
        "number": "13",
        "name": "Jorge Fucile",
        "substituted_in": true,
        "starting_lineup": true
      },
      {
        "number": "25",
        "name": "Fernando",
        "substituted_in": true,
        "starting_lineup": true
      },
      {
        "number": "3",
        "name": "Raúl Meireles",
        "substituted_in": true,
        "starting_lineup": true
      },
      {
        "number": "8",
        "name": "Diego Váleri",
        "substituted_in": true,
        "starting_lineup": true
      },
      {
        "number": "10",
        "name": "Cristian Rodríguez",
        "substituted_in": true,
        "starting_lineup": true
      },
      {
        "number": "12",
        "name": "Hulk",
        "substituted_in": true,
        "starting_lineup": true
      },
      {
        "number": "9",
        "name": "Radamel Falcao",
        "substituted_in": true,
        "starting_lineup": true
      },
      {
        "number": "21",
        "name": "Cristian Săpunaru",
        "substituted_in": true,
        "starting_lineup": false
      },
      {
        "number": "6",
        "name": "Fredy Guarín",
        "substituted_in": true,
        "starting_lineup": false
      },
      {
        "number": "17",
        "name": "Varela",
        "substituted_in": true,
        "starting_lineup": false
      }
    ]
  },
  {
    "url": "https://www.transfermarkt.pl/racing-santander_atlético-madryt/aufstellung/spielbericht/995253",
    "match_id": "995253",
    "date": "czw., 11.02.2010",
    "competition": "Unknown",
    "matchday": "Unknown",
    "home_team": "Racing Santander",
    "away_team": "Atlético Madryt",
    "home_players": [
      {
        "number": "-",
        "name": "Mario Fernández",
        "substituted_in": true,
        "starting_lineup": true
      },
      {
        "number": "-",
        "name": "José Crespo",
        "substituted_in": true,
        "starting_lineup": true
      },
      {
        "number": "-",
        "name": "José Moratón",
        "substituted_in": true,
        "starting_lineup": true
      },
      {
        "number": "-",
        "name": "Marc Torrejón",
        "substituted_in": true,
        "starting_lineup": true
      },
      {
        "number": "-",
        "name": "Bolaño",
        "substituted_in": true,
        "starting_lineup": true
      },
      {
        "number": "-",
        "name": "Mehdi Lacen",
        "substituted_in": true,
        "starting_lineup": true
      },
      {
        "number": "-",
        "name": "Gonzalo Colsa",
        "substituted_in": true,
        "starting_lineup": true
      },
      {
        "number": "-",
        "name": "Sergio Canales",
        "substituted_in": true,
        "starting_lineup": true
      },
      {
        "number": "-",
        "name": "Pedro Munitis",
        "substituted_in": true,
        "starting_lineup": true
      },
      {
        "number": "-",
        "name": "Mémé Tchité",
        "substituted_in": true,
        "starting_lineup": true
      },
      {
        "number": "-",
        "name": "Xisco",
        "substituted_in": true,
        "starting_lineup": true
      },
      {
        "number": "-",
        "name": "Oriol Lozano",
        "substituted_in": true,
        "starting_lineup": false
      },
      {
        "number": "-",
        "name": "Pape Diop",
        "substituted_in": true,
        "starting_lineup": false
      },
      {
        "number": "-",
        "name": "Óscar Serrano",
        "substituted_in": true,
        "starting_lineup": false
      }
    ],
    "away_players": [
      {
        "number": "-",
        "name": "David de Gea",
        "substituted_in": true,
        "starting_lineup": true
      },
      {
        "number": "-",
        "name": "Álvaro Domínguez",
        "substituted_in": true,
        "starting_lineup": true
      },
      {
        "number": "-",
        "name": "Luis Amaranto Perea",
        "substituted_in": true,
        "starting_lineup": true
      },
      {
        "number": "-",
        "name": "Tomas Ujfalusi",
        "substituted_in": true,
        "starting_lineup": true
      },
      {
        "number": "-",
        "name": "Antonio López",
        "substituted_in": true,
        "starting_lineup": true
      },
      {
        "number": "-",
        "name": "Juan Valera",
        "substituted_in": true,
        "starting_lineup": true
      },
      {
        "number": "-",
        "name": "Paulo Assunção",
        "substituted_in": true,
        "starting_lineup": true
      },
      {
        "number": "-",
        "name": "Tiago Mendes",
        "substituted_in": true,
        "starting_lineup": true
      },
      {
        "number": "-",
        "name": "José Manuel Jurado",
        "substituted_in": true,
        "starting_lineup": true
      },
      {
        "number": "-",
        "name": "José Antonio Reyes",
        "substituted_in": true,
        "starting_lineup": true
      },
      {
        "number": "-",
        "name": "Sergio Agüero",
        "substituted_in": true,
        "starting_lineup": true
      },
      {
        "number": "-",
        "name": "Raúl García",
        "substituted_in": true,
        "starting_lineup": false
      },
      {
        "number": "-",
        "name": "Simão",
        "substituted_in": true,
        "starting_lineup": false
      },
      {
        "number": "-",
        "name": "Ibrahima Balde",
        "substituted_in": true,
        "starting_lineup": false
      }
    ]
  },
  {
    "url": "https://www.transfermarkt.pl/fc-barcelona_atlético-madryt/aufstellung/spielbericht/955817",
    "match_id": "955817",
    "date": "sob., 19.09.2009",
    "competition": "LALIGA",
    "matchday": "3. Kolejka",
    "home_team": "FC Barcelona",
    "away_team": "Atlético Madryt",
    "home_players": [
      {
        "number": "1",
        "name": "Víctor Valdés",
        "substituted_in": true,
        "starting_lineup": true
      },
      {
        "number": "3",
        "name": "Gerard Piqué",
        "substituted_in": true,
        "starting_lineup": true
      },
      {
        "number": "21",
        "name": "Dmytro Chygrynskyi",
        "substituted_in": true,
        "starting_lineup": true
      },
      {
        "number": "19",
        "name": "Maxwell",
        "substituted_in": true,
        "starting_lineup": true
      },
      {
        "number": "2",
        "name": "Dani Alves",
        "substituted_in": true,
        "starting_lineup": true
      },
      {
        "number": "16",
        "name": "Sergio Busquets",
        "substituted_in": true,
        "starting_lineup": true
      },
      {
        "number": "15",
        "name": "Seydou Keita",
        "substituted_in": true,
        "starting_lineup": true
      },
      {
        "number": "6",
        "name": "Xavi",
        "substituted_in": true,
        "starting_lineup": true
      },
      {
        "number": "14",
        "name": "Thierry Henry",
        "substituted_in": true,
        "starting_lineup": true
      },
      {
        "number": "10",
        "name": "Lionel Messi",
        "substituted_in": true,
        "starting_lineup": true
      },
      {
        "number": "9",
        "name": "Zlatan Ibrahimović",
        "substituted_in": true,
        "starting_lineup": true
      },
      {
        "number": "4",
        "name": "Rafa Márquez",
        "substituted_in": true,
        "starting_lineup": false
      },
      {
        "number": "8",
        "name": "Andrés Iniesta",
        "substituted_in": true,
        "starting_lineup": false
      },
      {
        "number": "17",
        "name": "Pedro",
        "substituted_in": true,
        "starting_lineup": false
      }
    ],
    "away_players": [
      {
        "number": "13",
        "name": "Roberto",
        "substituted_in": true,
        "starting_lineup": true
      },
      {
        "number": "17",
        "name": "Tomas Ujfalusi",
        "substituted_in": true,
        "starting_lineup": true
      },
      {
        "number": "22",
        "name": "Pablo Ibáñez",
        "substituted_in": true,
        "starting_lineup": true
      },
      {
        "number": "3",
        "name": "Antonio López",
        "substituted_in": true,
        "starting_lineup": true
      },
      {
        "number": "21",
        "name": "Luis Amaranto Perea",
        "substituted_in": true,
        "starting_lineup": true
      },
      {
        "number": "12",
        "name": "Paulo Assunção",
        "substituted_in": true,
        "starting_lineup": true
      },
      {
        "number": "11",
        "name": "Maxi Rodríguez",
        "substituted_in": true,
        "starting_lineup": true
      },
      {
        "number": "20",
        "name": "Simão",
        "substituted_in": true,
        "starting_lineup": true
      },
      {
        "number": "9",
        "name": "José Manuel Jurado",
        "substituted_in": true,
        "starting_lineup": true
      },
      {
        "number": "7",
        "name": "Diego Forlán",
        "substituted_in": true,
        "starting_lineup": true
      },
      {
        "number": "10",
        "name": "Sergio Agüero",
        "substituted_in": true,
        "starting_lineup": true
      },
      {
        "number": "23",
        "name": "Cléber Santana",
        "substituted_in": true,
        "starting_lineup": false
      },
      {
        "number": "26",
        "name": "Koke",
        "substituted_in": true,
        "starting_lineup": false
      },
      {
        "number": "14",
        "name": "Florent Sinama-Pongolle",
        "substituted_in": true,
        "starting_lineup": false
      }
    ]
  },
  {
    "url": "https://www.transfermarkt.pl/athletic-bilbao_atlético-madryt/aufstellung/spielbericht/955903",
    "match_id": "955903",
    "date": "sob., 31.10.2009",
    "competition": "LALIGA",
    "matchday": "9. Kolejka",
    "home_team": "Athletic Bilbao",
    "away_team": "Atlético Madryt",
    "home_players": [
      {
        "number": "1",
        "name": "Gorka Iraizoz",
        "substituted_in": true,
        "starting_lineup": true
      },
      {
        "number": "5",
        "name": "Fernando Amorebieta",
        "substituted_in": true,
        "starting_lineup": true
      },
      {
        "number": "4",
        "name": "Ustaritz",
        "substituted_in": true,
        "starting_lineup": true
      },
      {
        "number": "3",
        "name": "Koikili",
        "substituted_in": true,
        "starting_lineup": true
      },
      {
        "number": "15",
        "name": "Andoni Iraola",
        "substituted_in": true,
        "starting_lineup": true
      },
      {
        "number": "24",
        "name": "Javi Martínez",
        "substituted_in": true,
        "starting_lineup": true
      },
      {
        "number": "16",
        "name": "Pablo Orbaiz",
        "substituted_in": true,
        "starting_lineup": true
      },
      {
        "number": "14",
        "name": "Markel Susaeta",
        "substituted_in": true,
        "starting_lineup": true
      },
      {
        "number": "28",
        "name": "Óscar de Marcos",
        "substituted_in": true,
        "starting_lineup": true
      },
      {
        "number": "2",
        "name": "Gaizka Toquero",
        "substituted_in": true,
        "starting_lineup": true
      },
      {
        "number": "9",
        "name": "Fernando Llorente",
        "substituted_in": true,
        "starting_lineup": true
      },
      {
        "number": "37",
        "name": "Iñigo Pérez",
        "substituted_in": true,
        "starting_lineup": false
      },
      {
        "number": "7",
        "name": "David López",
        "substituted_in": true,
        "starting_lineup": false
      },
      {
        "number": "11",
        "name": "Igor Gabilondo",
        "substituted_in": true,
        "starting_lineup": false
      }
    ],
    "away_players": [
      {
        "number": "1",
        "name": "Sergio Asenjo",
        "substituted_in": true,
        "starting_lineup": true
      },
      {
        "number": "16",
        "name": "Juanito",
        "substituted_in": true,
        "starting_lineup": true
      },
      {
        "number": "22",
        "name": "Pablo Ibáñez",
        "substituted_in": true,
        "starting_lineup": true
      },
      {
        "number": "3",
        "name": "Antonio López",
        "substituted_in": true,
        "starting_lineup": true
      },
      {
        "number": "17",
        "name": "Tomas Ujfalusi",
        "substituted_in": true,
        "starting_lineup": true
      },
      {
        "number": "12",
        "name": "Paulo Assunção",
        "substituted_in": true,
        "starting_lineup": true
      },
      {
        "number": "8",
        "name": "Raúl García",
        "substituted_in": true,
        "starting_lineup": true
      },
      {
        "number": "20",
        "name": "Simão",
        "substituted_in": true,
        "starting_lineup": true
      },
      {
        "number": "11",
        "name": "Maxi Rodríguez",
        "substituted_in": true,
        "starting_lineup": true
      },
      {
        "number": "7",
        "name": "Diego Forlán",
        "substituted_in": true,
        "starting_lineup": true
      },
      {
        "number": "10",
        "name": "Sergio Agüero",
        "substituted_in": true,
        "starting_lineup": true
      },
      {
        "number": "9",
        "name": "José Manuel Jurado",
        "substituted_in": true,
        "starting_lineup": false
      },
      {
        "number": "19",
        "name": "José Antonio Reyes",
        "substituted_in": true,
        "starting_lineup": false
      }
    ]
  },
  {
    "url": "https://www.transfermarkt.pl/sporting-cp_atlético-madryt/aufstellung/spielbericht/1000562",
    "match_id": "1000562",
    "date": "czw., 18.03.2010",
    "competition": "Unknown",
    "matchday": "Unknown",
    "home_team": "Sporting CP",
    "away_team": "Atlético Madryt",
    "home_players": [
      {
        "number": "1",
        "name": "Rui Patrício",
        "substituted_in": true,
        "starting_lineup": true
      },
      {
        "number": "4",
        "name": "Ânderson Polga",
        "substituted_in": true,
        "starting_lineup": true
      },
      {
        "number": "12",
        "name": "Marco Caneira",
        "substituted_in": true,
        "starting_lineup": true
      },
      {
        "number": "5",
        "name": "Pedro Silva",
        "substituted_in": true,
        "starting_lineup": true
      },
      {
        "number": "78",
        "name": "Abel Ferreira",
        "substituted_in": true,
        "starting_lineup": true
      },
      {
        "number": "2",
        "name": "Pedro Mendes",
        "substituted_in": true,
        "starting_lineup": true
      },
      {
        "number": "25",
        "name": "Pereirinha",
        "substituted_in": true,
        "starting_lineup": true
      },
      {
        "number": "24",
        "name": "Miguel Veloso",
        "substituted_in": true,
        "starting_lineup": true
      },
      {
        "number": "28",
        "name": "João Moutinho",
        "substituted_in": true,
        "starting_lineup": true
      },
      {
        "number": "9",
        "name": "Carlos Saleiro",
        "substituted_in": true,
        "starting_lineup": true
      },
      {
        "number": "31",
        "name": "Liedson",
        "substituted_in": true,
        "starting_lineup": true
      },
      {
        "number": "14",
        "name": "Matías Fernández",
        "substituted_in": true,
        "starting_lineup": false
      },
      {
        "number": "10",
        "name": "Simon Vukcevic",
        "substituted_in": true,
        "starting_lineup": false
      }
    ],
    "away_players": [
      {
        "number": "13",
        "name": "David de Gea",
        "substituted_in": true,
        "starting_lineup": true
      },
      {
        "number": "18",
        "name": "Álvaro Domínguez",
        "substituted_in": true,
        "starting_lineup": true
      },
      {
        "number": "17",
        "name": "Tomas Ujfalusi",
        "substituted_in": true,
        "starting_lineup": true
      },
      {
        "number": "3",
        "name": "Antonio López",
        "substituted_in": true,
        "starting_lineup": true
      },
      {
        "number": "21",
        "name": "Luis Amaranto Perea",
        "substituted_in": true,
        "starting_lineup": true
      },
      {
        "number": "12",
        "name": "Paulo Assunção",
        "substituted_in": true,
        "starting_lineup": true
      },
      {
        "number": "8",
        "name": "Raúl García",
        "substituted_in": true,
        "starting_lineup": true
      },
      {
        "number": "9",
        "name": "José Manuel Jurado",
        "substituted_in": true,
        "starting_lineup": true
      },
      {
        "number": "20",
        "name": "Simão",
        "substituted_in": true,
        "starting_lineup": true
      },
      {
        "number": "19",
        "name": "José Antonio Reyes",
        "substituted_in": true,
        "starting_lineup": true
      },
      {
        "number": "10",
        "name": "Sergio Agüero",
        "substituted_in": true,
        "starting_lineup": true
      },
      {
        "number": "2",
        "name": "Juan Valera",
        "substituted_in": true,
        "starting_lineup": false
      },
      {
        "number": "6",
        "name": "Ignacio Camacho",
        "substituted_in": true,
        "starting_lineup": false
      },
      {
        "number": "7",
        "name": "Diego Forlán",
        "substituted_in": true,
        "starting_lineup": false
      }
    ]
  },
  {
    "url": "https://www.transfermarkt.pl/celta-de-vigo_atlético-madryt/aufstellung/spielbericht/993525",
    "match_id": "993525",
    "date": "czw., 28.01.2010",
    "competition": "Unknown",
    "matchday": "Unknown",
    "home_team": "Celta de Vigo",
    "away_team": "Atlético Madryt",
    "home_players": [
      {
        "number": "-",
        "name": "Yoel Rodríguez",
        "substituted_in": true,
        "starting_lineup": true
      },
      {
        "number": "-",
        "name": "Andres Tuñez",
        "substituted_in": true,
        "starting_lineup": true
      },
      {
        "number": "-",
        "name": "Francisco Noguerol",
        "substituted_in": true,
        "starting_lineup": true
      },
      {
        "number": "-",
        "name": "Vasco Fernandes",
        "substituted_in": true,
        "starting_lineup": true
      },
      {
        "number": "-",
        "name": "Pedro Botelho",
        "substituted_in": true,
        "starting_lineup": true
      },
      {
        "number": "-",
        "name": "Roberto Lago",
        "substituted_in": true,
        "starting_lineup": true
      },
      {
        "number": "-",
        "name": "Jonathan Vila",
        "substituted_in": true,
        "starting_lineup": true
      },
      {
        "number": "-",
        "name": "Roberto Trashorras",
        "substituted_in": true,
        "starting_lineup": true
      },
      {
        "number": "-",
        "name": "Dani Abalo",
        "substituted_in": true,
        "starting_lineup": true
      },
      {
        "number": "-",
        "name": "Michu",
        "substituted_in": true,
        "starting_lineup": true
      },
      {
        "number": "-",
        "name": "Iago Aspas",
        "substituted_in": true,
        "starting_lineup": true
      },
      {
        "number": "-",
        "name": "Aritz López Garai",
        "substituted_in": true,
        "starting_lineup": false
      },
      {
        "number": "-",
        "name": "Toni Dovale",
        "substituted_in": true,
        "starting_lineup": false
      },
      {
        "number": "-",
        "name": "Joselu",
        "substituted_in": true,
        "starting_lineup": false
      }
    ],
    "away_players": [
      {
        "number": "-",
        "name": "David de Gea",
        "substituted_in": true,
        "starting_lineup": true
      },
      {
        "number": "-",
        "name": "Álvaro Domínguez",
        "substituted_in": true,
        "starting_lineup": true
      },
      {
        "number": "-",
        "name": "Luis Amaranto Perea",
        "substituted_in": true,
        "starting_lineup": true
      },
      {
        "number": "-",
        "name": "Tomas Ujfalusi",
        "substituted_in": true,
        "starting_lineup": true
      },
      {
        "number": "-",
        "name": "Antonio López",
        "substituted_in": true,
        "starting_lineup": true
      },
      {
        "number": "-",
        "name": "Paulo Assunção",
        "substituted_in": true,
        "starting_lineup": true
      },
      {
        "number": "-",
        "name": "Tiago Mendes",
        "substituted_in": true,
        "starting_lineup": true
      },
      {
        "number": "-",
        "name": "Simão",
        "substituted_in": true,
        "starting_lineup": true
      },
      {
        "number": "-",
        "name": "José Antonio Reyes",
        "substituted_in": true,
        "starting_lineup": true
      },
      {
        "number": "-",
        "name": "Diego Forlán",
        "substituted_in": true,
        "starting_lineup": true
      },
      {
        "number": "-",
        "name": "Sergio Agüero",
        "substituted_in": true,
        "starting_lineup": true
      },
      {
        "number": "-",
        "name": "José Manuel Jurado",
        "substituted_in": true,
        "starting_lineup": false
      },
      {
        "number": "-",
        "name": "Raúl García",
        "substituted_in": true,
        "starting_lineup": false
      },
      {
        "number": "-",
        "name": "Ibrahima Balde",
        "substituted_in": true,
        "starting_lineup": false
      }
    ]
  },
  {
    "url": "https://www.transfermarkt.pl/atlético-madryt_valencia-cf/aufstellung/spielbericht/957418",
    "match_id": "957418",
    "date": "niedz., 28.02.2010",
    "competition": "LALIGA",
    "matchday": "24. Kolejka",
    "home_team": "Atlético Madryt",
    "away_team": "Valencia CF",
    "home_players": [
      {
        "number": "13",
        "name": "David de Gea",
        "substituted_in": true,
        "starting_lineup": true
      },
      {
        "number": "17",
        "name": "Tomas Ujfalusi",
        "substituted_in": true,
        "starting_lineup": true
      },
      {
        "number": "21",
        "name": "Luis Amaranto Perea",
        "substituted_in": true,
        "starting_lineup": true
      },
      {
        "number": "3",
        "name": "Antonio López",
        "substituted_in": true,
        "starting_lineup": true
      },
      {
        "number": "2",
        "name": "Juan Valera",
        "substituted_in": true,
        "starting_lineup": true
      },
      {
        "number": "12",
        "name": "Paulo Assunção",
        "substituted_in": true,
        "starting_lineup": true
      },
      {
        "number": "5",
        "name": "Tiago Mendes",
        "substituted_in": true,
        "starting_lineup": true
      },
      {
        "number": "20",
        "name": "Simão",
        "substituted_in": true,
        "starting_lineup": true
      },
      {
        "number": "19",
        "name": "José Antonio Reyes",
        "substituted_in": true,
        "starting_lineup": true
      },
      {
        "number": "7",
        "name": "Diego Forlán",
        "substituted_in": true,
        "starting_lineup": true
      },
      {
        "number": "10",
        "name": "Sergio Agüero",
        "substituted_in": true,
        "starting_lineup": true
      },
      {
        "number": "8",
        "name": "Raúl García",
        "substituted_in": true,
        "starting_lineup": false
      },
      {
        "number": "9",
        "name": "José Manuel Jurado",
        "substituted_in": true,
        "starting_lineup": false
      },
      {
        "number": "14",
        "name": "Eduardo Salvio",
        "substituted_in": true,
        "starting_lineup": false
      }
    ],
    "away_players": [
      {
        "number": "1",
        "name": "César Sánchez",
        "substituted_in": true,
        "starting_lineup": true
      },
      {
        "number": "5",
        "name": "Carlos Marchena",
        "substituted_in": true,
        "starting_lineup": true
      },
      {
        "number": "15",
        "name": "Ángel Dealbert",
        "substituted_in": true,
        "starting_lineup": true
      },
      {
        "number": "20",
        "name": "Alexis Ruano",
        "substituted_in": true,
        "starting_lineup": true
      },
      {
        "number": "23",
        "name": "Miguel",
        "substituted_in": true,
        "starting_lineup": true
      },
      {
        "number": "24",
        "name": "Éver Banega",
        "substituted_in": true,
        "starting_lineup": true
      },
      {
        "number": "18",
        "name": "Manuel Fernandes",
        "substituted_in": true,
        "starting_lineup": true
      },
      {
        "number": "21",
        "name": "David Silva",
        "substituted_in": true,
        "starting_lineup": true
      },
      {
        "number": "10",
        "name": "Juan Mata",
        "substituted_in": true,
        "starting_lineup": true
      },
      {
        "number": "17",
        "name": "Joaquín",
        "substituted_in": true,
        "starting_lineup": true
      },
      {
        "number": "7",
        "name": "David Villa",
        "substituted_in": true,
        "starting_lineup": true
      },
      {
        "number": "3",
        "name": "Hedwiges Maduro",
        "substituted_in": true,
        "starting_lineup": false
      },
      {
        "number": "25",
        "name": "Alejandro Domínguez",
        "substituted_in": true,
        "starting_lineup": false
      },
      {
        "number": "19",
        "name": "Pablo Hernández",
        "substituted_in": true,
        "starting_lineup": false
      }
    ]
  },
  {
    "url": "https://www.transfermarkt.pl/atlético-madryt_sevilla-fc/aufstellung/spielbericht/1022102",
    "match_id": "1022102",
    "date": "śr., 19.05.2010",
    "competition": "Unknown",
    "matchday": "Unknown",
    "home_team": "Atlético Madryt",
    "away_team": "Sevilla FC",
    "home_players": [
      {
        "number": "13",
        "name": "David de Gea",
        "substituted_in": true,
        "starting_lineup": true
      },
      {
        "number": "18",
        "name": "Álvaro Domínguez",
        "substituted_in": true,
        "starting_lineup": true
      },
      {
        "number": "17",
        "name": "Tomas Ujfalusi",
        "substituted_in": true,
        "starting_lineup": true
      },
      {
        "number": "3",
        "name": "Antonio López",
        "substituted_in": true,
        "starting_lineup": true
      },
      {
        "number": "21",
        "name": "Luis Amaranto Perea",
        "substituted_in": true,
        "starting_lineup": true
      },
      {
        "number": "12",
        "name": "Paulo Assunção",
        "substituted_in": true,
        "starting_lineup": true
      },
      {
        "number": "5",
        "name": "Tiago Mendes",
        "substituted_in": true,
        "starting_lineup": true
      },
      {
        "number": "20",
        "name": "Simão",
        "substituted_in": true,
        "starting_lineup": true
      },
      {
        "number": "19",
        "name": "José Antonio Reyes",
        "substituted_in": true,
        "starting_lineup": true
      },
      {
        "number": "7",
        "name": "Diego Forlán",
        "substituted_in": true,
        "starting_lineup": true
      },
      {
        "number": "10",
        "name": "Sergio Agüero",
        "substituted_in": true,
        "starting_lineup": true
      },
      {
        "number": "8",
        "name": "Raúl García",
        "substituted_in": true,
        "starting_lineup": false
      },
      {
        "number": "9",
        "name": "José Manuel Jurado",
        "substituted_in": true,
        "starting_lineup": false
      }
    ],
    "away_players": [
      {
        "number": "1",
        "name": "Andrés Palop",
        "substituted_in": true,
        "starting_lineup": true
      },
      {
        "number": "14",
        "name": "Julien Escudé",
        "substituted_in": true,
        "starting_lineup": true
      },
      {
        "number": "4",
        "name": "Sébastien Squillaci",
        "substituted_in": true,
        "starting_lineup": true
      },
      {
        "number": "37",
        "name": "Antonio Luna",
        "substituted_in": true,
        "starting_lineup": true
      },
      {
        "number": "24",
        "name": "Abdoulay Konko",
        "substituted_in": true,
        "starting_lineup": true
      },
      {
        "number": "8",
        "name": "Didier Zokora",
        "substituted_in": true,
        "starting_lineup": true
      },
      {
        "number": "11",
        "name": "Renato",
        "substituted_in": true,
        "starting_lineup": true
      },
      {
        "number": "16",
        "name": "Diego Capel",
        "substituted_in": true,
        "starting_lineup": true
      },
      {
        "number": "7",
        "name": "Jesús Navas",
        "substituted_in": true,
        "starting_lineup": true
      },
      {
        "number": "19",
        "name": "Álvaro Negredo",
        "substituted_in": true,
        "starting_lineup": true
      },
      {
        "number": "12",
        "name": "Frédéric Kanouté",
        "substituted_in": true,
        "starting_lineup": true
      },
      {
        "number": "22",
        "name": "Romaric",
        "substituted_in": true,
        "starting_lineup": false
      },
      {
        "number": "23",
        "name": "Lolo",
        "substituted_in": true,
        "starting_lineup": false
      },
      {
        "number": "25",
        "name": "Diego Perotti",
        "substituted_in": true,
        "starting_lineup": false
      }
    ]
  },
  {
    "url": "https://www.transfermarkt.pl/atlético-madryt_galatasaray/aufstellung/spielbericht/988807",
    "match_id": "988807",
    "date": "czw., 18.02.2010",
    "competition": "Unknown",
    "matchday": "Unknown",
    "home_team": "Atlético Madryt",
    "away_team": "Galatasaray",
    "home_players": [
      {
        "number": "13",
        "name": "David de Gea",
        "substituted_in": true,
        "starting_lineup": true
      },
      {
        "number": "17",
        "name": "Tomas Ujfalusi",
        "substituted_in": true,
        "starting_lineup": true
      },
      {
        "number": "21",
        "name": "Luis Amaranto Perea",
        "substituted_in": true,
        "starting_lineup": true
      },
      {
        "number": "18",
        "name": "Álvaro Domínguez",
        "substituted_in": true,
        "starting_lineup": true
      },
      {
        "number": "2",
        "name": "Juan Valera",
        "substituted_in": true,
        "starting_lineup": true
      },
      {
        "number": "12",
        "name": "Paulo Assunção",
        "substituted_in": true,
        "starting_lineup": true
      },
      {
        "number": "8",
        "name": "Raúl García",
        "substituted_in": true,
        "starting_lineup": true
      },
      {
        "number": "19",
        "name": "José Antonio Reyes",
        "substituted_in": true,
        "starting_lineup": true
      },
      {
        "number": "20",
        "name": "Simão",
        "substituted_in": true,
        "starting_lineup": true
      },
      {
        "number": "7",
        "name": "Diego Forlán",
        "substituted_in": true,
        "starting_lineup": true
      },
      {
        "number": "10",
        "name": "Sergio Agüero",
        "substituted_in": true,
        "starting_lineup": true
      },
      {
        "number": "1",
        "name": "Sergio Asenjo",
        "substituted_in": true,
        "starting_lineup": false
      },
      {
        "number": "9",
        "name": "José Manuel Jurado",
        "substituted_in": true,
        "starting_lineup": false
      },
      {
        "number": "14",
        "name": "Eduardo Salvio",
        "substituted_in": true,
        "starting_lineup": false
      }
    ],
    "away_players": [
      {
        "number": "25",
        "name": "Leo Franco",
        "substituted_in": true,
        "starting_lineup": true
      },
      {
        "number": "12",
        "name": "Lucas Neill",
        "substituted_in": true,
        "starting_lineup": true
      },
      {
        "number": "76",
        "name": "Servet Çetin",
        "substituted_in": true,
        "starting_lineup": true
      },
      {
        "number": "22",
        "name": "Hakan Balta",
        "substituted_in": true,
        "starting_lineup": true
      },
      {
        "number": "3",
        "name": "Uğur Uçar",
        "substituted_in": true,
        "starting_lineup": true
      },
      {
        "number": "14",
        "name": "Mehmet Topal",
        "substituted_in": true,
        "starting_lineup": true
      },
      {
        "number": "16",
        "name": "Mustafa Sarp",
        "substituted_in": true,
        "starting_lineup": true
      },
      {
        "number": "88",
        "name": "Caner Erkin",
        "substituted_in": true,
        "starting_lineup": true
      },
      {
        "number": "9",
        "name": "Elano",
        "substituted_in": true,
        "starting_lineup": true
      },
      {
        "number": "10",
        "name": "Arda Turan",
        "substituted_in": true,
        "starting_lineup": true
      },
      {
        "number": "11",
        "name": "Abdul Kader Keita",
        "substituted_in": true,
        "starting_lineup": true
      },
      {
        "number": "8",
        "name": "Barış Özbek",
        "substituted_in": true,
        "starting_lineup": false
      },
      {
        "number": "18",
        "name": "Ayhan Akman",
        "substituted_in": true,
        "starting_lineup": false
      },
      {
        "number": "30",
        "name": "Giovani dos Santos",
        "substituted_in": true,
        "starting_lineup": false
      }
    ]
  },
  {
    "url": "https://www.transfermarkt.pl/ca-osasuna_atlético-madryt/aufstellung/spielbericht/955882",
    "match_id": "955882",
    "date": "niedz., 18.10.2009",
    "competition": "LALIGA",
    "matchday": "7. Kolejka",
    "home_team": "CA Osasuna",
    "away_team": "Atlético Madryt",
    "home_players": [
      {
        "number": "1",
        "name": "Ricardo",
        "substituted_in": true,
        "starting_lineup": true
      },
      {
        "number": "4",
        "name": "Miguel Flaño",
        "substituted_in": true,
        "starting_lineup": true
      },
      {
        "number": "14",
        "name": "Josetxo",
        "substituted_in": true,
        "starting_lineup": true
      },
      {
        "number": "3",
        "name": "Nacho Monreal",
        "substituted_in": true,
        "starting_lineup": true
      },
      {
        "number": "2",
        "name": "César Azpilicueta",
        "substituted_in": true,
        "starting_lineup": true
      },
      {
        "number": "6",
        "name": "Javad Nekounam",
        "substituted_in": true,
        "starting_lineup": true
      },
      {
        "number": "10",
        "name": "Patxi Puñal",
        "substituted_in": true,
        "starting_lineup": true
      },
      {
        "number": "12",
        "name": "Juanfran Torres",
        "substituted_in": true,
        "starting_lineup": true
      },
      {
        "number": "17",
        "name": "Javier Camuñas",
        "substituted_in": true,
        "starting_lineup": true
      },
      {
        "number": "11",
        "name": "Walter Pandiani",
        "substituted_in": true,
        "starting_lineup": true
      },
      {
        "number": "20",
        "name": "Carlos Aranda",
        "substituted_in": true,
        "starting_lineup": true
      },
      {
        "number": "22",
        "name": "Rúper",
        "substituted_in": true,
        "starting_lineup": false
      },
      {
        "number": "8",
        "name": "Masoud Shojaei",
        "substituted_in": true,
        "starting_lineup": false
      },
      {
        "number": "16",
        "name": "Jorge Galán",
        "substituted_in": true,
        "starting_lineup": false
      }
    ],
    "away_players": [
      {
        "number": "1",
        "name": "Sergio Asenjo",
        "substituted_in": true,
        "starting_lineup": true
      },
      {
        "number": "16",
        "name": "Juanito",
        "substituted_in": true,
        "starting_lineup": true
      },
      {
        "number": "21",
        "name": "Luis Amaranto Perea",
        "substituted_in": true,
        "starting_lineup": true
      },
      {
        "number": "3",
        "name": "Antonio López",
        "substituted_in": true,
        "starting_lineup": true
      },
      {
        "number": "17",
        "name": "Tomas Ujfalusi",
        "substituted_in": true,
        "starting_lineup": true
      },
      {
        "number": "12",
        "name": "Paulo Assunção",
        "substituted_in": true,
        "starting_lineup": true
      },
      {
        "number": "23",
        "name": "Cléber Santana",
        "substituted_in": true,
        "starting_lineup": true
      },
      {
        "number": "9",
        "name": "José Manuel Jurado",
        "substituted_in": true,
        "starting_lineup": true
      },
      {
        "number": "20",
        "name": "Simão",
        "substituted_in": true,
        "starting_lineup": true
      },
      {
        "number": "11",
        "name": "Maxi Rodríguez",
        "substituted_in": true,
        "starting_lineup": true
      },
      {
        "number": "10",
        "name": "Sergio Agüero",
        "substituted_in": true,
        "starting_lineup": true
      },
      {
        "number": "8",
        "name": "Raúl García",
        "substituted_in": true,
        "starting_lineup": false
      },
      {
        "number": "19",
        "name": "José Antonio Reyes",
        "substituted_in": true,
        "starting_lineup": false
      },
      {
        "number": "14",
        "name": "Florent Sinama-Pongolle",
        "substituted_in": true,
        "starting_lineup": false
      }
    ]
  },
  {
    "url": "https://www.transfermarkt.pl/atlético-madryt_athletic-bilbao/aufstellung/spielbericht/957465",
    "match_id": "957465",
    "date": "czw., 25.03.2010",
    "competition": "LALIGA",
    "matchday": "28. Kolejka",
    "home_team": "Atlético Madryt",
    "away_team": "Athletic Bilbao",
    "home_players": [
      {
        "number": "13",
        "name": "David de Gea",
        "substituted_in": true,
        "starting_lineup": true
      },
      {
        "number": "18",
        "name": "Álvaro Domínguez",
        "substituted_in": true,
        "starting_lineup": true
      },
      {
        "number": "17",
        "name": "Tomas Ujfalusi",
        "substituted_in": true,
        "starting_lineup": true
      },
      {
        "number": "3",
        "name": "Antonio López",
        "substituted_in": true,
        "starting_lineup": true
      },
      {
        "number": "2",
        "name": "Juan Valera",
        "substituted_in": true,
        "starting_lineup": true
      },
      {
        "number": "12",
        "name": "Paulo Assunção",
        "substituted_in": true,
        "starting_lineup": true
      },
      {
        "number": "19",
        "name": "José Antonio Reyes",
        "substituted_in": true,
        "starting_lineup": true
      },
      {
        "number": "20",
        "name": "Simão",
        "substituted_in": true,
        "starting_lineup": true
      },
      {
        "number": "9",
        "name": "José Manuel Jurado",
        "substituted_in": true,
        "starting_lineup": true
      },
      {
        "number": "7",
        "name": "Diego Forlán",
        "substituted_in": true,
        "starting_lineup": true
      },
      {
        "number": "10",
        "name": "Sergio Agüero",
        "substituted_in": true,
        "starting_lineup": true
      },
      {
        "number": "6",
        "name": "Ignacio Camacho",
        "substituted_in": true,
        "starting_lineup": false
      },
      {
        "number": "14",
        "name": "Eduardo Salvio",
        "substituted_in": true,
        "starting_lineup": false
      },
      {
        "number": "58",
        "name": "Ibrahima Balde",
        "substituted_in": true,
        "starting_lineup": false
      }
    ],
    "away_players": [
      {
        "number": "1",
        "name": "Gorka Iraizoz",
        "substituted_in": true,
        "starting_lineup": true
      },
      {
        "number": "4",
        "name": "Ustaritz",
        "substituted_in": true,
        "starting_lineup": true
      },
      {
        "number": "12",
        "name": "Mikel San José",
        "substituted_in": true,
        "starting_lineup": true
      },
      {
        "number": "22",
        "name": "Xabier Castillo",
        "substituted_in": true,
        "starting_lineup": true
      },
      {
        "number": "15",
        "name": "Andoni Iraola",
        "substituted_in": true,
        "starting_lineup": true
      },
      {
        "number": "24",
        "name": "Javi Martínez",
        "substituted_in": true,
        "starting_lineup": true
      },
      {
        "number": "26",
        "name": "Ander Iturraspe",
        "substituted_in": true,
        "starting_lineup": true
      },
      {
        "number": "18",
        "name": "Carlos Gurpegui",
        "substituted_in": true,
        "starting_lineup": true
      },
      {
        "number": "11",
        "name": "Igor Gabilondo",
        "substituted_in": true,
        "starting_lineup": true
      },
      {
        "number": "2",
        "name": "Gaizka Toquero",
        "substituted_in": true,
        "starting_lineup": true
      },
      {
        "number": "9",
        "name": "Fernando Llorente",
        "substituted_in": true,
        "starting_lineup": true
      },
      {
        "number": "10",
        "name": "Fran Yeste",
        "substituted_in": true,
        "starting_lineup": false
      },
      {
        "number": "27",
        "name": "Iker Muniain",
        "substituted_in": true,
        "starting_lineup": false
      },
      {
        "number": "14",
        "name": "Markel Susaeta",
        "substituted_in": true,
        "starting_lineup": false
      }
    ]
  },
  {
    "url": "https://www.transfermarkt.pl/rcd-mallorca_atlético-madryt/aufstellung/spielbericht/957452",
    "match_id": "957452",
    "date": "niedz., 21.03.2010",
    "competition": "LALIGA",
    "matchday": "27. Kolejka",
    "home_team": "RCD Mallorca",
    "away_team": "Atlético Madryt",
    "home_players": [
      {
        "number": "13",
        "name": "Dudu Aouate",
        "substituted_in": true,
        "starting_lineup": true
      },
      {
        "number": "4",
        "name": "Iván Ramis",
        "substituted_in": true,
        "starting_lineup": true
      },
      {
        "number": "5",
        "name": "Rubén González",
        "substituted_in": true,
        "starting_lineup": true
      },
      {
        "number": "23",
        "name": "Enrique Corrales",
        "substituted_in": true,
        "starting_lineup": true
      },
      {
        "number": "2",
        "name": "Felipe Mattioni",
        "substituted_in": true,
        "starting_lineup": true
      },
      {
        "number": "6",
        "name": "Mario Suárez",
        "substituted_in": true,
        "starting_lineup": true
      },
      {
        "number": "24",
        "name": "Borja Valero",
        "substituted_in": true,
        "starting_lineup": true
      },
      {
        "number": "10",
        "name": "Julio Álvarez",
        "substituted_in": true,
        "starting_lineup": true
      },
      {
        "number": "11",
        "name": "Chory Castro",
        "substituted_in": true,
        "starting_lineup": true
      },
      {
        "number": "18",
        "name": "Víctor Casadesús",
        "substituted_in": true,
        "starting_lineup": true
      },
      {
        "number": "21",
        "name": "Aritz Aduriz",
        "substituted_in": true,
        "starting_lineup": true
      },
      {
        "number": "19",
        "name": "Josep Lluís Martí",
        "substituted_in": true,
        "starting_lineup": false
      },
      {
        "number": "9",
        "name": "Pierre Webó",
        "substituted_in": true,
        "starting_lineup": false
      },
      {
        "number": "14",
        "name": "Alhassane Keita",
        "substituted_in": true,
        "starting_lineup": false
      }
    ],
    "away_players": [
      {
        "number": "13",
        "name": "David de Gea",
        "substituted_in": true,
        "starting_lineup": true
      },
      {
        "number": "18",
        "name": "Álvaro Domínguez",
        "substituted_in": true,
        "starting_lineup": true
      },
      {
        "number": "21",
        "name": "Luis Amaranto Perea",
        "substituted_in": true,
        "starting_lineup": true
      },
      {
        "number": "3",
        "name": "Antonio López",
        "substituted_in": true,
        "starting_lineup": true
      },
      {
        "number": "2",
        "name": "Juan Valera",
        "substituted_in": true,
        "starting_lineup": true
      },
      {
        "number": "12",
        "name": "Paulo Assunção",
        "substituted_in": true,
        "starting_lineup": true
      },
      {
        "number": "8",
        "name": "Raúl García",
        "substituted_in": true,
        "starting_lineup": true
      },
      {
        "number": "9",
        "name": "José Manuel Jurado",
        "substituted_in": true,
        "starting_lineup": true
      },
      {
        "number": "19",
        "name": "José Antonio Reyes",
        "substituted_in": true,
        "starting_lineup": true
      },
      {
        "number": "7",
        "name": "Diego Forlán",
        "substituted_in": true,
        "starting_lineup": true
      },
      {
        "number": "58",
        "name": "Ibrahima Balde",
        "substituted_in": true,
        "starting_lineup": true
      },
      {
        "number": "16",
        "name": "Juanito",
        "substituted_in": true,
        "starting_lineup": false
      },
      {
        "number": "6",
        "name": "Ignacio Camacho",
        "substituted_in": true,
        "starting_lineup": false
      },
      {
        "number": "14",
        "name": "Eduardo Salvio",
        "substituted_in": true,
        "starting_lineup": false
      }
    ]
  }
]