[
  {
    "url": "https://www.transfermarkt.pl/atlético-madryt_girona-fc/aufstellung/spielbericht/3886304",
    "match_id": "3886304",
    "date": "sob., 08.10.2022",
    "competition": "LALIGA",
    "matchday": "8. Kolejka",
    "home_team": "Atlético Madryt",
    "away_team": "Girona FC",
    "home_players": [
      {
        "number": "13",
        "name": "Jan Oblak",
        "substituted_in": true,
        "starting_lineup": true
      },
      {
        "number": "2",
        "name": "José María Giménez",
        "substituted_in": true,
        "starting_lineup": true
      },
      {
        "number": "15",
        "name": "Stefan Savic",
        "substituted_in": true,
        "starting_lineup": true
      },
      {
        "number": "23",
        "name": "Reinildo Mandava",
        "substituted_in": true,
        "starting_lineup": true
      },
      {
        "number": "21",
        "name": "Yannick Carrasco",
        "substituted_in": true,
        "starting_lineup": true
      },
      {
        "number": "16",
        "name": "Nahuel Molina",
        "substituted_in": true,
        "starting_lineup": true
      },
      {
        "number": "20",
        "name": "Axel Witsel",
        "substituted_in": true,
        "starting_lineup": true
      },
      {
        "number": "6",
        "name": "Koke",
        "substituted_in": true,
        "starting_lineup": true
      },
      {
        "number": "8",
        "name": "Antoine Griezmann",
        "substituted_in": true,
        "starting_lineup": true
      },
      {
        "number": "10",
        "name": "Ángel Correa",
        "substituted_in": true,
        "starting_lineup": true
      },
      {
        "number": "9",
        "name": "Matheus Cunha",
        "substituted_in": true,
        "starting_lineup": true
      },
      {
        "number": "4",
        "name": "Geoffrey Kondogbia",
        "substituted_in": true,
        "starting_lineup": false
      },
      {
        "number": "17",
        "name": "Saúl Ñíguez",
        "substituted_in": true,
        "starting_lineup": false
      },
      {
        "number": "11",
        "name": "Thomas Lemar",
        "substituted_in": true,
        "starting_lineup": false
      },
      {
        "number": "7",
        "name": "João Félix",
        "substituted_in": true,
        "starting_lineup": false
      },
      {
        "number": "19",
        "name": "Álvaro Morata",
        "substituted_in": true,
        "starting_lineup": false
      }
    ],
    "away_players": [
      {
        "number": "1",
        "name": "Juan Carlos",
        "substituted_in": true,
        "starting_lineup": true
      },
      {
        "number": "2",
        "name": "Bernardo Espinosa",
        "substituted_in": true,
        "starting_lineup": true
      },
      {
        "number": "22",
        "name": "Santiago Bueno",
        "substituted_in": true,
        "starting_lineup": true
      },
      {
        "number": "16",
        "name": "Javi Hernández",
        "substituted_in": true,
        "starting_lineup": true
      },
      {
        "number": "3",
        "name": "Miguel Gutiérrez",
        "substituted_in": true,
        "starting_lineup": true
      },
      {
        "number": "4",
        "name": "Arnau Martínez",
        "substituted_in": true,
        "starting_lineup": true
      },
      {
        "number": "18",
        "name": "Oriol Romeu",
        "substituted_in": true,
        "starting_lineup": true
      },
      {
        "number": "21",
        "name": "Yangel Herrera",
        "substituted_in": true,
        "starting_lineup": true
      },
      {
        "number": "14",
        "name": "Aleix García",
        "substituted_in": true,
        "starting_lineup": true
      },
      {
        "number": "17",
        "name": "Rodrigo Riquelme",
        "substituted_in": true,
        "starting_lineup": true
      },
      {
        "number": "9",
        "name": "Taty Castellanos",
        "substituted_in": true,
        "starting_lineup": true
      },
      {
        "number": "8",
        "name": "Ramón Terrats",
        "substituted_in": true,
        "starting_lineup": false
      },
      {
        "number": "20",
        "name": "Yan Couto",
        "substituted_in": true,
        "starting_lineup": false
      },
      {
        "number": "12",
        "name": "Toni Villa",
        "substituted_in": true,
        "starting_lineup": false
      },
      {
        "number": "11",
        "name": "Valery Fernández",
        "substituted_in": true,
        "starting_lineup": false
      },
      {
        "number": "7",
        "name": "Cristhian Stuani",
        "substituted_in": true,
        "starting_lineup": false
      }
    ]
  },
  {
    "url": "https://www.transfermarkt.pl/atlético-madryt_real-valladolid-cf/aufstellung/spielbericht/3886501",
    "match_id": "3886501",
    "date": "sob., 21.01.2023",
    "competition": "LALIGA",
    "matchday": "18. Kolejka",
    "home_team": "Atlético Madryt",
    "away_team": "Real Valladolid CF",
    "home_players": [
      {
        "number": "13",
        "name": "Jan Oblak",
        "substituted_in": true,
        "starting_lineup": true
      },
      {
        "number": "22",
        "name": "Mario Hermoso",
        "substituted_in": true,
        "starting_lineup": true
      },
      {
        "number": "20",
        "name": "Axel Witsel",
        "substituted_in": true,
        "starting_lineup": true
      },
      {
        "number": "23",
        "name": "Reinildo Mandava",
        "substituted_in": true,
        "starting_lineup": true
      },
      {
        "number": "16",
        "name": "Nahuel Molina",
        "substituted_in": true,
        "starting_lineup": true
      },
      {
        "number": "6",
        "name": "Koke",
        "substituted_in": true,
        "starting_lineup": true
      },
      {
        "number": "14",
        "name": "Marcos Llorente",
        "substituted_in": true,
        "starting_lineup": true
      },
      {
        "number": "11",
        "name": "Thomas Lemar",
        "substituted_in": true,
        "starting_lineup": true
      },
      {
        "number": "8",
        "name": "Antoine Griezmann",
        "substituted_in": true,
        "starting_lineup": true
      },
      {
        "number": "10",
        "name": "Ángel Correa",
        "substituted_in": true,
        "starting_lineup": true
      },
      {
        "number": "19",
        "name": "Álvaro Morata",
        "substituted_in": true,
        "starting_lineup": true
      },
      {
        "number": "4",
        "name": "Geoffrey Kondogbia",
        "substituted_in": true,
        "starting_lineup": false
      },
      {
        "number": "17",
        "name": "Saúl Ñíguez",
        "substituted_in": true,
        "starting_lineup": false
      },
      {
        "number": "5",
        "name": "Rodrigo De Paul",
        "substituted_in": true,
        "starting_lineup": false
      },
      {
        "number": "21",
        "name": "Yannick Carrasco",
        "substituted_in": true,
        "starting_lineup": false
      },
      {
        "number": "9",
        "name": "Memphis Depay",
        "substituted_in": true,
        "starting_lineup": false
      }
    ],
    "away_players": [
      {
        "number": "1",
        "name": "Jordi Masip",
        "substituted_in": true,
        "starting_lineup": true
      },
      {
        "number": "32",
        "name": "David Torres",
        "substituted_in": true,
        "starting_lineup": true
      },
      {
        "number": "5",
        "name": "Javi Sánchez",
        "substituted_in": true,
        "starting_lineup": true
      },
      {
        "number": "15",
        "name": "Jawad El Yamiq",
        "substituted_in": true,
        "starting_lineup": true
      },
      {
        "number": "12",
        "name": "Lucas Olaza",
        "substituted_in": true,
        "starting_lineup": true
      },
      {
        "number": "2",
        "name": "Luis Pérez",
        "substituted_in": true,
        "starting_lineup": true
      },
      {
        "number": "4",
        "name": "Kike Pérez",
        "substituted_in": true,
        "starting_lineup": true
      },
      {
        "number": "6",
        "name": "Álvaro Aguado",
        "substituted_in": true,
        "starting_lineup": true
      },
      {
        "number": "10",
        "name": "Óscar Plano",
        "substituted_in": true,
        "starting_lineup": true
      },
      {
        "number": "7",
        "name": "Sergio León",
        "substituted_in": true,
        "starting_lineup": true
      },
      {
        "number": "9",
        "name": "Shon Weissman",
        "substituted_in": true,
        "starting_lineup": true
      },
      {
        "number": "27",
        "name": "Iván Fresneda",
        "substituted_in": true,
        "starting_lineup": false
      },
      {
        "number": "39",
        "name": "Lucas Rosa",
        "substituted_in": true,
        "starting_lineup": false
      },
      {
        "number": "17",
        "name": "Roque Mesa",
        "substituted_in": true,
        "starting_lineup": false
      },
      {
        "number": "11",
        "name": "Gonzalo Plata",
        "substituted_in": true,
        "starting_lineup": false
      },
      {
        "number": "16",
        "name": "Sergi Guardiola",
        "substituted_in": true,
        "starting_lineup": false
      }
    ]
  },
  {
    "url": "https://www.transfermarkt.pl/cd-arenteiro_atlético-madryt/aufstellung/spielbericht/3964625",
    "match_id": "3964625",
    "date": "czw., 22.12.2022",
    "competition": "Unknown",
    "matchday": "Unknown",
    "home_team": "CD Arenteiro",
    "away_team": "Atlético Madryt",
    "home_players": [
      {
        "number": "13",
        "name": "Diego García",
        "substituted_in": true,
        "starting_lineup": true
      },
      {
        "number": "5",
        "name": "Pol Bueso",
        "substituted_in": true,
        "starting_lineup": true
      },
      {
        "number": "4",
        "name": "Vitra",
        "substituted_in": true,
        "starting_lineup": true
      },
      {
        "number": "17",
        "name": "José Carlos Márquez",
        "substituted_in": true,
        "starting_lineup": true
      },
      {
        "number": "3",
        "name": "Germán Nóvoa",
        "substituted_in": true,
        "starting_lineup": true
      },
      {
        "number": "8",
        "name": "Álex Fernández",
        "substituted_in": true,
        "starting_lineup": true
      },
      {
        "number": "16",
        "name": "Curro Rivelott",
        "substituted_in": true,
        "starting_lineup": true
      },
      {
        "number": "11",
        "name": "Agustín Pastoriza",
        "substituted_in": true,
        "starting_lineup": true
      },
      {
        "number": "19",
        "name": "Manín Gonzaga",
        "substituted_in": true,
        "starting_lineup": true
      },
      {
        "number": "10",
        "name": "Marquitos",
        "substituted_in": true,
        "starting_lineup": true
      },
      {
        "number": "9",
        "name": "Antón Escobar",
        "substituted_in": true,
        "starting_lineup": true
      },
      {
        "number": "22",
        "name": "Jordan Sánchez",
        "substituted_in": true,
        "starting_lineup": false
      },
      {
        "number": "14",
        "name": "Adri Cruz",
        "substituted_in": true,
        "starting_lineup": false
      },
      {
        "number": "20",
        "name": "Manuel Romay",
        "substituted_in": true,
        "starting_lineup": false
      },
      {
        "number": "18",
        "name": "David Álvarez",
        "substituted_in": true,
        "starting_lineup": false
      },
      {
        "number": "7",
        "name": "Rafa Mella",
        "substituted_in": true,
        "starting_lineup": false
      }
    ],
    "away_players": [
      {
        "number": "13",
        "name": "Jan Oblak",
        "substituted_in": true,
        "starting_lineup": true
      },
      {
        "number": "22",
        "name": "Mario Hermoso",
        "substituted_in": true,
        "starting_lineup": true
      },
      {
        "number": "2",
        "name": "José María Giménez",
        "substituted_in": true,
        "starting_lineup": true
      },
      {
        "number": "15",
        "name": "Stefan Savic",
        "substituted_in": true,
        "starting_lineup": true
      },
      {
        "number": "20",
        "name": "Axel Witsel",
        "substituted_in": true,
        "starting_lineup": true
      },
      {
        "number": "6",
        "name": "Koke",
        "substituted_in": true,
        "starting_lineup": true
      },
      {
        "number": "34",
        "name": "Pablo Barrios",
        "substituted_in": true,
        "starting_lineup": true
      },
      {
        "number": "14",
        "name": "Marcos Llorente",
        "substituted_in": true,
        "starting_lineup": true
      },
      {
        "number": "21",
        "name": "Yannick Carrasco",
        "substituted_in": true,
        "starting_lineup": true
      },
      {
        "number": "11",
        "name": "Thomas Lemar",
        "substituted_in": true,
        "starting_lineup": true
      },
      {
        "number": "19",
        "name": "Álvaro Morata",
        "substituted_in": true,
        "starting_lineup": true
      },
      {
        "number": "23",
        "name": "Reinildo Mandava",
        "substituted_in": true,
        "starting_lineup": false
      },
      {
        "number": "4",
        "name": "Geoffrey Kondogbia",
        "substituted_in": true,
        "starting_lineup": false
      },
      {
        "number": "32",
        "name": "Alberto Moreno",
        "substituted_in": true,
        "starting_lineup": false
      }
    ]
  },
  {
    "url": "https://www.transfermarkt.pl/atlético-madryt_real-betis-balompié/aufstellung/spielbericht/3886601",
    "match_id": "3886601",
    "date": "niedz., 02.04.2023",
    "competition": "LALIGA",
    "matchday": "27. Kolejka",
    "home_team": "Atlético Madryt",
    "away_team": "Real Betis Balompié",
    "home_players": [
      {
        "number": "13",
        "name": "Jan Oblak",
        "substituted_in": true,
        "starting_lineup": true
      },
      {
        "number": "22",
        "name": "Mario Hermoso",
        "substituted_in": true,
        "starting_lineup": true
      },
      {
        "number": "2",
        "name": "José María Giménez",
        "substituted_in": true,
        "starting_lineup": true
      },
      {
        "number": "15",
        "name": "Stefan Savic",
        "substituted_in": true,
        "starting_lineup": true
      },
      {
        "number": "6",
        "name": "Koke",
        "substituted_in": true,
        "starting_lineup": true
      },
      {
        "number": "14",
        "name": "Marcos Llorente",
        "substituted_in": true,
        "starting_lineup": true
      },
      {
        "number": "11",
        "name": "Thomas Lemar",
        "substituted_in": true,
        "starting_lineup": true
      },
      {
        "number": "16",
        "name": "Nahuel Molina",
        "substituted_in": true,
        "starting_lineup": true
      },
      {
        "number": "21",
        "name": "Yannick Carrasco",
        "substituted_in": true,
        "starting_lineup": true
      },
      {
        "number": "8",
        "name": "Antoine Griezmann",
        "substituted_in": true,
        "starting_lineup": true
      },
      {
        "number": "19",
        "name": "Álvaro Morata",
        "substituted_in": true,
        "starting_lineup": true
      },
      {
        "number": "20",
        "name": "Axel Witsel",
        "substituted_in": true,
        "starting_lineup": false
      },
      {
        "number": "17",
        "name": "Saúl Ñíguez",
        "substituted_in": true,
        "starting_lineup": false
      },
      {
        "number": "5",
        "name": "Rodrigo De Paul",
        "substituted_in": true,
        "starting_lineup": false
      },
      {
        "number": "24",
        "name": "Pablo Barrios",
        "substituted_in": true,
        "starting_lineup": false
      },
      {
        "number": "10",
        "name": "Ángel Correa",
        "substituted_in": true,
        "starting_lineup": false
      }
    ],
    "away_players": [
      {
        "number": "13",
        "name": "Rui Silva",
        "substituted_in": true,
        "starting_lineup": true
      },
      {
        "number": "16",
        "name": "Germán Pezzella",
        "substituted_in": true,
        "starting_lineup": true
      },
      {
        "number": "19",
        "name": "Luiz Felipe",
        "substituted_in": true,
        "starting_lineup": true
      },
      {
        "number": "33",
        "name": "Juan Miranda",
        "substituted_in": true,
        "starting_lineup": true
      },
      {
        "number": "24",
        "name": "Aitor Ruibal",
        "substituted_in": true,
        "starting_lineup": true
      },
      {
        "number": "5",
        "name": "Guido Rodríguez",
        "substituted_in": true,
        "starting_lineup": true
      },
      {
        "number": "14",
        "name": "William Carvalho",
        "substituted_in": true,
        "starting_lineup": true
      },
      {
        "number": "21",
        "name": "Ayoze Pérez",
        "substituted_in": true,
        "starting_lineup": true
      },
      {
        "number": "11",
        "name": "Luiz Henrique",
        "substituted_in": true,
        "starting_lineup": true
      },
      {
        "number": "28",
        "name": "Rodri Sánchez",
        "substituted_in": true,
        "starting_lineup": true
      },
      {
        "number": "9",
        "name": "Borja Iglesias",
        "substituted_in": true,
        "starting_lineup": true
      },
      {
        "number": "7",
        "name": "Juanmi",
        "substituted_in": true,
        "starting_lineup": false
      },
      {
        "number": "17",
        "name": "Joaquín",
        "substituted_in": true,
        "starting_lineup": false
      },
      {
        "number": "12",
        "name": "Willian José",
        "substituted_in": true,
        "starting_lineup": false
      }
    ]
  },
  {
    "url": "https://www.transfermarkt.pl/real-valladolid-cf_atlético-madryt/aufstellung/spielbericht/3886656",
    "match_id": "3886656",
    "date": "niedz., 30.04.2023",
    "competition": "LALIGA",
    "matchday": "32. Kolejka",
    "home_team": "Real Valladolid CF",
    "away_team": "Atlético Madryt",
    "home_players": [
      {
        "number": "1",
        "name": "Jordi Masip",
        "substituted_in": true,
        "starting_lineup": true
      },
      {
        "number": "15",
        "name": "Jawad El Yamiq",
        "substituted_in": true,
        "starting_lineup": true
      },
      {
        "number": "24",
        "name": "Joaquín Fernández",
        "substituted_in": true,
        "starting_lineup": true
      },
      {
        "number": "20",
        "name": "Martin Hongla",
        "substituted_in": true,
        "starting_lineup": true
      },
      {
        "number": "4",
        "name": "Kike Pérez",
        "substituted_in": true,
        "starting_lineup": true
      },
      {
        "number": "8",
        "name": "Monchu",
        "substituted_in": true,
        "starting_lineup": true
      },
      {
        "number": "2",
        "name": "Luis Pérez",
        "substituted_in": true,
        "starting_lineup": true
      },
      {
        "number": "27",
        "name": "Iván Fresneda",
        "substituted_in": true,
        "starting_lineup": true
      },
      {
        "number": "6",
        "name": "Álvaro Aguado",
        "substituted_in": true,
        "starting_lineup": true
      },
      {
        "number": "11",
        "name": "Gonzalo Plata",
        "substituted_in": true,
        "starting_lineup": true
      },
      {
        "number": "25",
        "name": "Cyle Larin",
        "substituted_in": true,
        "starting_lineup": true
      },
      {
        "number": "18",
        "name": "Sergio Escudero",
        "substituted_in": true,
        "starting_lineup": false
      },
      {
        "number": "21",
        "name": "Iván Sánchez",
        "substituted_in": true,
        "starting_lineup": false
      },
      {
        "number": "10",
        "name": "Óscar Plano",
        "substituted_in": true,
        "starting_lineup": false
      },
      {
        "number": "7",
        "name": "Sergio León",
        "substituted_in": true,
        "starting_lineup": false
      }
    ],
    "away_players": [
      {
        "number": "1",
        "name": "Ivo Grbic",
        "substituted_in": true,
        "starting_lineup": true
      },
      {
        "number": "22",
        "name": "Mario Hermoso",
        "substituted_in": true,
        "starting_lineup": true
      },
      {
        "number": "2",
        "name": "José María Giménez",
        "substituted_in": true,
        "starting_lineup": true
      },
      {
        "number": "20",
        "name": "Axel Witsel",
        "substituted_in": true,
        "starting_lineup": true
      },
      {
        "number": "21",
        "name": "Yannick Carrasco",
        "substituted_in": true,
        "starting_lineup": true
      },
      {
        "number": "16",
        "name": "Nahuel Molina",
        "substituted_in": true,
        "starting_lineup": true
      },
      {
        "number": "5",
        "name": "Rodrigo De Paul",
        "substituted_in": true,
        "starting_lineup": true
      },
      {
        "number": "6",
        "name": "Koke",
        "substituted_in": true,
        "starting_lineup": true
      },
      {
        "number": "11",
        "name": "Thomas Lemar",
        "substituted_in": true,
        "starting_lineup": true
      },
      {
        "number": "8",
        "name": "Antoine Griezmann",
        "substituted_in": true,
        "starting_lineup": true
      },
      {
        "number": "19",
        "name": "Álvaro Morata",
        "substituted_in": true,
        "starting_lineup": true
      },
      {
        "number": "4",
        "name": "Geoffrey Kondogbia",
        "substituted_in": true,
        "starting_lineup": false
      },
      {
        "number": "17",
        "name": "Saúl Ñíguez",
        "substituted_in": true,
        "starting_lineup": false
      },
      {
        "number": "10",
        "name": "Ángel Correa",
        "substituted_in": true,
        "starting_lineup": false
      },
      {
        "number": "9",
        "name": "Memphis Depay",
        "substituted_in": true,
        "starting_lineup": false
      }
    ]
  }
]