[
  {
    "url": "https://www.transfermarkt.pl/atlético-madryt_ca-osasuna/aufstellung/spielbericht/920623",
    "match_id": "920623",
    "date": "niedz., 05.04.2009",
    "competition": "LALIGA",
    "matchday": "29. Kolejka",
    "home_team": "Atlético Madryt",
    "away_team": "CA Osasuna",
    "home_players": [
      {
        "number": "25",
        "name": "Leo Franco",
        "substituted_in": true,
        "starting_lineup": true
      },
      {
        "number": "21",
        "name": "Luis Amaranto Perea",
        "substituted_in": true,
        "starting_lineup": true
      },
      {
        "number": "22",
        "name": "Pablo Ibáñez",
        "substituted_in": true,
        "starting_lineup": true
      },
      {
        "number": "4",
        "name": "Mariano Pernía",
        "substituted_in": true,
        "starting_lineup": true
      },
      {
        "number": "17",
        "name": "Tomas Ujfalusi",
        "substituted_in": true,
        "starting_lineup": true
      },
      {
        "number": "12",
        "name": "Paulo Assunção",
        "substituted_in": true,
        "starting_lineup": true
      },
      {
        "number": "8",
        "name": "Raúl García",
        "substituted_in": true,
        "starting_lineup": true
      },
      {
        "number": "20",
        "name": "Simão",
        "substituted_in": true,
        "starting_lineup": true
      },
      {
        "number": "14",
        "name": "Florent Sinama-Pongolle",
        "substituted_in": true,
        "starting_lineup": true
      },
      {
        "number": "7",
        "name": "Diego Forlán",
        "substituted_in": true,
        "starting_lineup": true
      },
      {
        "number": "10",
        "name": "Sergio Agüero",
        "substituted_in": true,
        "starting_lineup": true
      },
      {
        "number": "-",
        "name": "Georgios Seitaridis",
        "substituted_in": true,
        "starting_lineup": false
      },
      {
        "number": "16",
        "name": "Éver Banega",
        "substituted_in": true,
        "starting_lineup": false
      },
      {
        "number": "9",
        "name": "Luis García",
        "substituted_in": true,
        "starting_lineup": false
      }
    ],
    "away_players": [
      {
        "number": "13",
        "name": "Roberto Fernández",
        "substituted_in": true,
        "starting_lineup": true
      },
      {
        "number": "14",
        "name": "Josetxo",
        "substituted_in": true,
        "starting_lineup": true
      },
      {
        "number": "16",
        "name": "Sergio Fernández",
        "substituted_in": true,
        "starting_lineup": true
      },
      {
        "number": "3",
        "name": "Nacho Monreal",
        "substituted_in": true,
        "starting_lineup": true
      },
      {
        "number": "2",
        "name": "César Azpilicueta",
        "substituted_in": true,
        "starting_lineup": true
      },
      {
        "number": "6",
        "name": "Javad Nekounam",
        "substituted_in": true,
        "starting_lineup": true
      },
      {
        "number": "21",
        "name": "Krisztián Vadócz",
        "substituted_in": true,
        "starting_lineup": true
      },
      {
        "number": "12",
        "name": "Juanfran Torres",
        "substituted_in": true,
        "starting_lineup": true
      },
      {
        "number": "20",
        "name": "Jaroslav Plasil",
        "substituted_in": true,
        "starting_lineup": true
      },
      {
        "number": "19",
        "name": "Masoud Shojaei",
        "substituted_in": true,
        "starting_lineup": true
      },
      {
        "number": "11",
        "name": "Walter Pandiani",
        "substituted_in": true,
        "starting_lineup": true
      },
      {
        "number": "5",
        "name": "Antonio Hidalgo",
        "substituted_in": true,
        "starting_lineup": false
      },
      {
        "number": "8",
        "name": "Héctor Font",
        "substituted_in": true,
        "starting_lineup": false
      },
      {
        "number": "23",
        "name": "Ludovic Delporte",
        "substituted_in": true,
        "starting_lineup": false
      }
    ]
  },
  {
    "url": "https://www.transfermarkt.pl/atlético-madryt_fc-barcelona/aufstellung/spielbericht/920581",
    "match_id": "920581",
    "date": "niedz., 01.03.2009",
    "competition": "LALIGA",
    "matchday": "25. Kolejka",
    "home_team": "Atlético Madryt",
    "away_team": "FC Barcelona",
    "home_players": [
      {
        "number": "25",
        "name": "Leo Franco",
        "substituted_in": true,
        "starting_lineup": true
      },
      {
        "number": "17",
        "name": "Tomas Ujfalusi",
        "substituted_in": true,
        "starting_lineup": true
      },
      {
        "number": "22",
        "name": "Pablo Ibáñez",
        "substituted_in": true,
        "starting_lineup": true
      },
      {
        "number": "3",
        "name": "Antonio López",
        "substituted_in": true,
        "starting_lineup": true
      },
      {
        "number": "5",
        "name": "John Heitinga",
        "substituted_in": true,
        "starting_lineup": true
      },
      {
        "number": "12",
        "name": "Paulo Assunção",
        "substituted_in": true,
        "starting_lineup": true
      },
      {
        "number": "8",
        "name": "Raúl García",
        "substituted_in": true,
        "starting_lineup": true
      },
      {
        "number": "20",
        "name": "Simão",
        "substituted_in": true,
        "starting_lineup": true
      },
      {
        "number": "11",
        "name": "Maxi Rodríguez",
        "substituted_in": true,
        "starting_lineup": true
      },
      {
        "number": "7",
        "name": "Diego Forlán",
        "substituted_in": true,
        "starting_lineup": true
      },
      {
        "number": "10",
        "name": "Sergio Agüero",
        "substituted_in": true,
        "starting_lineup": true
      },
      {
        "number": "-",
        "name": "Maniche",
        "substituted_in": true,
        "starting_lineup": false
      },
      {
        "number": "16",
        "name": "Éver Banega",
        "substituted_in": true,
        "starting_lineup": false
      },
      {
        "number": "14",
        "name": "Florent Sinama-Pongolle",
        "substituted_in": true,
        "starting_lineup": false
      }
    ],
    "away_players": [
      {
        "number": "1",
        "name": "Víctor Valdés",
        "substituted_in": true,
        "starting_lineup": true
      },
      {
        "number": "4",
        "name": "Rafa Márquez",
        "substituted_in": true,
        "starting_lineup": true
      },
      {
        "number": "5",
        "name": "Carles Puyol",
        "substituted_in": true,
        "starting_lineup": true
      },
      {
        "number": "16",
        "name": "Sylvinho",
        "substituted_in": true,
        "starting_lineup": true
      },
      {
        "number": "20",
        "name": "Dani Alves",
        "substituted_in": true,
        "starting_lineup": true
      },
      {
        "number": "24",
        "name": "Yaya Touré",
        "substituted_in": true,
        "starting_lineup": true
      },
      {
        "number": "6",
        "name": "Xavi",
        "substituted_in": true,
        "starting_lineup": true
      },
      {
        "number": "7",
        "name": "Eidur Gudjohnsen",
        "substituted_in": true,
        "starting_lineup": true
      },
      {
        "number": "14",
        "name": "Thierry Henry",
        "substituted_in": true,
        "starting_lineup": true
      },
      {
        "number": "10",
        "name": "Lionel Messi",
        "substituted_in": true,
        "starting_lineup": true
      },
      {
        "number": "9",
        "name": "Samuel Eto'o",
        "substituted_in": true,
        "starting_lineup": true
      },
      {
        "number": "2",
        "name": "Martín Cáceres",
        "substituted_in": true,
        "starting_lineup": false
      }
    ]
  },
  {
    "url": "https://www.transfermarkt.pl/psv-eindhoven_atlético-madryt/aufstellung/spielbericht/923735",
    "match_id": "923735",
    "date": "wt., 16.09.2008",
    "competition": "Unknown",
    "matchday": "Unknown",
    "home_team": "PSV Eindhoven",
    "away_team": "Atlético Madryt",
    "home_players": [
      {
        "number": "1",
        "name": "Andreas Isaksson",
        "substituted_in": true,
        "starting_lineup": true
      },
      {
        "number": "13",
        "name": "Jérémie Bréchet",
        "substituted_in": true,
        "starting_lineup": true
      },
      {
        "number": "24",
        "name": "Dirk Marcellis",
        "substituted_in": true,
        "starting_lineup": true
      },
      {
        "number": "14",
        "name": "Erik Pieters",
        "substituted_in": true,
        "starting_lineup": true
      },
      {
        "number": "3",
        "name": "Carlos Salcido",
        "substituted_in": true,
        "starting_lineup": true
      },
      {
        "number": "6",
        "name": "Timmy Simons",
        "substituted_in": true,
        "starting_lineup": true
      },
      {
        "number": "15",
        "name": "Jason Culina",
        "substituted_in": true,
        "starting_lineup": true
      },
      {
        "number": "20",
        "name": "Ibrahim Afellay",
        "substituted_in": true,
        "starting_lineup": true
      },
      {
        "number": "11",
        "name": "Nordin Amrabat",
        "substituted_in": true,
        "starting_lineup": true
      },
      {
        "number": "8",
        "name": "Édison Méndez",
        "substituted_in": true,
        "starting_lineup": true
      },
      {
        "number": "10",
        "name": "Danny Koevermans",
        "substituted_in": true,
        "starting_lineup": true
      },
      {
        "number": "4",
        "name": "Francisco Rodríguez",
        "substituted_in": true,
        "starting_lineup": false
      },
      {
        "number": "28",
        "name": "Otman Bakkal",
        "substituted_in": true,
        "starting_lineup": false
      },
      {
        "number": "9",
        "name": "Danko Lazovic",
        "substituted_in": true,
        "starting_lineup": false
      }
    ],
    "away_players": [
      {
        "number": "25",
        "name": "Leo Franco",
        "substituted_in": true,
        "starting_lineup": true
      },
      {
        "number": "5",
        "name": "John Heitinga",
        "substituted_in": true,
        "starting_lineup": true
      },
      {
        "number": "17",
        "name": "Tomas Ujfalusi",
        "substituted_in": true,
        "starting_lineup": true
      },
      {
        "number": "3",
        "name": "Antonio López",
        "substituted_in": true,
        "starting_lineup": true
      },
      {
        "number": "21",
        "name": "Luis Amaranto Perea",
        "substituted_in": true,
        "starting_lineup": true
      },
      {
        "number": "12",
        "name": "Paulo Assunção",
        "substituted_in": true,
        "starting_lineup": true
      },
      {
        "number": "18",
        "name": "Maniche",
        "substituted_in": true,
        "starting_lineup": true
      },
      {
        "number": "20",
        "name": "Simão",
        "substituted_in": true,
        "starting_lineup": true
      },
      {
        "number": "9",
        "name": "Luis García",
        "substituted_in": true,
        "starting_lineup": true
      },
      {
        "number": "7",
        "name": "Diego Forlán",
        "substituted_in": true,
        "starting_lineup": true
      },
      {
        "number": "10",
        "name": "Sergio Agüero",
        "substituted_in": true,
        "starting_lineup": true
      },
      {
        "number": "16",
        "name": "Éver Banega",
        "substituted_in": true,
        "starting_lineup": false
      },
      {
        "number": "8",
        "name": "Raúl García",
        "substituted_in": true,
        "starting_lineup": false
      },
      {
        "number": "14",
        "name": "Florent Sinama-Pongolle",
        "substituted_in": true,
        "starting_lineup": false
      }
    ]
  },
  {
    "url": "https://www.transfermarkt.pl/atlético-madryt_real-madryt/aufstellung/spielbericht/920401",
    "match_id": "920401",
    "date": "sob., 18.10.2008",
    "competition": "LALIGA",
    "matchday": "7. Kolejka",
    "home_team": "Atlético Madryt",
    "away_team": "Real Madryt",
    "home_players": [
      {
        "number": "25",
        "name": "Leo Franco",
        "substituted_in": true,
        "starting_lineup": true
      },
      {
        "number": "17",
        "name": "Tomas Ujfalusi",
        "substituted_in": true,
        "starting_lineup": true
      },
      {
        "number": "21",
        "name": "Luis Amaranto Perea",
        "substituted_in": true,
        "starting_lineup": true
      },
      {
        "number": "4",
        "name": "Mariano Pernía",
        "substituted_in": true,
        "starting_lineup": true
      },
      {
        "number": "5",
        "name": "John Heitinga",
        "substituted_in": true,
        "starting_lineup": true
      },
      {
        "number": "12",
        "name": "Paulo Assunção",
        "substituted_in": true,
        "starting_lineup": true
      },
      {
        "number": "16",
        "name": "Éver Banega",
        "substituted_in": true,
        "starting_lineup": true
      },
      {
        "number": "18",
        "name": "Maniche",
        "substituted_in": true,
        "starting_lineup": true
      },
      {
        "number": "8",
        "name": "Raúl García",
        "substituted_in": true,
        "starting_lineup": true
      },
      {
        "number": "7",
        "name": "Diego Forlán",
        "substituted_in": true,
        "starting_lineup": true
      },
      {
        "number": "10",
        "name": "Sergio Agüero",
        "substituted_in": true,
        "starting_lineup": true
      },
      {
        "number": "3",
        "name": "Antonio López",
        "substituted_in": true,
        "starting_lineup": false
      },
      {
        "number": "20",
        "name": "Simão",
        "substituted_in": true,
        "starting_lineup": false
      },
      {
        "number": "9",
        "name": "Luis García",
        "substituted_in": true,
        "starting_lineup": false
      }
    ],
    "away_players": [
      {
        "number": "1",
        "name": "Iker Casillas",
        "substituted_in": true,
        "starting_lineup": true
      },
      {
        "number": "3",
        "name": "Pepe",
        "substituted_in": true,
        "starting_lineup": true
      },
      {
        "number": "5",
        "name": "Fabio Cannavaro",
        "substituted_in": true,
        "starting_lineup": true
      },
      {
        "number": "12",
        "name": "Marcelo",
        "substituted_in": true,
        "starting_lineup": true
      },
      {
        "number": "4",
        "name": "Sergio Ramos",
        "substituted_in": true,
        "starting_lineup": true
      },
      {
        "number": "8",
        "name": "Fernando Gago",
        "substituted_in": true,
        "starting_lineup": true
      },
      {
        "number": "18",
        "name": "Rubén de la Red",
        "substituted_in": true,
        "starting_lineup": true
      },
      {
        "number": "10",
        "name": "Wesley Sneijder",
        "substituted_in": true,
        "starting_lineup": true
      },
      {
        "number": "7",
        "name": "Raúl",
        "substituted_in": true,
        "starting_lineup": true
      },
      {
        "number": "20",
        "name": "Gonzalo Higuaín",
        "substituted_in": true,
        "starting_lineup": true
      },
      {
        "number": "17",
        "name": "Ruud van Nistelrooy",
        "substituted_in": true,
        "starting_lineup": true
      },
      {
        "number": "24",
        "name": "Javi García",
        "substituted_in": true,
        "starting_lineup": false
      },
      {
        "number": "15",
        "name": "Royston Drenthe",
        "substituted_in": true,
        "starting_lineup": false
      },
      {
        "number": "23",
        "name": "Rafael van der Vaart",
        "substituted_in": true,
        "starting_lineup": false
      }
    ]
  },
  {
    "url": "https://www.transfermarkt.pl/atlético-madryt_orihuela-cf/aufstellung/spielbericht/926976",
    "match_id": "926976",
    "date": "śr., 12.11.2008",
    "competition": "Unknown",
    "matchday": "Unknown",
    "home_team": "Atlético Madryt",
    "away_team": "Orihuela CF",
    "home_players": [
      {
        "number": "-",
        "name": "Grégory Coupet",
        "substituted_in": true,
        "starting_lineup": true
      },
      {
        "number": "-",
        "name": "Álvaro Domínguez",
        "substituted_in": true,
        "starting_lineup": true
      },
      {
        "number": "-",
        "name": "Pablo Ibáñez",
        "substituted_in": true,
        "starting_lineup": true
      },
      {
        "number": "-",
        "name": "Mariano Pernía",
        "substituted_in": true,
        "starting_lineup": true
      },
      {
        "number": "-",
        "name": "Georgios Seitaridis",
        "substituted_in": true,
        "starting_lineup": true
      },
      {
        "number": "-",
        "name": "Ignacio Camacho",
        "substituted_in": true,
        "starting_lineup": true
      },
      {
        "number": "-",
        "name": "Éver Banega",
        "substituted_in": true,
        "starting_lineup": true
      },
      {
        "number": "-",
        "name": "Luis García",
        "substituted_in": true,
        "starting_lineup": true
      },
      {
        "number": "-",
        "name": "Miguel de las Cuevas",
        "substituted_in": true,
        "starting_lineup": true
      },
      {
        "number": "-",
        "name": "Florent Sinama-Pongolle",
        "substituted_in": true,
        "starting_lineup": true
      },
      {
        "number": "-",
        "name": "Diego Forlán",
        "substituted_in": true,
        "starting_lineup": true
      },
      {
        "number": "-",
        "name": "Maniche",
        "substituted_in": true,
        "starting_lineup": false
      },
      {
        "number": "-",
        "name": "Maxi Rodríguez",
        "substituted_in": true,
        "starting_lineup": false
      },
      {
        "number": "-",
        "name": "Simão",
        "substituted_in": true,
        "starting_lineup": false
      }
    ],
    "away_players": [
      {
        "number": "-",
        "name": "Tato Burgada",
        "substituted_in": true,
        "starting_lineup": true
      },
      {
        "number": "-",
        "name": "Jorge Sanz Ortiz",
        "substituted_in": true,
        "starting_lineup": true
      },
      {
        "number": "-",
        "name": "Iker Guereñu",
        "substituted_in": true,
        "starting_lineup": true
      },
      {
        "number": "-",
        "name": "Benja",
        "substituted_in": true,
        "starting_lineup": true
      },
      {
        "number": "-",
        "name": "Kily Álvarez",
        "substituted_in": true,
        "starting_lineup": true
      },
      {
        "number": "-",
        "name": "Pablo García",
        "substituted_in": true,
        "starting_lineup": true
      },
      {
        "number": "-",
        "name": "Juanjo Martínez",
        "substituted_in": true,
        "starting_lineup": true
      },
      {
        "number": "-",
        "name": "Juan Navarro",
        "substituted_in": true,
        "starting_lineup": true
      },
      {
        "number": "-",
        "name": "Santi Villa",
        "substituted_in": true,
        "starting_lineup": true
      },
      {
        "number": "-",
        "name": "Iban Espadas",
        "substituted_in": true,
        "starting_lineup": true
      },
      {
        "number": "-",
        "name": "Luis Tevenet",
        "substituted_in": true,
        "starting_lineup": true
      },
      {
        "number": "-",
        "name": "Juan José Pereira",
        "substituted_in": true,
        "starting_lineup": false
      },
      {
        "number": "-",
        "name": "Jesús Brenes",
        "substituted_in": true,
        "starting_lineup": false
      },
      {
        "number": "-",
        "name": "Javier Inarejos",
        "substituted_in": true,
        "starting_lineup": false
      }
    ]
  },
  {
    "url": "https://www.transfermarkt.pl/atlético-madryt_deportivo-de-la-coruña/aufstellung/spielbericht/920443",
    "match_id": "920443",
    "date": "niedz., 16.11.2008",
    "competition": "LALIGA",
    "matchday": "11. Kolejka",
    "home_team": "Atlético Madryt",
    "away_team": "Deportivo de La Coruña",
    "home_players": [
      {
        "number": "-",
        "name": "Leo Franco",
        "substituted_in": true,
        "starting_lineup": true
      },
      {
        "number": "-",
        "name": "John Heitinga",
        "substituted_in": true,
        "starting_lineup": true
      },
      {
        "number": "-",
        "name": "Luis Amaranto Perea",
        "substituted_in": true,
        "starting_lineup": true
      },
      {
        "number": "-",
        "name": "Tomas Ujfalusi",
        "substituted_in": true,
        "starting_lineup": true
      },
      {
        "number": "-",
        "name": "Mariano Pernía",
        "substituted_in": true,
        "starting_lineup": true
      },
      {
        "number": "-",
        "name": "Paulo Assunção",
        "substituted_in": true,
        "starting_lineup": true
      },
      {
        "number": "-",
        "name": "Maniche",
        "substituted_in": true,
        "starting_lineup": true
      },
      {
        "number": "-",
        "name": "Maxi Rodríguez",
        "substituted_in": true,
        "starting_lineup": true
      },
      {
        "number": "-",
        "name": "Simão",
        "substituted_in": true,
        "starting_lineup": true
      },
      {
        "number": "-",
        "name": "Diego Forlán",
        "substituted_in": true,
        "starting_lineup": true
      },
      {
        "number": "-",
        "name": "Sergio Agüero",
        "substituted_in": true,
        "starting_lineup": true
      },
      {
        "number": "-",
        "name": "Éver Banega",
        "substituted_in": true,
        "starting_lineup": false
      },
      {
        "number": "-",
        "name": "Raúl García",
        "substituted_in": true,
        "starting_lineup": false
      },
      {
        "number": "-",
        "name": "Florent Sinama-Pongolle",
        "substituted_in": true,
        "starting_lineup": false
      }
    ],
    "away_players": [
      {
        "number": "-",
        "name": "Daniel Aranzubia",
        "substituted_in": true,
        "starting_lineup": true
      },
      {
        "number": "-",
        "name": "Adrián López",
        "substituted_in": true,
        "starting_lineup": true
      },
      {
        "number": "-",
        "name": "Alberto Lopo",
        "substituted_in": true,
        "starting_lineup": true
      },
      {
        "number": "-",
        "name": "Filipe Luís",
        "substituted_in": true,
        "starting_lineup": true
      },
      {
        "number": "-",
        "name": "Manuel Pablo",
        "substituted_in": true,
        "starting_lineup": true
      },
      {
        "number": "-",
        "name": "Juan Rodríguez",
        "substituted_in": true,
        "starting_lineup": true
      },
      {
        "number": "-",
        "name": "Andrés Guardado",
        "substituted_in": true,
        "starting_lineup": true
      },
      {
        "number": "-",
        "name": "Sergio",
        "substituted_in": true,
        "starting_lineup": true
      },
      {
        "number": "-",
        "name": "Joan Verdú",
        "substituted_in": true,
        "starting_lineup": true
      },
      {
        "number": "-",
        "name": "Ángel Lafita",
        "substituted_in": true,
        "starting_lineup": true
      },
      {
        "number": "-",
        "name": "Riki",
        "substituted_in": true,
        "starting_lineup": true
      },
      {
        "number": "-",
        "name": "Juan Carlos Valerón",
        "substituted_in": true,
        "starting_lineup": false
      },
      {
        "number": "-",
        "name": "Pablo Álvarez",
        "substituted_in": true,
        "starting_lineup": false
      },
      {
        "number": "-",
        "name": "Rodolfo Bodipo",
        "substituted_in": true,
        "starting_lineup": false
      }
    ]
  },
  {
    "url": "https://www.transfermarkt.pl/atlético-madryt_fc-schalke-04/aufstellung/spielbericht/923309",
    "match_id": "923309",
    "date": "śr., 27.08.2008",
    "competition": "Unknown",
    "matchday": "Unknown",
    "home_team": "Atlético Madryt",
    "away_team": "FC Schalke 04",
    "home_players": [
      {
        "number": "25",
        "name": "Leo Franco",
        "substituted_in": true,
        "starting_lineup": true
      },
      {
        "number": "5",
        "name": "John Heitinga",
        "substituted_in": true,
        "starting_lineup": true
      },
      {
        "number": "17",
        "name": "Tomas Ujfalusi",
        "substituted_in": true,
        "starting_lineup": true
      },
      {
        "number": "4",
        "name": "Mariano Pernía",
        "substituted_in": true,
        "starting_lineup": true
      },
      {
        "number": "21",
        "name": "Luis Amaranto Perea",
        "substituted_in": true,
        "starting_lineup": true
      },
      {
        "number": "-",
        "name": "Maniche",
        "substituted_in": true,
        "starting_lineup": true
      },
      {
        "number": "8",
        "name": "Raúl García",
        "substituted_in": true,
        "starting_lineup": true
      },
      {
        "number": "20",
        "name": "Simão",
        "substituted_in": true,
        "starting_lineup": true
      },
      {
        "number": "11",
        "name": "Maxi Rodríguez",
        "substituted_in": true,
        "starting_lineup": true
      },
      {
        "number": "7",
        "name": "Diego Forlán",
        "substituted_in": true,
        "starting_lineup": true
      },
      {
        "number": "10",
        "name": "Sergio Agüero",
        "substituted_in": true,
        "starting_lineup": true
      },
      {
        "number": "12",
        "name": "Paulo Assunção",
        "substituted_in": true,
        "starting_lineup": false
      },
      {
        "number": "9",
        "name": "Luis García",
        "substituted_in": true,
        "starting_lineup": false
      },
      {
        "number": "14",
        "name": "Florent Sinama-Pongolle",
        "substituted_in": true,
        "starting_lineup": false
      }
    ],
    "away_players": [
      {
        "number": "33",
        "name": "Mathias Schober",
        "substituted_in": true,
        "starting_lineup": true
      },
      {
        "number": "5",
        "name": "Marcelo Bordon",
        "substituted_in": true,
        "starting_lineup": true
      },
      {
        "number": "23",
        "name": "Benedikt Höwedes",
        "substituted_in": true,
        "starting_lineup": true
      },
      {
        "number": "24",
        "name": "Christian Pander",
        "substituted_in": true,
        "starting_lineup": true
      },
      {
        "number": "2",
        "name": "Heiko Westermann",
        "substituted_in": true,
        "starting_lineup": true
      },
      {
        "number": "8",
        "name": "Fabian Ernst",
        "substituted_in": true,
        "starting_lineup": true
      },
      {
        "number": "3",
        "name": "Levan Kobiashvili",
        "substituted_in": true,
        "starting_lineup": true
      },
      {
        "number": "13",
        "name": "Jermaine Jones",
        "substituted_in": true,
        "starting_lineup": true
      },
      {
        "number": "19",
        "name": "Halil Altıntop",
        "substituted_in": true,
        "starting_lineup": true
      },
      {
        "number": "10",
        "name": "Ivan Rakitic",
        "substituted_in": true,
        "starting_lineup": true
      },
      {
        "number": "22",
        "name": "Kevin Kuranyi",
        "substituted_in": true,
        "starting_lineup": true
      },
      {
        "number": "20",
        "name": "Mladen Krstajic",
        "substituted_in": true,
        "starting_lineup": false
      },
      {
        "number": "18",
        "name": "Rafinha",
        "substituted_in": true,
        "starting_lineup": false
      },
      {
        "number": "14",
        "name": "Gerald Asamoah",
        "substituted_in": true,
        "starting_lineup": false
      }
    ]
  },
  {
    "url": "https://www.transfermarkt.pl/atlético-madryt_valencia-cf/aufstellung/spielbericht/920696",
    "match_id": "920696",
    "date": "niedz., 17.05.2009",
    "competition": "LALIGA",
    "matchday": "36. Kolejka",
    "home_team": "Atlético Madryt",
    "away_team": "Valencia CF",
    "home_players": [
      {
        "number": "-",
        "name": "Leo Franco",
        "substituted_in": true,
        "starting_lineup": true
      },
      {
        "number": "-",
        "name": "Álvaro Domínguez",
        "substituted_in": true,
        "starting_lineup": true
      },
      {
        "number": "-",
        "name": "Pablo Ibáñez",
        "substituted_in": true,
        "starting_lineup": true
      },
      {
        "number": "-",
        "name": "Tomas Ujfalusi",
        "substituted_in": true,
        "starting_lineup": true
      },
      {
        "number": "-",
        "name": "Mariano Pernía",
        "substituted_in": true,
        "starting_lineup": true
      },
      {
        "number": "-",
        "name": "Paulo Assunção",
        "substituted_in": true,
        "starting_lineup": true
      },
      {
        "number": "-",
        "name": "Raúl García",
        "substituted_in": true,
        "starting_lineup": true
      },
      {
        "number": "-",
        "name": "Maxi Rodríguez",
        "substituted_in": true,
        "starting_lineup": true
      },
      {
        "number": "-",
        "name": "Simão",
        "substituted_in": true,
        "starting_lineup": true
      },
      {
        "number": "-",
        "name": "Diego Forlán",
        "substituted_in": true,
        "starting_lineup": true
      },
      {
        "number": "-",
        "name": "Sergio Agüero",
        "substituted_in": true,
        "starting_lineup": true
      },
      {
        "number": "-",
        "name": "Ignacio Camacho",
        "substituted_in": true,
        "starting_lineup": false
      },
      {
        "number": "-",
        "name": "Miguel de las Cuevas",
        "substituted_in": true,
        "starting_lineup": false
      },
      {
        "number": "-",
        "name": "Florent Sinama-Pongolle",
        "substituted_in": true,
        "starting_lineup": false
      }
    ],
    "away_players": [
      {
        "number": "-",
        "name": "César Sánchez",
        "substituted_in": true,
        "starting_lineup": true
      },
      {
        "number": "-",
        "name": "Alexis Ruano",
        "substituted_in": true,
        "starting_lineup": true
      },
      {
        "number": "-",
        "name": "Raúl Albiol",
        "substituted_in": true,
        "starting_lineup": true
      },
      {
        "number": "-",
        "name": "Miguel",
        "substituted_in": true,
        "starting_lineup": true
      },
      {
        "number": "-",
        "name": "David Albelda",
        "substituted_in": true,
        "starting_lineup": true
      },
      {
        "number": "-",
        "name": "Hedwiges Maduro",
        "substituted_in": true,
        "starting_lineup": true
      },
      {
        "number": "-",
        "name": "Edú Gaspar",
        "substituted_in": true,
        "starting_lineup": true
      },
      {
        "number": "-",
        "name": "Rubén Baraja",
        "substituted_in": true,
        "starting_lineup": true
      },
      {
        "number": "-",
        "name": "Juan Mata",
        "substituted_in": true,
        "starting_lineup": true
      },
      {
        "number": "-",
        "name": "Pablo Hernández",
        "substituted_in": true,
        "starting_lineup": true
      },
      {
        "number": "-",
        "name": "David Villa",
        "substituted_in": true,
        "starting_lineup": true
      },
      {
        "number": "-",
        "name": "Míchel Herrero",
        "substituted_in": true,
        "starting_lineup": false
      },
      {
        "number": "-",
        "name": "Joaquín",
        "substituted_in": true,
        "starting_lineup": false
      },
      {
        "number": "-",
        "name": "Fernando Morientes",
        "substituted_in": true,
        "starting_lineup": false
      }
    ]
  },
  {
    "url": "https://www.transfermarkt.pl/valencia-cf_atlético-madryt/aufstellung/spielbericht/920499",
    "match_id": "920499",
    "date": "sob., 03.01.2009",
    "competition": "LALIGA",
    "matchday": "17. Kolejka",
    "home_team": "Valencia CF",
    "away_team": "Atlético Madryt",
    "home_players": [
      {
        "number": "-",
        "name": "Renan Soares",
        "substituted_in": true,
        "starting_lineup": true
      },
      {
        "number": "-",
        "name": "Emiliano Moretti",
        "substituted_in": true,
        "starting_lineup": true
      },
      {
        "number": "-",
        "name": "Raúl Albiol",
        "substituted_in": true,
        "starting_lineup": true
      },
      {
        "number": "-",
        "name": "Miguel",
        "substituted_in": true,
        "starting_lineup": true
      },
      {
        "number": "-",
        "name": "David Albelda",
        "substituted_in": true,
        "starting_lineup": true
      },
      {
        "number": "-",
        "name": "Hedwiges Maduro",
        "substituted_in": true,
        "starting_lineup": true
      },
      {
        "number": "-",
        "name": "Rubén Baraja",
        "substituted_in": true,
        "starting_lineup": true
      },
      {
        "number": "-",
        "name": "David Silva",
        "substituted_in": true,
        "starting_lineup": true
      },
      {
        "number": "-",
        "name": "Juan Mata",
        "substituted_in": true,
        "starting_lineup": true
      },
      {
        "number": "-",
        "name": "Joaquín",
        "substituted_in": true,
        "starting_lineup": true
      },
      {
        "number": "-",
        "name": "David Villa",
        "substituted_in": true,
        "starting_lineup": true
      },
      {
        "number": "-",
        "name": "Edú Gaspar",
        "substituted_in": true,
        "starting_lineup": false
      },
      {
        "number": "-",
        "name": "Manuel Fernandes",
        "substituted_in": true,
        "starting_lineup": false
      },
      {
        "number": "-",
        "name": "Vicente",
        "substituted_in": true,
        "starting_lineup": false
      }
    ],
    "away_players": [
      {
        "number": "-",
        "name": "Leo Franco",
        "substituted_in": true,
        "starting_lineup": true
      },
      {
        "number": "-",
        "name": "John Heitinga",
        "substituted_in": true,
        "starting_lineup": true
      },
      {
        "number": "-",
        "name": "Luis Amaranto Perea",
        "substituted_in": true,
        "starting_lineup": true
      },
      {
        "number": "-",
        "name": "Tomas Ujfalusi",
        "substituted_in": true,
        "starting_lineup": true
      },
      {
        "number": "-",
        "name": "Mariano Pernía",
        "substituted_in": true,
        "starting_lineup": true
      },
      {
        "number": "-",
        "name": "Paulo Assunção",
        "substituted_in": true,
        "starting_lineup": true
      },
      {
        "number": "-",
        "name": "Raúl García",
        "substituted_in": true,
        "starting_lineup": true
      },
      {
        "number": "-",
        "name": "Simão",
        "substituted_in": true,
        "starting_lineup": true
      },
      {
        "number": "-",
        "name": "Luis García",
        "substituted_in": true,
        "starting_lineup": true
      },
      {
        "number": "-",
        "name": "Diego Forlán",
        "substituted_in": true,
        "starting_lineup": true
      },
      {
        "number": "-",
        "name": "Sergio Agüero",
        "substituted_in": true,
        "starting_lineup": true
      },
      {
        "number": "-",
        "name": "Florent Sinama-Pongolle",
        "substituted_in": true,
        "starting_lineup": false
      }
    ]
  },
  {
    "url": "https://www.transfermarkt.pl/ca-osasuna_atlético-madryt/aufstellung/spielbericht/920433",
    "match_id": "920433",
    "date": "niedz., 09.11.2008",
    "competition": "LALIGA",
    "matchday": "10. Kolejka",
    "home_team": "CA Osasuna",
    "away_team": "Atlético Madryt",
    "home_players": [
      {
        "number": "-",
        "name": "Roberto Fernández",
        "substituted_in": true,
        "starting_lineup": true
      },
      {
        "number": "-",
        "name": "César Azpilicueta",
        "substituted_in": true,
        "starting_lineup": true
      },
      {
        "number": "-",
        "name": "Miguel Flaño",
        "substituted_in": true,
        "starting_lineup": true
      },
      {
        "number": "-",
        "name": "Rovérsio",
        "substituted_in": true,
        "starting_lineup": true
      },
      {
        "number": "-",
        "name": "Juanfran Torres",
        "substituted_in": true,
        "starting_lineup": true
      },
      {
        "number": "-",
        "name": "Oier Sanjurjo",
        "substituted_in": true,
        "starting_lineup": true
      },
      {
        "number": "-",
        "name": "Javad Nekounam",
        "substituted_in": true,
        "starting_lineup": true
      },
      {
        "number": "-",
        "name": "Krisztián Vadócz",
        "substituted_in": true,
        "starting_lineup": true
      },
      {
        "number": "-",
        "name": "Jaroslav Plasil",
        "substituted_in": true,
        "starting_lineup": true
      },
      {
        "number": "-",
        "name": "Javier Portillo",
        "substituted_in": true,
        "starting_lineup": true
      },
      {
        "number": "-",
        "name": "Santiago Ezquerro",
        "substituted_in": true,
        "starting_lineup": true
      },
      {
        "number": "-",
        "name": "Héctor Font",
        "substituted_in": true,
        "starting_lineup": false
      },
      {
        "number": "-",
        "name": "Masoud Shojaei",
        "substituted_in": true,
        "starting_lineup": false
      },
      {
        "number": "-",
        "name": "Walter Pandiani",
        "substituted_in": true,
        "starting_lineup": false
      }
    ],
    "away_players": [
      {
        "number": "-",
        "name": "Grégory Coupet",
        "substituted_in": true,
        "starting_lineup": true
      },
      {
        "number": "-",
        "name": "John Heitinga",
        "substituted_in": true,
        "starting_lineup": true
      },
      {
        "number": "-",
        "name": "Luis Amaranto Perea",
        "substituted_in": true,
        "starting_lineup": true
      },
      {
        "number": "-",
        "name": "Tomas Ujfalusi",
        "substituted_in": true,
        "starting_lineup": true
      },
      {
        "number": "-",
        "name": "Mariano Pernía",
        "substituted_in": true,
        "starting_lineup": true
      },
      {
        "number": "-",
        "name": "Paulo Assunção",
        "substituted_in": true,
        "starting_lineup": true
      },
      {
        "number": "-",
        "name": "Maniche",
        "substituted_in": true,
        "starting_lineup": true
      },
      {
        "number": "-",
        "name": "Raúl García",
        "substituted_in": true,
        "starting_lineup": true
      },
      {
        "number": "-",
        "name": "Maxi Rodríguez",
        "substituted_in": true,
        "starting_lineup": true
      },
      {
        "number": "-",
        "name": "Simão",
        "substituted_in": true,
        "starting_lineup": true
      },
      {
        "number": "-",
        "name": "Sergio Agüero",
        "substituted_in": true,
        "starting_lineup": true
      },
      {
        "number": "-",
        "name": "Pablo Ibáñez",
        "substituted_in": true,
        "starting_lineup": false
      },
      {
        "number": "-",
        "name": "Éver Banega",
        "substituted_in": true,
        "starting_lineup": false
      },
      {
        "number": "-",
        "name": "Diego Forlán",
        "substituted_in": true,
        "starting_lineup": false
      }
    ]
  }
]