[
  {
    "url": "https://www.transfermarkt.pl/bayer-04-leverkusen_atlético-madryt/aufstellung/spielbericht/3252217",
    "match_id": "3252217",
    "date": "śr., 06.11.2019",
    "competition": "Unknown",
    "matchday": "Unknown",
    "home_team": "Bayer 04 Leverkusen",
    "away_team": "Atlético Madryt",
    "home_players": [
      {
        "number": "1",
        "name": "Lukas Hradecky",
        "substituted_in": true,
        "starting_lineup": true
      },
      {
        "number": "4",
        "name": "Jonathan Tah",
        "substituted_in": true,
        "starting_lineup": true
      },
      {
        "number": "5",
        "name": "Sven Bender",
        "substituted_in": true,
        "starting_lineup": true
      },
      {
        "number": "18",
        "name": "Wendell",
        "substituted_in": true,
        "starting_lineup": true
      },
      {
        "number": "23",
        "name": "Mitchell Weiser",
        "substituted_in": true,
        "starting_lineup": true
      },
      {
        "number": "10",
        "name": "Kerem Demirbay",
        "substituted_in": true,
        "starting_lineup": true
      },
      {
        "number": "20",
        "name": "Charles Aránguiz",
        "substituted_in": true,
        "starting_lineup": true
      },
      {
        "number": "38",
        "name": "Karim Bellarabi",
        "substituted_in": true,
        "starting_lineup": true
      },
      {
        "number": "11",
        "name": "Nadiem Amiri",
        "substituted_in": true,
        "starting_lineup": true
      },
      {
        "number": "29",
        "name": "Kai Havertz",
        "substituted_in": true,
        "starting_lineup": true
      },
      {
        "number": "31",
        "name": "Kevin Volland",
        "substituted_in": true,
        "starting_lineup": true
      },
      {
        "number": "3",
        "name": "Panagiotis Retsos",
        "substituted_in": true,
        "starting_lineup": false
      },
      {
        "number": "6",
        "name": "Aleksandar Dragovic",
        "substituted_in": true,
        "starting_lineup": false
      },
      {
        "number": "15",
        "name": "Julian Baumgartlinger",
        "substituted_in": true,
        "starting_lineup": false
      }
    ],
    "away_players": [
      {
        "number": "13",
        "name": "Jan Oblak",
        "substituted_in": true,
        "starting_lineup": true
      },
      {
        "number": "22",
        "name": "Mario Hermoso",
        "substituted_in": true,
        "starting_lineup": true
      },
      {
        "number": "18",
        "name": "Felipe",
        "substituted_in": true,
        "starting_lineup": true
      },
      {
        "number": "12",
        "name": "Renan Lodi",
        "substituted_in": true,
        "starting_lineup": true
      },
      {
        "number": "4",
        "name": "Santiago Arias",
        "substituted_in": true,
        "starting_lineup": true
      },
      {
        "number": "5",
        "name": "Thomas Partey",
        "substituted_in": true,
        "starting_lineup": true
      },
      {
        "number": "8",
        "name": "Saúl Ñíguez",
        "substituted_in": true,
        "starting_lineup": true
      },
      {
        "number": "6",
        "name": "Koke",
        "substituted_in": true,
        "starting_lineup": true
      },
      {
        "number": "10",
        "name": "Ángel Correa",
        "substituted_in": true,
        "starting_lineup": true
      },
      {
        "number": "9",
        "name": "Álvaro Morata",
        "substituted_in": true,
        "starting_lineup": true
      },
      {
        "number": "19",
        "name": "Diego Costa",
        "substituted_in": true,
        "starting_lineup": true
      },
      {
        "number": "16",
        "name": "Héctor Herrera",
        "substituted_in": true,
        "starting_lineup": false
      },
      {
        "number": "11",
        "name": "Thomas Lemar",
        "substituted_in": true,
        "starting_lineup": false
      },
      {
        "number": "20",
        "name": "Vitolo",
        "substituted_in": true,
        "starting_lineup": false
      }
    ]
  },
  {
    "url": "https://www.transfermarkt.pl/real-sociedad_atlético-madryt/aufstellung/spielbericht/3208667",
    "match_id": "3208667",
    "date": "sob., 14.09.2019",
    "competition": "LALIGA",
    "matchday": "4. Kolejka",
    "home_team": "Real Sociedad",
    "away_team": "Atlético Madryt",
    "home_players": [
      {
        "number": "13",
        "name": "Miguel Ángel Moyá",
        "substituted_in": true,
        "starting_lineup": true
      },
      {
        "number": "3",
        "name": "Diego Llorente",
        "substituted_in": true,
        "starting_lineup": true
      },
      {
        "number": "6",
        "name": "Aritz Elustondo",
        "substituted_in": true,
        "starting_lineup": true
      },
      {
        "number": "20",
        "name": "Nacho Monreal",
        "substituted_in": true,
        "starting_lineup": true
      },
      {
        "number": "2",
        "name": "Joseba Zaldua",
        "substituted_in": true,
        "starting_lineup": true
      },
      {
        "number": "5",
        "name": "Igor Zubeldia",
        "substituted_in": true,
        "starting_lineup": true
      },
      {
        "number": "8",
        "name": "Mikel Merino",
        "substituted_in": true,
        "starting_lineup": true
      },
      {
        "number": "21",
        "name": "Martin Ødegaard",
        "substituted_in": true,
        "starting_lineup": true
      },
      {
        "number": "10",
        "name": "Mikel Oyarzabal",
        "substituted_in": true,
        "starting_lineup": true
      },
      {
        "number": "7",
        "name": "Portu",
        "substituted_in": true,
        "starting_lineup": true
      },
      {
        "number": "19",
        "name": "Alexander Isak",
        "substituted_in": true,
        "starting_lineup": true
      },
      {
        "number": "17",
        "name": "David Zurutuza",
        "substituted_in": true,
        "starting_lineup": false
      },
      {
        "number": "11",
        "name": "Adnan Januzaj",
        "substituted_in": true,
        "starting_lineup": false
      },
      {
        "number": "9",
        "name": "Willian José",
        "substituted_in": true,
        "starting_lineup": false
      }
    ],
    "away_players": [
      {
        "number": "13",
        "name": "Jan Oblak",
        "substituted_in": true,
        "starting_lineup": true
      },
      {
        "number": "2",
        "name": "José María Giménez",
        "substituted_in": true,
        "starting_lineup": true
      },
      {
        "number": "15",
        "name": "Stefan Savic",
        "substituted_in": true,
        "starting_lineup": true
      },
      {
        "number": "12",
        "name": "Renan Lodi",
        "substituted_in": true,
        "starting_lineup": true
      },
      {
        "number": "23",
        "name": "Kieran Trippier",
        "substituted_in": true,
        "starting_lineup": true
      },
      {
        "number": "8",
        "name": "Saúl Ñíguez",
        "substituted_in": true,
        "starting_lineup": true
      },
      {
        "number": "6",
        "name": "Koke",
        "substituted_in": true,
        "starting_lineup": true
      },
      {
        "number": "11",
        "name": "Thomas Lemar",
        "substituted_in": true,
        "starting_lineup": true
      },
      {
        "number": "20",
        "name": "Vitolo",
        "substituted_in": true,
        "starting_lineup": true
      },
      {
        "number": "7",
        "name": "João Félix",
        "substituted_in": true,
        "starting_lineup": true
      },
      {
        "number": "19",
        "name": "Diego Costa",
        "substituted_in": true,
        "starting_lineup": true
      },
      {
        "number": "1",
        "name": "Antonio Adán",
        "substituted_in": true,
        "starting_lineup": false
      },
      {
        "number": "14",
        "name": "Marcos Llorente",
        "substituted_in": true,
        "starting_lineup": false
      },
      {
        "number": "10",
        "name": "Ángel Correa",
        "substituted_in": true,
        "starting_lineup": false
      }
    ]
  },
  {
    "url": "https://www.transfermarkt.pl/real-betis-balompié_atlético-madryt/aufstellung/spielbericht/3208813",
    "match_id": "3208813",
    "date": "niedz., 22.12.2019",
    "competition": "LALIGA",
    "matchday": "18. Kolejka",
    "home_team": "Real Betis Balompié",
    "away_team": "Atlético Madryt",
    "home_players": [
      {
        "number": "1",
        "name": "Joel Robles",
        "substituted_in": true,
        "starting_lineup": true
      },
      {
        "number": "4",
        "name": "Zouhair Feddal",
        "substituted_in": true,
        "starting_lineup": true
      },
      {
        "number": "23",
        "name": "Aïssa Mandi",
        "substituted_in": true,
        "starting_lineup": true
      },
      {
        "number": "15",
        "name": "Álex Moreno",
        "substituted_in": true,
        "starting_lineup": true
      },
      {
        "number": "22",
        "name": "Emerson Royal",
        "substituted_in": true,
        "starting_lineup": true
      },
      {
        "number": "5",
        "name": "Marc Bartra",
        "substituted_in": true,
        "starting_lineup": true
      },
      {
        "number": "18",
        "name": "Andrés Guardado",
        "substituted_in": true,
        "starting_lineup": true
      },
      {
        "number": "10",
        "name": "Sergio Canales",
        "substituted_in": true,
        "starting_lineup": true
      },
      {
        "number": "17",
        "name": "Joaquín",
        "substituted_in": true,
        "starting_lineup": true
      },
      {
        "number": "8",
        "name": "Nabil Fekir",
        "substituted_in": true,
        "starting_lineup": true
      },
      {
        "number": "16",
        "name": "Loren Morón",
        "substituted_in": true,
        "starting_lineup": true
      },
      {
        "number": "11",
        "name": "Cristian Tello",
        "substituted_in": true,
        "starting_lineup": false
      },
      {
        "number": "20",
        "name": "Diego Lainez",
        "substituted_in": true,
        "starting_lineup": false
      },
      {
        "number": "9",
        "name": "Borja Iglesias",
        "substituted_in": true,
        "starting_lineup": false
      }
    ],
    "away_players": [
      {
        "number": "13",
        "name": "Jan Oblak",
        "substituted_in": true,
        "starting_lineup": true
      },
      {
        "number": "2",
        "name": "José María Giménez",
        "substituted_in": true,
        "starting_lineup": true
      },
      {
        "number": "18",
        "name": "Felipe",
        "substituted_in": true,
        "starting_lineup": true
      },
      {
        "number": "12",
        "name": "Renan Lodi",
        "substituted_in": true,
        "starting_lineup": true
      },
      {
        "number": "23",
        "name": "Kieran Trippier",
        "substituted_in": true,
        "starting_lineup": true
      },
      {
        "number": "5",
        "name": "Thomas Partey",
        "substituted_in": true,
        "starting_lineup": true
      },
      {
        "number": "8",
        "name": "Saúl Ñíguez",
        "substituted_in": true,
        "starting_lineup": true
      },
      {
        "number": "16",
        "name": "Héctor Herrera",
        "substituted_in": true,
        "starting_lineup": true
      },
      {
        "number": "11",
        "name": "Thomas Lemar",
        "substituted_in": true,
        "starting_lineup": true
      },
      {
        "number": "7",
        "name": "João Félix",
        "substituted_in": true,
        "starting_lineup": true
      },
      {
        "number": "9",
        "name": "Álvaro Morata",
        "substituted_in": true,
        "starting_lineup": true
      },
      {
        "number": "14",
        "name": "Marcos Llorente",
        "substituted_in": true,
        "starting_lineup": false
      },
      {
        "number": "10",
        "name": "Ángel Correa",
        "substituted_in": true,
        "starting_lineup": false
      }
    ]
  },
  {
    "url": "https://www.transfermarkt.pl/rcd-mallorca_atlético-madryt/aufstellung/spielbericht/3208684",
    "match_id": "3208684",
    "date": "śr., 25.09.2019",
    "competition": "LALIGA",
    "matchday": "6. Kolejka",
    "home_team": "RCD Mallorca",
    "away_team": "Atlético Madryt",
    "home_players": [
      {
        "number": "1",
        "name": "Manolo Reina",
        "substituted_in": true,
        "starting_lineup": true
      },
      {
        "number": "5",
        "name": "Xisco Campos",
        "substituted_in": true,
        "starting_lineup": true
      },
      {
        "number": "24",
        "name": "Martin Valjent",
        "substituted_in": true,
        "starting_lineup": true
      },
      {
        "number": "3",
        "name": "Lumor Agbenyenu",
        "substituted_in": true,
        "starting_lineup": true
      },
      {
        "number": "2",
        "name": "Joan Sastre",
        "substituted_in": true,
        "starting_lineup": true
      },
      {
        "number": "12",
        "name": "Iddrisu Baba",
        "substituted_in": true,
        "starting_lineup": true
      },
      {
        "number": "8",
        "name": "Salva Sevilla",
        "substituted_in": true,
        "starting_lineup": true
      },
      {
        "number": "14",
        "name": "Dani Rodríguez",
        "substituted_in": true,
        "starting_lineup": true
      },
      {
        "number": "11",
        "name": "Lago Júnior",
        "substituted_in": true,
        "starting_lineup": true
      },
      {
        "number": "26",
        "name": "Takefusa Kubo",
        "substituted_in": true,
        "starting_lineup": true
      },
      {
        "number": "22",
        "name": "Ante Budimir",
        "substituted_in": true,
        "starting_lineup": true
      },
      {
        "number": "17",
        "name": "Aleksandar Trajkovski",
        "substituted_in": true,
        "starting_lineup": false
      },
      {
        "number": "9",
        "name": "Abdón Prats",
        "substituted_in": true,
        "starting_lineup": false
      },
      {
        "number": "10",
        "name": "Álex Alegría",
        "substituted_in": true,
        "starting_lineup": false
      }
    ],
    "away_players": [
      {
        "number": "13",
        "name": "Jan Oblak",
        "substituted_in": true,
        "starting_lineup": true
      },
      {
        "number": "15",
        "name": "Stefan Savic",
        "substituted_in": true,
        "starting_lineup": true
      },
      {
        "number": "18",
        "name": "Felipe",
        "substituted_in": true,
        "starting_lineup": true
      },
      {
        "number": "12",
        "name": "Renan Lodi",
        "substituted_in": true,
        "starting_lineup": true
      },
      {
        "number": "4",
        "name": "Santiago Arias",
        "substituted_in": true,
        "starting_lineup": true
      },
      {
        "number": "5",
        "name": "Thomas Partey",
        "substituted_in": true,
        "starting_lineup": true
      },
      {
        "number": "6",
        "name": "Koke",
        "substituted_in": true,
        "starting_lineup": true
      },
      {
        "number": "8",
        "name": "Saúl Ñíguez",
        "substituted_in": true,
        "starting_lineup": true
      },
      {
        "number": "20",
        "name": "Vitolo",
        "substituted_in": true,
        "starting_lineup": true
      },
      {
        "number": "7",
        "name": "João Félix",
        "substituted_in": true,
        "starting_lineup": true
      },
      {
        "number": "19",
        "name": "Diego Costa",
        "substituted_in": true,
        "starting_lineup": true
      },
      {
        "number": "14",
        "name": "Marcos Llorente",
        "substituted_in": true,
        "starting_lineup": false
      },
      {
        "number": "10",
        "name": "Ángel Correa",
        "substituted_in": true,
        "starting_lineup": false
      },
      {
        "number": "9",
        "name": "Álvaro Morata",
        "substituted_in": true,
        "starting_lineup": false
      }
    ]
  },
  {
    "url": "https://www.transfermarkt.pl/atlético-madryt_granada-cf/aufstellung/spielbericht/3209803",
    "match_id": "3209803",
    "date": "sob., 08.02.2020",
    "competition": "LALIGA",
    "matchday": "23. Kolejka",
    "home_team": "Atlético Madryt",
    "away_team": "Granada CF",
    "home_players": [
      {
        "number": "13",
        "name": "Jan Oblak",
        "substituted_in": true,
        "starting_lineup": true
      },
      {
        "number": "22",
        "name": "Mario Hermoso",
        "substituted_in": true,
        "starting_lineup": true
      },
      {
        "number": "15",
        "name": "Stefan Savic",
        "substituted_in": true,
        "starting_lineup": true
      },
      {
        "number": "12",
        "name": "Renan Lodi",
        "substituted_in": true,
        "starting_lineup": true
      },
      {
        "number": "24",
        "name": "Sime Vrsaljko",
        "substituted_in": true,
        "starting_lineup": true
      },
      {
        "number": "14",
        "name": "Marcos Llorente",
        "substituted_in": true,
        "starting_lineup": true
      },
      {
        "number": "5",
        "name": "Thomas Partey",
        "substituted_in": true,
        "starting_lineup": true
      },
      {
        "number": "6",
        "name": "Koke",
        "substituted_in": true,
        "starting_lineup": true
      },
      {
        "number": "8",
        "name": "Saúl Ñíguez",
        "substituted_in": true,
        "starting_lineup": true
      },
      {
        "number": "10",
        "name": "Ángel Correa",
        "substituted_in": true,
        "starting_lineup": true
      },
      {
        "number": "20",
        "name": "Vitolo",
        "substituted_in": true,
        "starting_lineup": true
      },
      {
        "number": "38",
        "name": "Toni Moya",
        "substituted_in": true,
        "starting_lineup": false
      },
      {
        "number": "11",
        "name": "Thomas Lemar",
        "substituted_in": true,
        "starting_lineup": false
      },
      {
        "number": "21",
        "name": "Yannick Carrasco",
        "substituted_in": true,
        "starting_lineup": false
      }
    ],
    "away_players": [
      {
        "number": "13",
        "name": "Aarón Escandell",
        "substituted_in": true,
        "starting_lineup": true
      },
      {
        "number": "5",
        "name": "José Antonio Martínez",
        "substituted_in": true,
        "starting_lineup": true
      },
      {
        "number": "22",
        "name": "Domingos Duarte",
        "substituted_in": true,
        "starting_lineup": true
      },
      {
        "number": "16",
        "name": "Víctor Díaz",
        "substituted_in": true,
        "starting_lineup": true
      },
      {
        "number": "2",
        "name": "Dimitri Foulquier",
        "substituted_in": true,
        "starting_lineup": true
      },
      {
        "number": "21",
        "name": "Yangel Herrera",
        "substituted_in": true,
        "starting_lineup": true
      },
      {
        "number": "8",
        "name": "Yan Eteki",
        "substituted_in": true,
        "starting_lineup": true
      },
      {
        "number": "11",
        "name": "İsmail Köybaşı",
        "substituted_in": true,
        "starting_lineup": true
      },
      {
        "number": "12",
        "name": "Ramon Azeez",
        "substituted_in": true,
        "starting_lineup": true
      },
      {
        "number": "7",
        "name": "Álvaro Vadillo",
        "substituted_in": true,
        "starting_lineup": true
      },
      {
        "number": "9",
        "name": "Roberto Soldado",
        "substituted_in": true,
        "starting_lineup": true
      },
      {
        "number": "17",
        "name": "Gil Dias",
        "substituted_in": true,
        "starting_lineup": false
      },
      {
        "number": "10",
        "name": "Antonio Puertas",
        "substituted_in": true,
        "starting_lineup": false
      },
      {
        "number": "24",
        "name": "Carlos Fernández",
        "substituted_in": true,
        "starting_lineup": false
      }
    ]
  },
  {
    "url": "https://www.transfermarkt.pl/lokomotiw-moskwa_atlético-madryt/aufstellung/spielbericht/3252169",
    "match_id": "3252169",
    "date": "wt., 01.10.2019",
    "competition": "Unknown",
    "matchday": "Unknown",
    "home_team": "Lokomotiw Moskwa",
    "away_team": "Atlético Madryt",
    "home_players": [
      {
        "number": "1",
        "name": "Guilherme",
        "substituted_in": true,
        "starting_lineup": true
      },
      {
        "number": "5",
        "name": "Benedikt Höwedes",
        "substituted_in": true,
        "starting_lineup": true
      },
      {
        "number": "14",
        "name": "Vedran Corluka",
        "substituted_in": true,
        "starting_lineup": true
      },
      {
        "number": "31",
        "name": "Maciej Rybus",
        "substituted_in": true,
        "starting_lineup": true
      },
      {
        "number": "20",
        "name": "Vladislav Ignatjev",
        "substituted_in": true,
        "starting_lineup": true
      },
      {
        "number": "27",
        "name": "Murilo",
        "substituted_in": true,
        "starting_lineup": true
      },
      {
        "number": "6",
        "name": "Dmitriy Barinov",
        "substituted_in": true,
        "starting_lineup": true
      },
      {
        "number": "7",
        "name": "Grzegorz Krychowiak",
        "substituted_in": true,
        "starting_lineup": true
      },
      {
        "number": "23",
        "name": "João Mário",
        "substituted_in": true,
        "starting_lineup": true
      },
      {
        "number": "17",
        "name": "Rifat Zhemaletdinov",
        "substituted_in": true,
        "starting_lineup": true
      },
      {
        "number": "9",
        "name": "Fedor Smolov",
        "substituted_in": true,
        "starting_lineup": true
      },
      {
        "number": "3",
        "name": "Bryan Idowu",
        "substituted_in": true,
        "starting_lineup": false
      },
      {
        "number": "18",
        "name": "Aleksandr Kolomeytsev",
        "substituted_in": true,
        "starting_lineup": false
      },
      {
        "number": "19",
        "name": "Éder",
        "substituted_in": true,
        "starting_lineup": false
      }
    ],
    "away_players": [
      {
        "number": "13",
        "name": "Jan Oblak",
        "substituted_in": true,
        "starting_lineup": true
      },
      {
        "number": "2",
        "name": "José María Giménez",
        "substituted_in": true,
        "starting_lineup": true
      },
      {
        "number": "18",
        "name": "Felipe",
        "substituted_in": true,
        "starting_lineup": true
      },
      {
        "number": "12",
        "name": "Renan Lodi",
        "substituted_in": true,
        "starting_lineup": true
      },
      {
        "number": "4",
        "name": "Santiago Arias",
        "substituted_in": true,
        "starting_lineup": true
      },
      {
        "number": "5",
        "name": "Thomas Partey",
        "substituted_in": true,
        "starting_lineup": true
      },
      {
        "number": "6",
        "name": "Koke",
        "substituted_in": true,
        "starting_lineup": true
      },
      {
        "number": "8",
        "name": "Saúl Ñíguez",
        "substituted_in": true,
        "starting_lineup": true
      },
      {
        "number": "7",
        "name": "João Félix",
        "substituted_in": true,
        "starting_lineup": true
      },
      {
        "number": "9",
        "name": "Álvaro Morata",
        "substituted_in": true,
        "starting_lineup": true
      },
      {
        "number": "19",
        "name": "Diego Costa",
        "substituted_in": true,
        "starting_lineup": true
      },
      {
        "number": "22",
        "name": "Mario Hermoso",
        "substituted_in": true,
        "starting_lineup": false
      },
      {
        "number": "11",
        "name": "Thomas Lemar",
        "substituted_in": true,
        "starting_lineup": false
      },
      {
        "number": "10",
        "name": "Ángel Correa",
        "substituted_in": true,
        "starting_lineup": false
      }
    ]
  },
  {
    "url": "https://www.transfermarkt.pl/atlético-madryt_fc-liverpool/aufstellung/spielbericht/3291930",
    "match_id": "3291930",
    "date": "wt., 18.02.2020",
    "competition": "Unknown",
    "matchday": "Unknown",
    "home_team": "Atlético Madryt",
    "away_team": "FC Liverpool",
    "home_players": [
      {
        "number": "13",
        "name": "Jan Oblak",
        "substituted_in": true,
        "starting_lineup": true
      },
      {
        "number": "15",
        "name": "Stefan Savic",
        "substituted_in": true,
        "starting_lineup": true
      },
      {
        "number": "18",
        "name": "Felipe",
        "substituted_in": true,
        "starting_lineup": true
      },
      {
        "number": "12",
        "name": "Renan Lodi",
        "substituted_in": true,
        "starting_lineup": true
      },
      {
        "number": "24",
        "name": "Sime Vrsaljko",
        "substituted_in": true,
        "starting_lineup": true
      },
      {
        "number": "5",
        "name": "Thomas Partey",
        "substituted_in": true,
        "starting_lineup": true
      },
      {
        "number": "8",
        "name": "Saúl Ñíguez",
        "substituted_in": true,
        "starting_lineup": true
      },
      {
        "number": "6",
        "name": "Koke",
        "substituted_in": true,
        "starting_lineup": true
      },
      {
        "number": "11",
        "name": "Thomas Lemar",
        "substituted_in": true,
        "starting_lineup": true
      },
      {
        "number": "10",
        "name": "Ángel Correa",
        "substituted_in": true,
        "starting_lineup": true
      },
      {
        "number": "9",
        "name": "Álvaro Morata",
        "substituted_in": true,
        "starting_lineup": true
      },
      {
        "number": "14",
        "name": "Marcos Llorente",
        "substituted_in": true,
        "starting_lineup": false
      },
      {
        "number": "20",
        "name": "Vitolo",
        "substituted_in": true,
        "starting_lineup": false
      },
      {
        "number": "19",
        "name": "Diego Costa",
        "substituted_in": true,
        "starting_lineup": false
      }
    ],
    "away_players": [
      {
        "number": "1",
        "name": "Alisson",
        "substituted_in": true,
        "starting_lineup": true
      },
      {
        "number": "4",
        "name": "Virgil van Dijk",
        "substituted_in": true,
        "starting_lineup": true
      },
      {
        "number": "12",
        "name": "Joe Gomez",
        "substituted_in": true,
        "starting_lineup": true
      },
      {
        "number": "26",
        "name": "Andrew Robertson",
        "substituted_in": true,
        "starting_lineup": true
      },
      {
        "number": "66",
        "name": "Trent Alexander-Arnold",
        "substituted_in": true,
        "starting_lineup": true
      },
      {
        "number": "3",
        "name": "Fabinho",
        "substituted_in": true,
        "starting_lineup": true
      },
      {
        "number": "14",
        "name": "Jordan Henderson",
        "substituted_in": true,
        "starting_lineup": true
      },
      {
        "number": "5",
        "name": "Georginio Wijnaldum",
        "substituted_in": true,
        "starting_lineup": true
      },
      {
        "number": "10",
        "name": "Sadio Mané",
        "substituted_in": true,
        "starting_lineup": true
      },
      {
        "number": "11",
        "name": "Mohamed Salah",
        "substituted_in": true,
        "starting_lineup": true
      },
      {
        "number": "9",
        "name": "Roberto Firmino",
        "substituted_in": true,
        "starting_lineup": true
      },
      {
        "number": "7",
        "name": "James Milner",
        "substituted_in": true,
        "starting_lineup": false
      },
      {
        "number": "15",
        "name": "Alex Oxlade-Chamberlain",
        "substituted_in": true,
        "starting_lineup": false
      },
      {
        "number": "27",
        "name": "Divock Origi",
        "substituted_in": true,
        "starting_lineup": false
      }
    ]
  },
  {
    "url": "https://www.transfermarkt.pl/atlético-madryt_lokomotiw-moskwa/aufstellung/spielbericht/3252248",
    "match_id": "3252248",
    "date": "śr., 11.12.2019",
    "competition": "Unknown",
    "matchday": "Unknown",
    "home_team": "Atlético Madryt",
    "away_team": "Lokomotiw Moskwa",
    "home_players": [
      {
        "number": "13",
        "name": "Jan Oblak",
        "substituted_in": true,
        "starting_lineup": true
      },
      {
        "number": "22",
        "name": "Mario Hermoso",
        "substituted_in": true,
        "starting_lineup": true
      },
      {
        "number": "18",
        "name": "Felipe",
        "substituted_in": true,
        "starting_lineup": true
      },
      {
        "number": "12",
        "name": "Renan Lodi",
        "substituted_in": true,
        "starting_lineup": true
      },
      {
        "number": "23",
        "name": "Kieran Trippier",
        "substituted_in": true,
        "starting_lineup": true
      },
      {
        "number": "5",
        "name": "Thomas Partey",
        "substituted_in": true,
        "starting_lineup": true
      },
      {
        "number": "6",
        "name": "Koke",
        "substituted_in": true,
        "starting_lineup": true
      },
      {
        "number": "8",
        "name": "Saúl Ñíguez",
        "substituted_in": true,
        "starting_lineup": true
      },
      {
        "number": "10",
        "name": "Ángel Correa",
        "substituted_in": true,
        "starting_lineup": true
      },
      {
        "number": "7",
        "name": "João Félix",
        "substituted_in": true,
        "starting_lineup": true
      },
      {
        "number": "9",
        "name": "Álvaro Morata",
        "substituted_in": true,
        "starting_lineup": true
      },
      {
        "number": "14",
        "name": "Marcos Llorente",
        "substituted_in": true,
        "starting_lineup": false
      },
      {
        "number": "16",
        "name": "Héctor Herrera",
        "substituted_in": true,
        "starting_lineup": false
      },
      {
        "number": "11",
        "name": "Thomas Lemar",
        "substituted_in": true,
        "starting_lineup": false
      }
    ],
    "away_players": [
      {
        "number": "77",
        "name": "Anton Kochenkov",
        "substituted_in": true,
        "starting_lineup": true
      },
      {
        "number": "5",
        "name": "Benedikt Höwedes",
        "substituted_in": true,
        "starting_lineup": true
      },
      {
        "number": "14",
        "name": "Vedran Corluka",
        "substituted_in": true,
        "starting_lineup": true
      },
      {
        "number": "33",
        "name": "Solomon Kvirkvelia",
        "substituted_in": true,
        "starting_lineup": true
      },
      {
        "number": "31",
        "name": "Maciej Rybus",
        "substituted_in": true,
        "starting_lineup": true
      },
      {
        "number": "3",
        "name": "Bryan Idowu",
        "substituted_in": true,
        "starting_lineup": true
      },
      {
        "number": "27",
        "name": "Murilo",
        "substituted_in": true,
        "starting_lineup": true
      },
      {
        "number": "7",
        "name": "Grzegorz Krychowiak",
        "substituted_in": true,
        "starting_lineup": true
      },
      {
        "number": "17",
        "name": "Rifat Zhemaletdinov",
        "substituted_in": true,
        "starting_lineup": true
      },
      {
        "number": "59",
        "name": "Aleksey Miranchuk",
        "substituted_in": true,
        "starting_lineup": true
      },
      {
        "number": "19",
        "name": "Éder",
        "substituted_in": true,
        "starting_lineup": true
      },
      {
        "number": "37",
        "name": "Stanislav Magkeev",
        "substituted_in": true,
        "starting_lineup": false
      },
      {
        "number": "9",
        "name": "Fedor Smolov",
        "substituted_in": true,
        "starting_lineup": false
      }
    ]
  },
  {
    "url": "https://www.transfermarkt.pl/atlético-madryt_levante-ud/aufstellung/spielbericht/3208823",
    "match_id": "3208823",
    "date": "sob., 04.01.2020",
    "competition": "LALIGA",
    "matchday": "19. Kolejka",
    "home_team": "Atlético Madryt",
    "away_team": "Levante UD",
    "home_players": [
      {
        "number": "13",
        "name": "Jan Oblak",
        "substituted_in": true,
        "starting_lineup": true
      },
      {
        "number": "2",
        "name": "José María Giménez",
        "substituted_in": true,
        "starting_lineup": true
      },
      {
        "number": "18",
        "name": "Felipe",
        "substituted_in": true,
        "starting_lineup": true
      },
      {
        "number": "12",
        "name": "Renan Lodi",
        "substituted_in": true,
        "starting_lineup": true
      },
      {
        "number": "23",
        "name": "Kieran Trippier",
        "substituted_in": true,
        "starting_lineup": true
      },
      {
        "number": "5",
        "name": "Thomas Partey",
        "substituted_in": true,
        "starting_lineup": true
      },
      {
        "number": "16",
        "name": "Héctor Herrera",
        "substituted_in": true,
        "starting_lineup": true
      },
      {
        "number": "8",
        "name": "Saúl Ñíguez",
        "substituted_in": true,
        "starting_lineup": true
      },
      {
        "number": "10",
        "name": "Ángel Correa",
        "substituted_in": true,
        "starting_lineup": true
      },
      {
        "number": "7",
        "name": "João Félix",
        "substituted_in": true,
        "starting_lineup": true
      },
      {
        "number": "9",
        "name": "Álvaro Morata",
        "substituted_in": true,
        "starting_lineup": true
      },
      {
        "number": "20",
        "name": "Vitolo",
        "substituted_in": true,
        "starting_lineup": false
      },
      {
        "number": "48",
        "name": "Germán Valera",
        "substituted_in": true,
        "starting_lineup": false
      }
    ],
    "away_players": [
      {
        "number": "13",
        "name": "Aitor Fernández",
        "substituted_in": true,
        "starting_lineup": true
      },
      {
        "number": "15",
        "name": "Sergio Postigo",
        "substituted_in": true,
        "starting_lineup": true
      },
      {
        "number": "18",
        "name": "Erick Cabaco",
        "substituted_in": true,
        "starting_lineup": true
      },
      {
        "number": "3",
        "name": "Toño García",
        "substituted_in": true,
        "starting_lineup": true
      },
      {
        "number": "23",
        "name": "Coke",
        "substituted_in": true,
        "starting_lineup": true
      },
      {
        "number": "5",
        "name": "Nemanja Radoja",
        "substituted_in": true,
        "starting_lineup": true
      },
      {
        "number": "24",
        "name": "José Campaña",
        "substituted_in": true,
        "starting_lineup": true
      },
      {
        "number": "10",
        "name": "Enis Bardhi",
        "substituted_in": true,
        "starting_lineup": true
      },
      {
        "number": "16",
        "name": "Rubén Rochina",
        "substituted_in": true,
        "starting_lineup": true
      },
      {
        "number": "9",
        "name": "Roger Martí",
        "substituted_in": true,
        "starting_lineup": true
      },
      {
        "number": "21",
        "name": "Borja Mayoral",
        "substituted_in": true,
        "starting_lineup": true
      },
      {
        "number": "17",
        "name": "Nikola Vukcevic",
        "substituted_in": true,
        "starting_lineup": false
      },
      {
        "number": "8",
        "name": "Hernâni",
        "substituted_in": true,
        "starting_lineup": false
      },
      {
        "number": "11",
        "name": "José Luis Morales",
        "substituted_in": true,
        "starting_lineup": false
      }
    ]
  },
  {
    "url": "https://www.transfermarkt.pl/sd-eibar_atlético-madryt/aufstellung/spielbericht/3208835",
    "match_id": "3208835",
    "date": "sob., 18.01.2020",
    "competition": "LALIGA",
    "matchday": "20. Kolejka",
    "home_team": "SD Eibar",
    "away_team": "Atlético Madryt",
    "home_players": [
      {
        "number": "1",
        "name": "Marko Dmitrovic",
        "substituted_in": true,
        "starting_lineup": true
      },
      {
        "number": "3",
        "name": "Pedro Bigas",
        "substituted_in": true,
        "starting_lineup": true
      },
      {
        "number": "2",
        "name": "Esteban Burgos",
        "substituted_in": true,
        "starting_lineup": true
      },
      {
        "number": "15",
        "name": "Cote",
        "substituted_in": true,
        "starting_lineup": true
      },
      {
        "number": "24",
        "name": "Álvaro Tejero",
        "substituted_in": true,
        "starting_lineup": true
      },
      {
        "number": "6",
        "name": "Sergio Álvarez",
        "substituted_in": true,
        "starting_lineup": true
      },
      {
        "number": "10",
        "name": "Edu Expósito",
        "substituted_in": true,
        "starting_lineup": true
      },
      {
        "number": "14",
        "name": "Fabián Orellana",
        "substituted_in": true,
        "starting_lineup": true
      },
      {
        "number": "22",
        "name": "Takashi Inui",
        "substituted_in": true,
        "starting_lineup": true
      },
      {
        "number": "21",
        "name": "Pedro León",
        "substituted_in": true,
        "starting_lineup": true
      },
      {
        "number": "9",
        "name": "Sergi Enrich",
        "substituted_in": true,
        "starting_lineup": true
      },
      {
        "number": "15",
        "name": "Sebastián Cristóforo",
        "substituted_in": true,
        "starting_lineup": false
      },
      {
        "number": "16",
        "name": "Pablo de Blasis",
        "substituted_in": true,
        "starting_lineup": false
      },
      {
        "number": "19",
        "name": "Charles",
        "substituted_in": true,
        "starting_lineup": false
      }
    ],
    "away_players": [
      {
        "number": "13",
        "name": "Jan Oblak",
        "substituted_in": true,
        "starting_lineup": true
      },
      {
        "number": "15",
        "name": "Stefan Savic",
        "substituted_in": true,
        "starting_lineup": true
      },
      {
        "number": "18",
        "name": "Felipe",
        "substituted_in": true,
        "starting_lineup": true
      },
      {
        "number": "8",
        "name": "Saúl Ñíguez",
        "substituted_in": true,
        "starting_lineup": true
      },
      {
        "number": "4",
        "name": "Santiago Arias",
        "substituted_in": true,
        "starting_lineup": true
      },
      {
        "number": "5",
        "name": "Thomas Partey",
        "substituted_in": true,
        "starting_lineup": true
      },
      {
        "number": "16",
        "name": "Héctor Herrera",
        "substituted_in": true,
        "starting_lineup": true
      },
      {
        "number": "20",
        "name": "Vitolo",
        "substituted_in": true,
        "starting_lineup": true
      },
      {
        "number": "10",
        "name": "Ángel Correa",
        "substituted_in": true,
        "starting_lineup": true
      },
      {
        "number": "7",
        "name": "João Félix",
        "substituted_in": true,
        "starting_lineup": true
      },
      {
        "number": "9",
        "name": "Álvaro Morata",
        "substituted_in": true,
        "starting_lineup": true
      },
      {
        "number": "12",
        "name": "Renan Lodi",
        "substituted_in": true,
        "starting_lineup": false
      },
      {
        "number": "39",
        "name": "Óscar Clemente",
        "substituted_in": true,
        "starting_lineup": false
      },
      {
        "number": "34",
        "name": "Sergio Camello",
        "substituted_in": true,
        "starting_lineup": false
      }
    ]
  },
  {
    "url": "https://www.transfermarkt.pl/atlético-madryt_cd-leganés/aufstellung/spielbericht/3208843",
    "match_id": "3208843",
    "date": "niedz., 26.01.2020",
    "competition": "LALIGA",
    "matchday": "21. Kolejka",
    "home_team": "Atlético Madryt",
    "away_team": "CD Leganés",
    "home_players": [
      {
        "number": "13",
        "name": "Jan Oblak",
        "substituted_in": true,
        "starting_lineup": true
      },
      {
        "number": "15",
        "name": "Stefan Savic",
        "substituted_in": true,
        "starting_lineup": true
      },
      {
        "number": "18",
        "name": "Felipe",
        "substituted_in": true,
        "starting_lineup": true
      },
      {
        "number": "12",
        "name": "Renan Lodi",
        "substituted_in": true,
        "starting_lineup": true
      },
      {
        "number": "24",
        "name": "Sime Vrsaljko",
        "substituted_in": true,
        "starting_lineup": true
      },
      {
        "number": "14",
        "name": "Marcos Llorente",
        "substituted_in": true,
        "starting_lineup": true
      },
      {
        "number": "5",
        "name": "Thomas Partey",
        "substituted_in": true,
        "starting_lineup": true
      },
      {
        "number": "8",
        "name": "Saúl Ñíguez",
        "substituted_in": true,
        "starting_lineup": true
      },
      {
        "number": "10",
        "name": "Ángel Correa",
        "substituted_in": true,
        "starting_lineup": true
      },
      {
        "number": "7",
        "name": "João Félix",
        "substituted_in": true,
        "starting_lineup": true
      },
      {
        "number": "9",
        "name": "Álvaro Morata",
        "substituted_in": true,
        "starting_lineup": true
      },
      {
        "number": "16",
        "name": "Héctor Herrera",
        "substituted_in": true,
        "starting_lineup": false
      },
      {
        "number": "20",
        "name": "Vitolo",
        "substituted_in": true,
        "starting_lineup": false
      },
      {
        "number": "17",
        "name": "Ivan Saponjic",
        "substituted_in": true,
        "starting_lineup": false
      }
    ],
    "away_players": [
      {
        "number": "1",
        "name": "Iván Cuéllar",
        "substituted_in": true,
        "starting_lineup": true
      },
      {
        "number": "3",
        "name": "Unai Bustinza",
        "substituted_in": true,
        "starting_lineup": true
      },
      {
        "number": "4",
        "name": "Kenneth Omeruo",
        "substituted_in": true,
        "starting_lineup": true
      },
      {
        "number": "12",
        "name": "Chidozie Awaziem",
        "substituted_in": true,
        "starting_lineup": true
      },
      {
        "number": "5",
        "name": "Jonathan Silva",
        "substituted_in": true,
        "starting_lineup": true
      },
      {
        "number": "16",
        "name": "Roberto Rosales",
        "substituted_in": true,
        "starting_lineup": true
      },
      {
        "number": "6",
        "name": "Roque Mesa",
        "substituted_in": true,
        "starting_lineup": true
      },
      {
        "number": "8",
        "name": "Recio",
        "substituted_in": true,
        "starting_lineup": true
      },
      {
        "number": "17",
        "name": "Javi Eraso",
        "substituted_in": true,
        "starting_lineup": true
      },
      {
        "number": "24",
        "name": "Kévin Rodrigues",
        "substituted_in": true,
        "starting_lineup": true
      },
      {
        "number": "7",
        "name": "Martin Braithwaite",
        "substituted_in": true,
        "starting_lineup": true
      },
      {
        "number": "27",
        "name": "Óscar Rodríguez",
        "substituted_in": true,
        "starting_lineup": false
      },
      {
        "number": "19",
        "name": "Aitor Ruibal",
        "substituted_in": true,
        "starting_lineup": false
      },
      {
        "number": "18",
        "name": "Guido Carrillo",
        "substituted_in": true,
        "starting_lineup": false
      }
    ]
  },
  {
    "url": "https://www.transfermarkt.pl/atlético-madryt_rcd-mallorca/aufstellung/spielbericht/3210104",
    "match_id": "3210104",
    "date": "pt., 03.07.2020",
    "competition": "LALIGA",
    "matchday": "34. Kolejka",
    "home_team": "Atlético Madryt",
    "away_team": "RCD Mallorca",
    "home_players": [
      {
        "number": "13",
        "name": "Jan Oblak",
        "substituted_in": true,
        "starting_lineup": true
      },
      {
        "number": "2",
        "name": "José María Giménez",
        "substituted_in": true,
        "starting_lineup": true
      },
      {
        "number": "15",
        "name": "Stefan Savic",
        "substituted_in": true,
        "starting_lineup": true
      },
      {
        "number": "35",
        "name": "Manu Sánchez",
        "substituted_in": true,
        "starting_lineup": true
      },
      {
        "number": "23",
        "name": "Kieran Trippier",
        "substituted_in": true,
        "starting_lineup": true
      },
      {
        "number": "8",
        "name": "Saúl Ñíguez",
        "substituted_in": true,
        "starting_lineup": true
      },
      {
        "number": "6",
        "name": "Koke",
        "substituted_in": true,
        "starting_lineup": true
      },
      {
        "number": "14",
        "name": "Marcos Llorente",
        "substituted_in": true,
        "starting_lineup": true
      },
      {
        "number": "21",
        "name": "Yannick Carrasco",
        "substituted_in": true,
        "starting_lineup": true
      },
      {
        "number": "7",
        "name": "João Félix",
        "substituted_in": true,
        "starting_lineup": true
      },
      {
        "number": "9",
        "name": "Álvaro Morata",
        "substituted_in": true,
        "starting_lineup": true
      },
      {
        "number": "12",
        "name": "Renan Lodi",
        "substituted_in": true,
        "starting_lineup": false
      },
      {
        "number": "5",
        "name": "Thomas Partey",
        "substituted_in": true,
        "starting_lineup": false
      },
      {
        "number": "20",
        "name": "Vitolo",
        "substituted_in": true,
        "starting_lineup": false
      },
      {
        "number": "10",
        "name": "Ángel Correa",
        "substituted_in": true,
        "starting_lineup": false
      },
      {
        "number": "19",
        "name": "Diego Costa",
        "substituted_in": true,
        "starting_lineup": false
      }
    ],
    "away_players": [
      {
        "number": "1",
        "name": "Manolo Reina",
        "substituted_in": true,
        "starting_lineup": true
      },
      {
        "number": "20",
        "name": "Aleksandar Sedlar",
        "substituted_in": true,
        "starting_lineup": true
      },
      {
        "number": "21",
        "name": "Antonio Raíllo",
        "substituted_in": true,
        "starting_lineup": true
      },
      {
        "number": "15",
        "name": "Fran Gámez",
        "substituted_in": true,
        "starting_lineup": true
      },
      {
        "number": "7",
        "name": "Álex Pozo",
        "substituted_in": true,
        "starting_lineup": true
      },
      {
        "number": "12",
        "name": "Iddrisu Baba",
        "substituted_in": true,
        "starting_lineup": true
      },
      {
        "number": "23",
        "name": "Aleix Febas",
        "substituted_in": true,
        "starting_lineup": true
      },
      {
        "number": "14",
        "name": "Dani Rodríguez",
        "substituted_in": true,
        "starting_lineup": true
      },
      {
        "number": "26",
        "name": "Takefusa Kubo",
        "substituted_in": true,
        "starting_lineup": true
      },
      {
        "number": "17",
        "name": "Aleksandar Trajkovski",
        "substituted_in": true,
        "starting_lineup": true
      },
      {
        "number": "29",
        "name": "Cucho Hernández",
        "substituted_in": true,
        "starting_lineup": true
      },
      {
        "number": "2",
        "name": "Joan Sastre",
        "substituted_in": true,
        "starting_lineup": false
      },
      {
        "number": "8",
        "name": "Salva Sevilla",
        "substituted_in": true,
        "starting_lineup": false
      },
      {
        "number": "11",
        "name": "Lago Júnior",
        "substituted_in": true,
        "starting_lineup": false
      },
      {
        "number": "9",
        "name": "Abdón Prats",
        "substituted_in": true,
        "starting_lineup": false
      },
      {
        "number": "19",
        "name": "Pablo Chavarría",
        "substituted_in": true,
        "starting_lineup": false
      }
    ]
  },
  {
    "url": "https://www.transfermarkt.pl/real-madryt_atlético-madryt/aufstellung/spielbericht/3209798",
    "match_id": "3209798",
    "date": "sob., 01.02.2020",
    "competition": "LALIGA",
    "matchday": "22. Kolejka",
    "home_team": "Real Madryt",
    "away_team": "Atlético Madryt",
    "home_players": [
      {
        "number": "13",
        "name": "Thibaut Courtois",
        "substituted_in": true,
        "starting_lineup": true
      },
      {
        "number": "4",
        "name": "Sergio Ramos",
        "substituted_in": true,
        "starting_lineup": true
      },
      {
        "number": "5",
        "name": "Raphaël Varane",
        "substituted_in": true,
        "starting_lineup": true
      },
      {
        "number": "23",
        "name": "Ferland Mendy",
        "substituted_in": true,
        "starting_lineup": true
      },
      {
        "number": "2",
        "name": "Daniel Carvajal",
        "substituted_in": true,
        "starting_lineup": true
      },
      {
        "number": "14",
        "name": "Casemiro",
        "substituted_in": true,
        "starting_lineup": true
      },
      {
        "number": "8",
        "name": "Toni Kroos",
        "substituted_in": true,
        "starting_lineup": true
      },
      {
        "number": "15",
        "name": "Federico Valverde",
        "substituted_in": true,
        "starting_lineup": true
      },
      {
        "number": "10",
        "name": "Luka Modrić",
        "substituted_in": true,
        "starting_lineup": true
      },
      {
        "number": "22",
        "name": "Isco",
        "substituted_in": true,
        "starting_lineup": true
      },
      {
        "number": "9",
        "name": "Karim Benzema",
        "substituted_in": true,
        "starting_lineup": true
      },
      {
        "number": "17",
        "name": "Lucas Vázquez",
        "substituted_in": true,
        "starting_lineup": false
      },
      {
        "number": "25",
        "name": "Vinicius Junior",
        "substituted_in": true,
        "starting_lineup": false
      }
    ],
    "away_players": [
      {
        "number": "13",
        "name": "Jan Oblak",
        "substituted_in": true,
        "starting_lineup": true
      },
      {
        "number": "15",
        "name": "Stefan Savic",
        "substituted_in": true,
        "starting_lineup": true
      },
      {
        "number": "18",
        "name": "Felipe",
        "substituted_in": true,
        "starting_lineup": true
      },
      {
        "number": "12",
        "name": "Renan Lodi",
        "substituted_in": true,
        "starting_lineup": true
      },
      {
        "number": "24",
        "name": "Sime Vrsaljko",
        "substituted_in": true,
        "starting_lineup": true
      },
      {
        "number": "14",
        "name": "Marcos Llorente",
        "substituted_in": true,
        "starting_lineup": true
      },
      {
        "number": "5",
        "name": "Thomas Partey",
        "substituted_in": true,
        "starting_lineup": true
      },
      {
        "number": "8",
        "name": "Saúl Ñíguez",
        "substituted_in": true,
        "starting_lineup": true
      },
      {
        "number": "10",
        "name": "Ángel Correa",
        "substituted_in": true,
        "starting_lineup": true
      },
      {
        "number": "20",
        "name": "Vitolo",
        "substituted_in": true,
        "starting_lineup": true
      },
      {
        "number": "9",
        "name": "Álvaro Morata",
        "substituted_in": true,
        "starting_lineup": true
      },
      {
        "number": "11",
        "name": "Thomas Lemar",
        "substituted_in": true,
        "starting_lineup": false
      },
      {
        "number": "21",
        "name": "Yannick Carrasco",
        "substituted_in": true,
        "starting_lineup": false
      },
      {
        "number": "34",
        "name": "Sergio Camello",
        "substituted_in": true,
        "starting_lineup": false
      }
    ]
  },
  {
    "url": "https://www.transfermarkt.pl/athletic-bilbao_atlético-madryt/aufstellung/spielbericht/3210016",
    "match_id": "3210016",
    "date": "niedz., 14.06.2020",
    "competition": "LALIGA",
    "matchday": "28. Kolejka",
    "home_team": "Athletic Bilbao",
    "away_team": "Atlético Madryt",
    "home_players": [
      {
        "number": "1",
        "name": "Unai Simón",
        "substituted_in": true,
        "starting_lineup": true
      },
      {
        "number": "4",
        "name": "Iñigo Martínez",
        "substituted_in": true,
        "starting_lineup": true
      },
      {
        "number": "5",
        "name": "Yeray Álvarez",
        "substituted_in": true,
        "starting_lineup": true
      },
      {
        "number": "17",
        "name": "Yuri Berchiche",
        "substituted_in": true,
        "starting_lineup": true
      },
      {
        "number": "21",
        "name": "Ander Capa",
        "substituted_in": true,
        "starting_lineup": true
      },
      {
        "number": "14",
        "name": "Dani García",
        "substituted_in": true,
        "starting_lineup": true
      },
      {
        "number": "8",
        "name": "Unai López",
        "substituted_in": true,
        "starting_lineup": true
      },
      {
        "number": "10",
        "name": "Iker Muniain",
        "substituted_in": true,
        "starting_lineup": true
      },
      {
        "number": "11",
        "name": "Iñigo Córdoba",
        "substituted_in": true,
        "starting_lineup": true
      },
      {
        "number": "9",
        "name": "Iñaki Williams",
        "substituted_in": true,
        "starting_lineup": true
      },
      {
        "number": "22",
        "name": "Raúl García",
        "substituted_in": true,
        "starting_lineup": true
      },
      {
        "number": "3",
        "name": "Unai Núñez",
        "substituted_in": true,
        "starting_lineup": false
      },
      {
        "number": "18",
        "name": "Óscar de Marcos",
        "substituted_in": true,
        "starting_lineup": false
      },
      {
        "number": "16",
        "name": "Mikel Vesga",
        "substituted_in": true,
        "starting_lineup": false
      },
      {
        "number": "34",
        "name": "Oihan Sancet",
        "substituted_in": true,
        "starting_lineup": false
      },
      {
        "number": "23",
        "name": "Kenan Kodro",
        "substituted_in": true,
        "starting_lineup": false
      }
    ],
    "away_players": [
      {
        "number": "13",
        "name": "Jan Oblak",
        "substituted_in": true,
        "starting_lineup": true
      },
      {
        "number": "2",
        "name": "José María Giménez",
        "substituted_in": true,
        "starting_lineup": true
      },
      {
        "number": "15",
        "name": "Stefan Savic",
        "substituted_in": true,
        "starting_lineup": true
      },
      {
        "number": "12",
        "name": "Renan Lodi",
        "substituted_in": true,
        "starting_lineup": true
      },
      {
        "number": "23",
        "name": "Kieran Trippier",
        "substituted_in": true,
        "starting_lineup": true
      },
      {
        "number": "5",
        "name": "Thomas Partey",
        "substituted_in": true,
        "starting_lineup": true
      },
      {
        "number": "8",
        "name": "Saúl Ñíguez",
        "substituted_in": true,
        "starting_lineup": true
      },
      {
        "number": "6",
        "name": "Koke",
        "substituted_in": true,
        "starting_lineup": true
      },
      {
        "number": "21",
        "name": "Yannick Carrasco",
        "substituted_in": true,
        "starting_lineup": true
      },
      {
        "number": "14",
        "name": "Marcos Llorente",
        "substituted_in": true,
        "starting_lineup": true
      },
      {
        "number": "19",
        "name": "Diego Costa",
        "substituted_in": true,
        "starting_lineup": true
      },
      {
        "number": "4",
        "name": "Santiago Arias",
        "substituted_in": true,
        "starting_lineup": false
      },
      {
        "number": "16",
        "name": "Héctor Herrera",
        "substituted_in": true,
        "starting_lineup": false
      },
      {
        "number": "11",
        "name": "Thomas Lemar",
        "substituted_in": true,
        "starting_lineup": false
      },
      {
        "number": "10",
        "name": "Ángel Correa",
        "substituted_in": true,
        "starting_lineup": false
      },
      {
        "number": "9",
        "name": "Álvaro Morata",
        "substituted_in": true,
        "starting_lineup": false
      }
    ]
  },
  {
    "url": "https://www.transfermarkt.pl/fc-liverpool_atlético-madryt/aufstellung/spielbericht/3291938",
    "match_id": "3291938",
    "date": "śr., 11.03.2020",
    "competition": "Unknown",
    "matchday": "Unknown",
    "home_team": "FC Liverpool",
    "away_team": "Atlético Madryt",
    "home_players": [
      {
        "number": "13",
        "name": "Adrián",
        "substituted_in": true,
        "starting_lineup": true
      },
      {
        "number": "4",
        "name": "Virgil van Dijk",
        "substituted_in": true,
        "starting_lineup": true
      },
      {
        "number": "12",
        "name": "Joe Gomez",
        "substituted_in": true,
        "starting_lineup": true
      },
      {
        "number": "26",
        "name": "Andrew Robertson",
        "substituted_in": true,
        "starting_lineup": true
      },
      {
        "number": "66",
        "name": "Trent Alexander-Arnold",
        "substituted_in": true,
        "starting_lineup": true
      },
      {
        "number": "14",
        "name": "Jordan Henderson",
        "substituted_in": true,
        "starting_lineup": true
      },
      {
        "number": "5",
        "name": "Georginio Wijnaldum",
        "substituted_in": true,
        "starting_lineup": true
      },
      {
        "number": "15",
        "name": "Alex Oxlade-Chamberlain",
        "substituted_in": true,
        "starting_lineup": true
      },
      {
        "number": "10",
        "name": "Sadio Mané",
        "substituted_in": true,
        "starting_lineup": true
      },
      {
        "number": "11",
        "name": "Mohamed Salah",
        "substituted_in": true,
        "starting_lineup": true
      },
      {
        "number": "9",
        "name": "Roberto Firmino",
        "substituted_in": true,
        "starting_lineup": true
      },
      {
        "number": "3",
        "name": "Fabinho",
        "substituted_in": true,
        "starting_lineup": false
      },
      {
        "number": "7",
        "name": "James Milner",
        "substituted_in": true,
        "starting_lineup": false
      },
      {
        "number": "18",
        "name": "Takumi Minamino",
        "substituted_in": true,
        "starting_lineup": false
      },
      {
        "number": "27",
        "name": "Divock Origi",
        "substituted_in": true,
        "starting_lineup": false
      }
    ],
    "away_players": [
      {
        "number": "13",
        "name": "Jan Oblak",
        "substituted_in": true,
        "starting_lineup": true
      },
      {
        "number": "15",
        "name": "Stefan Savic",
        "substituted_in": true,
        "starting_lineup": true
      },
      {
        "number": "18",
        "name": "Felipe",
        "substituted_in": true,
        "starting_lineup": true
      },
      {
        "number": "12",
        "name": "Renan Lodi",
        "substituted_in": true,
        "starting_lineup": true
      },
      {
        "number": "23",
        "name": "Kieran Trippier",
        "substituted_in": true,
        "starting_lineup": true
      },
      {
        "number": "5",
        "name": "Thomas Partey",
        "substituted_in": true,
        "starting_lineup": true
      },
      {
        "number": "6",
        "name": "Koke",
        "substituted_in": true,
        "starting_lineup": true
      },
      {
        "number": "8",
        "name": "Saúl Ñíguez",
        "substituted_in": true,
        "starting_lineup": true
      },
      {
        "number": "10",
        "name": "Ángel Correa",
        "substituted_in": true,
        "starting_lineup": true
      },
      {
        "number": "7",
        "name": "João Félix",
        "substituted_in": true,
        "starting_lineup": true
      },
      {
        "number": "19",
        "name": "Diego Costa",
        "substituted_in": true,
        "starting_lineup": true
      },
      {
        "number": "2",
        "name": "José María Giménez",
        "substituted_in": true,
        "starting_lineup": false
      },
      {
        "number": "14",
        "name": "Marcos Llorente",
        "substituted_in": true,
        "starting_lineup": false
      },
      {
        "number": "24",
        "name": "Sime Vrsaljko",
        "substituted_in": true,
        "starting_lineup": false
      },
      {
        "number": "9",
        "name": "Álvaro Morata",
        "substituted_in": true,
        "starting_lineup": false
      }
    ]
  }
]