[
  {
    "url": "https://www.transfermarkt.pl/atlético-madryt_olympiakos-pireus/aufstellung/spielbericht/2495352",
    "match_id": "2495352",
    "date": "śr., 26.11.2014",
    "competition": "Unknown",
    "matchday": "Unknown",
    "home_team": "Atlético Madryt",
    "away_team": "Olympiakos Pireus",
    "home_players": [
      {
        "number": "1",
        "name": "Miguel Ángel Moyá",
        "substituted_in": true,
        "starting_lineup": true
      },
      {
        "number": "2",
        "name": "Diego Godín",
        "substituted_in": true,
        "starting_lineup": true
      },
      {
        "number": "24",
        "name": "José María Giménez",
        "substituted_in": true,
        "starting_lineup": true
      },
      {
        "number": "15",
        "name": "Cristian Ansaldi",
        "substituted_in": true,
        "starting_lineup": true
      },
      {
        "number": "20",
        "name": "Juanfran Torres",
        "substituted_in": true,
        "starting_lineup": true
      },
      {
        "number": "5",
        "name": "Tiago Mendes",
        "substituted_in": true,
        "starting_lineup": true
      },
      {
        "number": "14",
        "name": "Gabi",
        "substituted_in": true,
        "starting_lineup": true
      },
      {
        "number": "8",
        "name": "Raúl García",
        "substituted_in": true,
        "starting_lineup": true
      },
      {
        "number": "6",
        "name": "Koke",
        "substituted_in": true,
        "starting_lineup": true
      },
      {
        "number": "10",
        "name": "Arda Turan",
        "substituted_in": true,
        "starting_lineup": true
      },
      {
        "number": "9",
        "name": "Mario Mandžukić",
        "substituted_in": true,
        "starting_lineup": true
      },
      {
        "number": "4",
        "name": "Mario Suárez",
        "substituted_in": true,
        "starting_lineup": false
      },
      {
        "number": "7",
        "name": "Antoine Griezmann",
        "substituted_in": true,
        "starting_lineup": false
      },
      {
        "number": "11",
        "name": "Raúl Jiménez",
        "substituted_in": true,
        "starting_lineup": false
      }
    ],
    "away_players": [
      {
        "number": "16",
        "name": "Roberto",
        "substituted_in": true,
        "starting_lineup": true
      },
      {
        "number": "3",
        "name": "Alberto Botía",
        "substituted_in": true,
        "starting_lineup": true
      },
      {
        "number": "22",
        "name": "Éric Abidal",
        "substituted_in": true,
        "starting_lineup": true
      },
      {
        "number": "26",
        "name": "Arthur Masuaku",
        "substituted_in": true,
        "starting_lineup": true
      },
      {
        "number": "14",
        "name": "Omar Elabdellaoui",
        "substituted_in": true,
        "starting_lineup": true
      },
      {
        "number": "5",
        "name": "Luka Milivojevic",
        "substituted_in": true,
        "starting_lineup": true
      },
      {
        "number": "8",
        "name": "Delvin N'Dinga",
        "substituted_in": true,
        "starting_lineup": true
      },
      {
        "number": "10",
        "name": "Alejandro Domínguez",
        "substituted_in": true,
        "starting_lineup": true
      },
      {
        "number": "6",
        "name": "Ibrahim Afellay",
        "substituted_in": true,
        "starting_lineup": true
      },
      {
        "number": "2",
        "name": "Giannis Maniatis",
        "substituted_in": true,
        "starting_lineup": true
      },
      {
        "number": "7",
        "name": "Konstantinos Mitroglou",
        "substituted_in": true,
        "starting_lineup": true
      },
      {
        "number": "11",
        "name": "Pajtim Kasami",
        "substituted_in": true,
        "starting_lineup": false
      },
      {
        "number": "18",
        "name": "Andreas Bouchalakis",
        "substituted_in": true,
        "starting_lineup": false
      },
      {
        "number": "19",
        "name": "David Fuster",
        "substituted_in": true,
        "starting_lineup": false
      }
    ]
  },
  {
    "url": "https://www.transfermarkt.pl/atlético-madryt_rayo-vallecano/aufstellung/spielbericht/2475372",
    "match_id": "2475372",
    "date": "sob., 24.01.2015",
    "competition": "LALIGA",
    "matchday": "20. Kolejka",
    "home_team": "Atlético Madryt",
    "away_team": "Rayo Vallecano",
    "home_players": [
      {
        "number": "1",
        "name": "Miguel Ángel Moyá",
        "substituted_in": true,
        "starting_lineup": true
      },
      {
        "number": "23",
        "name": "Miranda",
        "substituted_in": true,
        "starting_lineup": true
      },
      {
        "number": "24",
        "name": "José María Giménez",
        "substituted_in": true,
        "starting_lineup": true
      },
      {
        "number": "3",
        "name": "Guilherme Siqueira",
        "substituted_in": true,
        "starting_lineup": true
      },
      {
        "number": "20",
        "name": "Juanfran Torres",
        "substituted_in": true,
        "starting_lineup": true
      },
      {
        "number": "5",
        "name": "Tiago Mendes",
        "substituted_in": true,
        "starting_lineup": true
      },
      {
        "number": "4",
        "name": "Mario Suárez",
        "substituted_in": true,
        "starting_lineup": true
      },
      {
        "number": "14",
        "name": "Gabi",
        "substituted_in": true,
        "starting_lineup": true
      },
      {
        "number": "7",
        "name": "Antoine Griezmann",
        "substituted_in": true,
        "starting_lineup": true
      },
      {
        "number": "10",
        "name": "Arda Turan",
        "substituted_in": true,
        "starting_lineup": true
      },
      {
        "number": "9",
        "name": "Mario Mandžukić",
        "substituted_in": true,
        "starting_lineup": true
      },
      {
        "number": "8",
        "name": "Raúl García",
        "substituted_in": true,
        "starting_lineup": false
      },
      {
        "number": "19",
        "name": "Fernando Torres",
        "substituted_in": true,
        "starting_lineup": false
      }
    ],
    "away_players": [
      {
        "number": "25",
        "name": "Toño",
        "substituted_in": true,
        "starting_lineup": true
      },
      {
        "number": "20",
        "name": "Jorge Morcillo",
        "substituted_in": true,
        "starting_lineup": true
      },
      {
        "number": "15",
        "name": "Abdoulaye Ba",
        "substituted_in": true,
        "starting_lineup": true
      },
      {
        "number": "18",
        "name": "Zé Castro",
        "substituted_in": true,
        "starting_lineup": true
      },
      {
        "number": "8",
        "name": "Raúl Baena",
        "substituted_in": true,
        "starting_lineup": true
      },
      {
        "number": "10",
        "name": "Roberto Trashorras",
        "substituted_in": true,
        "starting_lineup": true
      },
      {
        "number": "21",
        "name": "Jozabed Sánchez",
        "substituted_in": true,
        "starting_lineup": true
      },
      {
        "number": "6",
        "name": "Mohammed Fatau",
        "substituted_in": true,
        "starting_lineup": true
      },
      {
        "number": "12",
        "name": "Gaël Kakuta",
        "substituted_in": true,
        "starting_lineup": true
      },
      {
        "number": "16",
        "name": "Javier Aquino",
        "substituted_in": true,
        "starting_lineup": true
      },
      {
        "number": "9",
        "name": "Manucho",
        "substituted_in": true,
        "starting_lineup": true
      },
      {
        "number": "27",
        "name": "Álex Moreno",
        "substituted_in": true,
        "starting_lineup": false
      },
      {
        "number": "24",
        "name": "Alejandro Pozuelo",
        "substituted_in": true,
        "starting_lineup": false
      },
      {
        "number": "23",
        "name": "Alberto Bueno",
        "substituted_in": true,
        "starting_lineup": false
      }
    ]
  },
  {
    "url": "https://www.transfermarkt.pl/atlético-madryt_getafe-cf/aufstellung/spielbericht/2475451",
    "match_id": "2475451",
    "date": "sob., 21.03.2015",
    "competition": "LALIGA",
    "matchday": "28. Kolejka",
    "home_team": "Atlético Madryt",
    "away_team": "Getafe CF",
    "home_players": [
      {
        "number": "13",
        "name": "Jan Oblak",
        "substituted_in": true,
        "starting_lineup": true
      },
      {
        "number": "2",
        "name": "Diego Godín",
        "substituted_in": true,
        "starting_lineup": true
      },
      {
        "number": "24",
        "name": "José María Giménez",
        "substituted_in": true,
        "starting_lineup": true
      },
      {
        "number": "18",
        "name": "Jesús Gámez",
        "substituted_in": true,
        "starting_lineup": true
      },
      {
        "number": "20",
        "name": "Juanfran Torres",
        "substituted_in": true,
        "starting_lineup": true
      },
      {
        "number": "5",
        "name": "Tiago Mendes",
        "substituted_in": true,
        "starting_lineup": true
      },
      {
        "number": "14",
        "name": "Gabi",
        "substituted_in": true,
        "starting_lineup": true
      },
      {
        "number": "6",
        "name": "Koke",
        "substituted_in": true,
        "starting_lineup": true
      },
      {
        "number": "10",
        "name": "Arda Turan",
        "substituted_in": true,
        "starting_lineup": true
      },
      {
        "number": "11",
        "name": "Raúl Jiménez",
        "substituted_in": true,
        "starting_lineup": true
      },
      {
        "number": "19",
        "name": "Fernando Torres",
        "substituted_in": true,
        "starting_lineup": true
      },
      {
        "number": "4",
        "name": "Mario Suárez",
        "substituted_in": true,
        "starting_lineup": false
      },
      {
        "number": "22",
        "name": "Cani",
        "substituted_in": true,
        "starting_lineup": false
      },
      {
        "number": "7",
        "name": "Antoine Griezmann",
        "substituted_in": true,
        "starting_lineup": false
      }
    ],
    "away_players": [
      {
        "number": "25",
        "name": "Vicente Guaita",
        "substituted_in": true,
        "starting_lineup": true
      },
      {
        "number": "4",
        "name": "Emiliano Velázquez",
        "substituted_in": true,
        "starting_lineup": true
      },
      {
        "number": "5",
        "name": "Naldo",
        "substituted_in": true,
        "starting_lineup": true
      },
      {
        "number": "18",
        "name": "Sergio Escudero",
        "substituted_in": true,
        "starting_lineup": true
      },
      {
        "number": "27",
        "name": "Carlos Vigaray",
        "substituted_in": true,
        "starting_lineup": true
      },
      {
        "number": "8",
        "name": "Mehdi Lacen",
        "substituted_in": true,
        "starting_lineup": true
      },
      {
        "number": "17",
        "name": "Diego Castro",
        "substituted_in": true,
        "starting_lineup": true
      },
      {
        "number": "10",
        "name": "Pablo Sarabia",
        "substituted_in": true,
        "starting_lineup": true
      },
      {
        "number": "23",
        "name": "Fredy Hinestroza",
        "substituted_in": true,
        "starting_lineup": true
      },
      {
        "number": "14",
        "name": "Pedro León",
        "substituted_in": true,
        "starting_lineup": true
      },
      {
        "number": "9",
        "name": "Álvaro Vázquez",
        "substituted_in": true,
        "starting_lineup": true
      },
      {
        "number": "36",
        "name": "Alex Felip",
        "substituted_in": true,
        "starting_lineup": false
      },
      {
        "number": "11",
        "name": "Karim Yoda",
        "substituted_in": true,
        "starting_lineup": false
      },
      {
        "number": "15",
        "name": "Baba",
        "substituted_in": true,
        "starting_lineup": false
      }
    ]
  },
  {
    "url": "https://www.transfermarkt.pl/olympiakos-pireus_atlético-madryt/aufstellung/spielbericht/2490842",
    "match_id": "2490842",
    "date": "wt., 16.09.2014",
    "competition": "Unknown",
    "matchday": "Unknown",
    "home_team": "Olympiakos Pireus",
    "away_team": "Atlético Madryt",
    "home_players": [
      {
        "number": "16",
        "name": "Roberto",
        "substituted_in": true,
        "starting_lineup": true
      },
      {
        "number": "3",
        "name": "Alberto Botía",
        "substituted_in": true,
        "starting_lineup": true
      },
      {
        "number": "22",
        "name": "Éric Abidal",
        "substituted_in": true,
        "starting_lineup": true
      },
      {
        "number": "26",
        "name": "Arthur Masuaku",
        "substituted_in": true,
        "starting_lineup": true
      },
      {
        "number": "14",
        "name": "Omar Elabdellaoui",
        "substituted_in": true,
        "starting_lineup": true
      },
      {
        "number": "5",
        "name": "Luka Milivojevic",
        "substituted_in": true,
        "starting_lineup": true
      },
      {
        "number": "11",
        "name": "Pajtim Kasami",
        "substituted_in": true,
        "starting_lineup": true
      },
      {
        "number": "10",
        "name": "Alejandro Domínguez",
        "substituted_in": true,
        "starting_lineup": true
      },
      {
        "number": "6",
        "name": "Ibrahim Afellay",
        "substituted_in": true,
        "starting_lineup": true
      },
      {
        "number": "2",
        "name": "Giannis Maniatis",
        "substituted_in": true,
        "starting_lineup": true
      },
      {
        "number": "7",
        "name": "Konstantinos Mitroglou",
        "substituted_in": true,
        "starting_lineup": true
      },
      {
        "number": "20",
        "name": "Konstantinos Giannoulis",
        "substituted_in": true,
        "starting_lineup": false
      },
      {
        "number": "8",
        "name": "Delvin N'Dinga",
        "substituted_in": true,
        "starting_lineup": false
      },
      {
        "number": "19",
        "name": "David Fuster",
        "substituted_in": true,
        "starting_lineup": false
      }
    ],
    "away_players": [
      {
        "number": "13",
        "name": "Jan Oblak",
        "substituted_in": true,
        "starting_lineup": true
      },
      {
        "number": "2",
        "name": "Diego Godín",
        "substituted_in": true,
        "starting_lineup": true
      },
      {
        "number": "23",
        "name": "Miranda",
        "substituted_in": true,
        "starting_lineup": true
      },
      {
        "number": "15",
        "name": "Cristian Ansaldi",
        "substituted_in": true,
        "starting_lineup": true
      },
      {
        "number": "20",
        "name": "Juanfran Torres",
        "substituted_in": true,
        "starting_lineup": true
      },
      {
        "number": "4",
        "name": "Mario Suárez",
        "substituted_in": true,
        "starting_lineup": true
      },
      {
        "number": "14",
        "name": "Gabi",
        "substituted_in": true,
        "starting_lineup": true
      },
      {
        "number": "6",
        "name": "Koke",
        "substituted_in": true,
        "starting_lineup": true
      },
      {
        "number": "10",
        "name": "Arda Turan",
        "substituted_in": true,
        "starting_lineup": true
      },
      {
        "number": "8",
        "name": "Raúl García",
        "substituted_in": true,
        "starting_lineup": true
      },
      {
        "number": "9",
        "name": "Mario Mandžukić",
        "substituted_in": true,
        "starting_lineup": true
      },
      {
        "number": "17",
        "name": "Saúl Ñíguez",
        "substituted_in": true,
        "starting_lineup": false
      },
      {
        "number": "22",
        "name": "Alessio Cerci",
        "substituted_in": true,
        "starting_lineup": false
      },
      {
        "number": "7",
        "name": "Antoine Griezmann",
        "substituted_in": true,
        "starting_lineup": false
      }
    ]
  },
  {
    "url": "https://www.transfermarkt.pl/atlético-madryt_levante-ud/aufstellung/spielbericht/2475342",
    "match_id": "2475342",
    "date": "sob., 03.01.2015",
    "competition": "LALIGA",
    "matchday": "17. Kolejka",
    "home_team": "Atlético Madryt",
    "away_team": "Levante UD",
    "home_players": [
      {
        "number": "1",
        "name": "Miguel Ángel Moyá",
        "substituted_in": true,
        "starting_lineup": true
      },
      {
        "number": "2",
        "name": "Diego Godín",
        "substituted_in": true,
        "starting_lineup": true
      },
      {
        "number": "24",
        "name": "José María Giménez",
        "substituted_in": true,
        "starting_lineup": true
      },
      {
        "number": "3",
        "name": "Guilherme Siqueira",
        "substituted_in": true,
        "starting_lineup": true
      },
      {
        "number": "20",
        "name": "Juanfran Torres",
        "substituted_in": true,
        "starting_lineup": true
      },
      {
        "number": "5",
        "name": "Tiago Mendes",
        "substituted_in": true,
        "starting_lineup": true
      },
      {
        "number": "14",
        "name": "Gabi",
        "substituted_in": true,
        "starting_lineup": true
      },
      {
        "number": "6",
        "name": "Koke",
        "substituted_in": true,
        "starting_lineup": true
      },
      {
        "number": "10",
        "name": "Arda Turan",
        "substituted_in": true,
        "starting_lineup": true
      },
      {
        "number": "7",
        "name": "Antoine Griezmann",
        "substituted_in": true,
        "starting_lineup": true
      },
      {
        "number": "9",
        "name": "Mario Mandžukić",
        "substituted_in": true,
        "starting_lineup": true
      },
      {
        "number": "17",
        "name": "Saúl Ñíguez",
        "substituted_in": true,
        "starting_lineup": false
      },
      {
        "number": "8",
        "name": "Raúl García",
        "substituted_in": true,
        "starting_lineup": false
      },
      {
        "number": "11",
        "name": "Raúl Jiménez",
        "substituted_in": true,
        "starting_lineup": false
      }
    ],
    "away_players": [
      {
        "number": "13",
        "name": "Diego Mariño",
        "substituted_in": true,
        "starting_lineup": true
      },
      {
        "number": "6",
        "name": "Loukas Vyntra",
        "substituted_in": true,
        "starting_lineup": true
      },
      {
        "number": "12",
        "name": "Juanfran",
        "substituted_in": true,
        "starting_lineup": true
      },
      {
        "number": "15",
        "name": "Nikolaos Karabelas",
        "substituted_in": true,
        "starting_lineup": true
      },
      {
        "number": "2",
        "name": "Iván López",
        "substituted_in": true,
        "starting_lineup": true
      },
      {
        "number": "22",
        "name": "Mohamed Sissoko",
        "substituted_in": true,
        "starting_lineup": true
      },
      {
        "number": "23",
        "name": "Pape Diop",
        "substituted_in": true,
        "starting_lineup": true
      },
      {
        "number": "21",
        "name": "Andreas Ivanschitz",
        "substituted_in": true,
        "starting_lineup": true
      },
      {
        "number": "11",
        "name": "José Luis Morales",
        "substituted_in": true,
        "starting_lineup": true
      },
      {
        "number": "18",
        "name": "Víctor Casadesús",
        "substituted_in": true,
        "starting_lineup": true
      },
      {
        "number": "9",
        "name": "Rafael Martins",
        "substituted_in": true,
        "starting_lineup": true
      },
      {
        "number": "8",
        "name": "Nabil El Zhar",
        "substituted_in": true,
        "starting_lineup": false
      },
      {
        "number": "7",
        "name": "David Barral",
        "substituted_in": true,
        "starting_lineup": false
      }
    ]
  },
  {
    "url": "https://www.transfermarkt.pl/valencia-cf_atlético-madryt/aufstellung/spielbericht/2475242",
    "match_id": "2475242",
    "date": "sob., 04.10.2014",
    "competition": "LALIGA",
    "matchday": "7. Kolejka",
    "home_team": "Valencia CF",
    "away_team": "Atlético Madryt",
    "home_players": [
      {
        "number": "1",
        "name": "Diego Alves",
        "substituted_in": true,
        "starting_lineup": true
      },
      {
        "number": "5",
        "name": "Shkodran Mustafi",
        "substituted_in": true,
        "starting_lineup": true
      },
      {
        "number": "23",
        "name": "Nicolás Otamendi",
        "substituted_in": true,
        "starting_lineup": true
      },
      {
        "number": "31",
        "name": "José Gayà",
        "substituted_in": true,
        "starting_lineup": true
      },
      {
        "number": "19",
        "name": "Antonio Barragán",
        "substituted_in": true,
        "starting_lineup": true
      },
      {
        "number": "18",
        "name": "Javi Fuego",
        "substituted_in": true,
        "starting_lineup": true
      },
      {
        "number": "10",
        "name": "Dani Parejo",
        "substituted_in": true,
        "starting_lineup": true
      },
      {
        "number": "21",
        "name": "André Gomes",
        "substituted_in": true,
        "starting_lineup": true
      },
      {
        "number": "11",
        "name": "Pablo Piatti",
        "substituted_in": true,
        "starting_lineup": true
      },
      {
        "number": "17",
        "name": "Rodrigo",
        "substituted_in": true,
        "starting_lineup": true
      },
      {
        "number": "9",
        "name": "Paco Alcácer",
        "substituted_in": true,
        "starting_lineup": true
      },
      {
        "number": "6",
        "name": "Lucas Orbán",
        "substituted_in": true,
        "starting_lineup": false
      },
      {
        "number": "4",
        "name": "Filipe Augusto",
        "substituted_in": true,
        "starting_lineup": false
      },
      {
        "number": "8",
        "name": "Sofiane Feghouli",
        "substituted_in": true,
        "starting_lineup": false
      }
    ],
    "away_players": [
      {
        "number": "1",
        "name": "Miguel Ángel Moyá",
        "substituted_in": true,
        "starting_lineup": true
      },
      {
        "number": "2",
        "name": "Diego Godín",
        "substituted_in": true,
        "starting_lineup": true
      },
      {
        "number": "23",
        "name": "Miranda",
        "substituted_in": true,
        "starting_lineup": true
      },
      {
        "number": "3",
        "name": "Guilherme Siqueira",
        "substituted_in": true,
        "starting_lineup": true
      },
      {
        "number": "18",
        "name": "Jesús Gámez",
        "substituted_in": true,
        "starting_lineup": true
      },
      {
        "number": "5",
        "name": "Tiago Mendes",
        "substituted_in": true,
        "starting_lineup": true
      },
      {
        "number": "14",
        "name": "Gabi",
        "substituted_in": true,
        "starting_lineup": true
      },
      {
        "number": "10",
        "name": "Arda Turan",
        "substituted_in": true,
        "starting_lineup": true
      },
      {
        "number": "6",
        "name": "Koke",
        "substituted_in": true,
        "starting_lineup": true
      },
      {
        "number": "7",
        "name": "Antoine Griezmann",
        "substituted_in": true,
        "starting_lineup": true
      },
      {
        "number": "9",
        "name": "Mario Mandžukić",
        "substituted_in": true,
        "starting_lineup": true
      },
      {
        "number": "8",
        "name": "Raúl García",
        "substituted_in": true,
        "starting_lineup": false
      },
      {
        "number": "22",
        "name": "Alessio Cerci",
        "substituted_in": true,
        "starting_lineup": false
      },
      {
        "number": "11",
        "name": "Raúl Jiménez",
        "substituted_in": true,
        "starting_lineup": false
      }
    ]
  },
  {
    "url": "https://www.transfermarkt.pl/granada-cf_atlético-madryt/aufstellung/spielbericht/2475553",
    "match_id": "2475553",
    "date": "sob., 23.05.2015",
    "competition": "LALIGA",
    "matchday": "38. Kolejka",
    "home_team": "Granada CF",
    "away_team": "Atlético Madryt",
    "home_players": [
      {
        "number": "13",
        "name": "Roberto Fernández",
        "substituted_in": true,
        "starting_lineup": true
      },
      {
        "number": "5",
        "name": "Diego Maínz",
        "substituted_in": true,
        "starting_lineup": true
      },
      {
        "number": "6",
        "name": "Jean-Sylvain Babin",
        "substituted_in": true,
        "starting_lineup": true
      },
      {
        "number": "20",
        "name": "Juankar",
        "substituted_in": true,
        "starting_lineup": true
      },
      {
        "number": "2",
        "name": "Allan Nyom",
        "substituted_in": true,
        "starting_lineup": true
      },
      {
        "number": "12",
        "name": "Rubén Pérez",
        "substituted_in": true,
        "starting_lineup": true
      },
      {
        "number": "16",
        "name": "Manuel Iturra",
        "substituted_in": true,
        "starting_lineup": true
      },
      {
        "number": "10",
        "name": "Piti",
        "substituted_in": true,
        "starting_lineup": true
      },
      {
        "number": "23",
        "name": "Rubén Rochina",
        "substituted_in": true,
        "starting_lineup": true
      },
      {
        "number": "21",
        "name": "Rober Ibáñez",
        "substituted_in": true,
        "starting_lineup": true
      },
      {
        "number": "9",
        "name": "Youssef El Arabi",
        "substituted_in": true,
        "starting_lineup": true
      },
      {
        "number": "4",
        "name": "Fran Rico",
        "substituted_in": true,
        "starting_lineup": false
      },
      {
        "number": "7",
        "name": "Daniel Candeias",
        "substituted_in": true,
        "starting_lineup": false
      },
      {
        "number": "11",
        "name": "Riki",
        "substituted_in": true,
        "starting_lineup": false
      }
    ],
    "away_players": [
      {
        "number": "13",
        "name": "Jan Oblak",
        "substituted_in": true,
        "starting_lineup": true
      },
      {
        "number": "2",
        "name": "Diego Godín",
        "substituted_in": true,
        "starting_lineup": true
      },
      {
        "number": "23",
        "name": "Miranda",
        "substituted_in": true,
        "starting_lineup": true
      },
      {
        "number": "3",
        "name": "Guilherme Siqueira",
        "substituted_in": true,
        "starting_lineup": true
      },
      {
        "number": "20",
        "name": "Juanfran Torres",
        "substituted_in": true,
        "starting_lineup": true
      },
      {
        "number": "5",
        "name": "Tiago Mendes",
        "substituted_in": true,
        "starting_lineup": true
      },
      {
        "number": "14",
        "name": "Gabi",
        "substituted_in": true,
        "starting_lineup": true
      },
      {
        "number": "17",
        "name": "Saúl Ñíguez",
        "substituted_in": true,
        "starting_lineup": true
      },
      {
        "number": "6",
        "name": "Koke",
        "substituted_in": true,
        "starting_lineup": true
      },
      {
        "number": "8",
        "name": "Raúl García",
        "substituted_in": true,
        "starting_lineup": true
      },
      {
        "number": "7",
        "name": "Antoine Griezmann",
        "substituted_in": true,
        "starting_lineup": true
      },
      {
        "number": "18",
        "name": "Jesús Gámez",
        "substituted_in": true,
        "starting_lineup": false
      },
      {
        "number": "11",
        "name": "Raúl Jiménez",
        "substituted_in": true,
        "starting_lineup": false
      }
    ]
  },
  {
    "url": "https://www.transfermarkt.pl/atlético-madryt_fc-barcelona/aufstellung/spielbericht/2528140",
    "match_id": "2528140",
    "date": "śr., 28.01.2015",
    "competition": "Unknown",
    "matchday": "Unknown",
    "home_team": "Atlético Madryt",
    "away_team": "FC Barcelona",
    "home_players": [
      {
        "number": "13",
        "name": "Jan Oblak",
        "substituted_in": true,
        "starting_lineup": true
      },
      {
        "number": "23",
        "name": "Miranda",
        "substituted_in": true,
        "starting_lineup": true
      },
      {
        "number": "24",
        "name": "José María Giménez",
        "substituted_in": true,
        "starting_lineup": true
      },
      {
        "number": "3",
        "name": "Guilherme Siqueira",
        "substituted_in": true,
        "starting_lineup": true
      },
      {
        "number": "20",
        "name": "Juanfran Torres",
        "substituted_in": true,
        "starting_lineup": true
      },
      {
        "number": "4",
        "name": "Mario Suárez",
        "substituted_in": true,
        "starting_lineup": true
      },
      {
        "number": "14",
        "name": "Gabi",
        "substituted_in": true,
        "starting_lineup": true
      },
      {
        "number": "8",
        "name": "Raúl García",
        "substituted_in": true,
        "starting_lineup": true
      },
      {
        "number": "10",
        "name": "Arda Turan",
        "substituted_in": true,
        "starting_lineup": true
      },
      {
        "number": "7",
        "name": "Antoine Griezmann",
        "substituted_in": true,
        "starting_lineup": true
      },
      {
        "number": "19",
        "name": "Fernando Torres",
        "substituted_in": true,
        "starting_lineup": true
      },
      {
        "number": "18",
        "name": "Jesús Gámez",
        "substituted_in": true,
        "starting_lineup": false
      },
      {
        "number": "17",
        "name": "Saúl Ñíguez",
        "substituted_in": true,
        "starting_lineup": false
      },
      {
        "number": "22",
        "name": "Cani",
        "substituted_in": true,
        "starting_lineup": false
      }
    ],
    "away_players": [
      {
        "number": "1",
        "name": "Marc-André ter Stegen",
        "substituted_in": true,
        "starting_lineup": true
      },
      {
        "number": "3",
        "name": "Gerard Piqué",
        "substituted_in": true,
        "starting_lineup": true
      },
      {
        "number": "14",
        "name": "Javier Mascherano",
        "substituted_in": true,
        "starting_lineup": true
      },
      {
        "number": "18",
        "name": "Jordi Alba",
        "substituted_in": true,
        "starting_lineup": true
      },
      {
        "number": "22",
        "name": "Dani Alves",
        "substituted_in": true,
        "starting_lineup": true
      },
      {
        "number": "5",
        "name": "Sergio Busquets",
        "substituted_in": true,
        "starting_lineup": true
      },
      {
        "number": "8",
        "name": "Andrés Iniesta",
        "substituted_in": true,
        "starting_lineup": true
      },
      {
        "number": "4",
        "name": "Ivan Rakitic",
        "substituted_in": true,
        "starting_lineup": true
      },
      {
        "number": "11",
        "name": "Neymar",
        "substituted_in": true,
        "starting_lineup": true
      },
      {
        "number": "10",
        "name": "Lionel Messi",
        "substituted_in": true,
        "starting_lineup": true
      },
      {
        "number": "9",
        "name": "Luis Suárez",
        "substituted_in": true,
        "starting_lineup": true
      },
      {
        "number": "24",
        "name": "Jérémy Mathieu",
        "substituted_in": true,
        "starting_lineup": false
      },
      {
        "number": "12",
        "name": "Rafinha",
        "substituted_in": true,
        "starting_lineup": false
      },
      {
        "number": "7",
        "name": "Pedro",
        "substituted_in": true,
        "starting_lineup": false
      }
    ]
  },
  {
    "url": "https://www.transfermarkt.pl/ud-almería_atlético-madryt/aufstellung/spielbericht/2475223",
    "match_id": "2475223",
    "date": "śr., 24.09.2014",
    "competition": "LALIGA",
    "matchday": "5. Kolejka",
    "home_team": "UD Almería",
    "away_team": "Atlético Madryt",
    "home_players": [
      {
        "number": "25",
        "name": "Rubén Martínez",
        "substituted_in": true,
        "starting_lineup": true
      },
      {
        "number": "5",
        "name": "Ángel Trujillo",
        "substituted_in": true,
        "starting_lineup": true
      },
      {
        "number": "6",
        "name": "Mauro dos Santos",
        "substituted_in": true,
        "starting_lineup": true
      },
      {
        "number": "21",
        "name": "Mané",
        "substituted_in": true,
        "starting_lineup": true
      },
      {
        "number": "4",
        "name": "Ximo Navarro",
        "substituted_in": true,
        "starting_lineup": true
      },
      {
        "number": "3",
        "name": "Fran Vélez",
        "substituted_in": true,
        "starting_lineup": true
      },
      {
        "number": "7",
        "name": "Verza",
        "substituted_in": true,
        "starting_lineup": true
      },
      {
        "number": "31",
        "name": "Ramon Azeez",
        "substituted_in": true,
        "starting_lineup": true
      },
      {
        "number": "19",
        "name": "Jonathan Zongo",
        "substituted_in": true,
        "starting_lineup": true
      },
      {
        "number": "8",
        "name": "Wellington Silva",
        "substituted_in": true,
        "starting_lineup": true
      },
      {
        "number": "10",
        "name": "Tomer Hemed",
        "substituted_in": true,
        "starting_lineup": true
      },
      {
        "number": "23",
        "name": "Fernando Soriano",
        "substituted_in": true,
        "starting_lineup": false
      },
      {
        "number": "9",
        "name": "Thievy Bifouma",
        "substituted_in": true,
        "starting_lineup": false
      },
      {
        "number": "17",
        "name": "Edgar Méndez",
        "substituted_in": true,
        "starting_lineup": false
      }
    ],
    "away_players": [
      {
        "number": "1",
        "name": "Miguel Ángel Moyá",
        "substituted_in": true,
        "starting_lineup": true
      },
      {
        "number": "2",
        "name": "Diego Godín",
        "substituted_in": true,
        "starting_lineup": true
      },
      {
        "number": "23",
        "name": "Miranda",
        "substituted_in": true,
        "starting_lineup": true
      },
      {
        "number": "3",
        "name": "Guilherme Siqueira",
        "substituted_in": true,
        "starting_lineup": true
      },
      {
        "number": "20",
        "name": "Juanfran Torres",
        "substituted_in": true,
        "starting_lineup": true
      },
      {
        "number": "4",
        "name": "Mario Suárez",
        "substituted_in": true,
        "starting_lineup": true
      },
      {
        "number": "5",
        "name": "Tiago Mendes",
        "substituted_in": true,
        "starting_lineup": true
      },
      {
        "number": "6",
        "name": "Koke",
        "substituted_in": true,
        "starting_lineup": true
      },
      {
        "number": "10",
        "name": "Arda Turan",
        "substituted_in": true,
        "starting_lineup": true
      },
      {
        "number": "7",
        "name": "Antoine Griezmann",
        "substituted_in": true,
        "starting_lineup": true
      },
      {
        "number": "8",
        "name": "Raúl García",
        "substituted_in": true,
        "starting_lineup": true
      },
      {
        "number": "17",
        "name": "Saúl Ñíguez",
        "substituted_in": true,
        "starting_lineup": false
      },
      {
        "number": "14",
        "name": "Gabi",
        "substituted_in": true,
        "starting_lineup": false
      },
      {
        "number": "22",
        "name": "Alessio Cerci",
        "substituted_in": true,
        "starting_lineup": false
      }
    ]
  },
  {
    "url": "https://www.transfermarkt.pl/levante-ud_atlético-madryt/aufstellung/spielbericht/2475532",
    "match_id": "2475532",
    "date": "niedz., 10.05.2015",
    "competition": "LALIGA",
    "matchday": "36. Kolejka",
    "home_team": "Levante UD",
    "away_team": "Atlético Madryt",
    "home_players": [
      {
        "number": "13",
        "name": "Diego Mariño",
        "substituted_in": true,
        "starting_lineup": true
      },
      {
        "number": "6",
        "name": "Loukas Vyntra",
        "substituted_in": true,
        "starting_lineup": true
      },
      {
        "number": "14",
        "name": "Iván Ramis",
        "substituted_in": true,
        "starting_lineup": true
      },
      {
        "number": "12",
        "name": "Juanfran",
        "substituted_in": true,
        "starting_lineup": true
      },
      {
        "number": "3",
        "name": "Toño García",
        "substituted_in": true,
        "starting_lineup": true
      },
      {
        "number": "2",
        "name": "Iván López",
        "substituted_in": true,
        "starting_lineup": true
      },
      {
        "number": "22",
        "name": "Mohamed Sissoko",
        "substituted_in": true,
        "starting_lineup": true
      },
      {
        "number": "26",
        "name": "Víctor Camarasa",
        "substituted_in": true,
        "starting_lineup": true
      },
      {
        "number": "11",
        "name": "José Luis Morales",
        "substituted_in": true,
        "starting_lineup": true
      },
      {
        "number": "5",
        "name": "Kalu Uche",
        "substituted_in": true,
        "starting_lineup": true
      },
      {
        "number": "7",
        "name": "David Barral",
        "substituted_in": true,
        "starting_lineup": true
      },
      {
        "number": "25",
        "name": "José Mari",
        "substituted_in": true,
        "starting_lineup": false
      },
      {
        "number": "21",
        "name": "Andreas Ivanschitz",
        "substituted_in": true,
        "starting_lineup": false
      },
      {
        "number": "9",
        "name": "Rafael Martins",
        "substituted_in": true,
        "starting_lineup": false
      }
    ],
    "away_players": [
      {
        "number": "13",
        "name": "Jan Oblak",
        "substituted_in": true,
        "starting_lineup": true
      },
      {
        "number": "23",
        "name": "Miranda",
        "substituted_in": true,
        "starting_lineup": true
      },
      {
        "number": "24",
        "name": "José María Giménez",
        "substituted_in": true,
        "starting_lineup": true
      },
      {
        "number": "3",
        "name": "Guilherme Siqueira",
        "substituted_in": true,
        "starting_lineup": true
      },
      {
        "number": "20",
        "name": "Juanfran Torres",
        "substituted_in": true,
        "starting_lineup": true
      },
      {
        "number": "5",
        "name": "Tiago Mendes",
        "substituted_in": true,
        "starting_lineup": true
      },
      {
        "number": "14",
        "name": "Gabi",
        "substituted_in": true,
        "starting_lineup": true
      },
      {
        "number": "6",
        "name": "Koke",
        "substituted_in": true,
        "starting_lineup": true
      },
      {
        "number": "10",
        "name": "Arda Turan",
        "substituted_in": true,
        "starting_lineup": true
      },
      {
        "number": "7",
        "name": "Antoine Griezmann",
        "substituted_in": true,
        "starting_lineup": true
      },
      {
        "number": "9",
        "name": "Mario Mandžukić",
        "substituted_in": true,
        "starting_lineup": true
      },
      {
        "number": "17",
        "name": "Saúl Ñíguez",
        "substituted_in": true,
        "starting_lineup": false
      },
      {
        "number": "8",
        "name": "Raúl García",
        "substituted_in": true,
        "starting_lineup": false
      },
      {
        "number": "19",
        "name": "Fernando Torres",
        "substituted_in": true,
        "starting_lineup": false
      }
    ]
  },
  {
    "url": "https://www.transfermarkt.pl/atlético-madryt_málaga-cf/aufstellung/spielbericht/2475290",
    "match_id": "2475290",
    "date": "sob., 22.11.2014",
    "competition": "LALIGA",
    "matchday": "12. Kolejka",
    "home_team": "Atlético Madryt",
    "away_team": "Málaga CF",
    "home_players": [
      {
        "number": "1",
        "name": "Miguel Ángel Moyá",
        "substituted_in": true,
        "starting_lineup": true
      },
      {
        "number": "2",
        "name": "Diego Godín",
        "substituted_in": true,
        "starting_lineup": true
      },
      {
        "number": "24",
        "name": "José María Giménez",
        "substituted_in": true,
        "starting_lineup": true
      },
      {
        "number": "15",
        "name": "Cristian Ansaldi",
        "substituted_in": true,
        "starting_lineup": true
      },
      {
        "number": "20",
        "name": "Juanfran Torres",
        "substituted_in": true,
        "starting_lineup": true
      },
      {
        "number": "5",
        "name": "Tiago Mendes",
        "substituted_in": true,
        "starting_lineup": true
      },
      {
        "number": "14",
        "name": "Gabi",
        "substituted_in": true,
        "starting_lineup": true
      },
      {
        "number": "6",
        "name": "Koke",
        "substituted_in": true,
        "starting_lineup": true
      },
      {
        "number": "7",
        "name": "Antoine Griezmann",
        "substituted_in": true,
        "starting_lineup": true
      },
      {
        "number": "10",
        "name": "Arda Turan",
        "substituted_in": true,
        "starting_lineup": true
      },
      {
        "number": "9",
        "name": "Mario Mandžukić",
        "substituted_in": true,
        "starting_lineup": true
      },
      {
        "number": "17",
        "name": "Saúl Ñíguez",
        "substituted_in": true,
        "starting_lineup": false
      },
      {
        "number": "8",
        "name": "Raúl García",
        "substituted_in": true,
        "starting_lineup": false
      },
      {
        "number": "11",
        "name": "Raúl Jiménez",
        "substituted_in": true,
        "starting_lineup": false
      }
    ],
    "away_players": [
      {
        "number": "1",
        "name": "Carlos Kameni",
        "substituted_in": true,
        "starting_lineup": true
      },
      {
        "number": "3",
        "name": "Weligton",
        "substituted_in": true,
        "starting_lineup": true
      },
      {
        "number": "21",
        "name": "Sergio Sánchez",
        "substituted_in": true,
        "starting_lineup": true
      },
      {
        "number": "5",
        "name": "Antunes",
        "substituted_in": true,
        "starting_lineup": true
      },
      {
        "number": "23",
        "name": "Miguel Torres",
        "substituted_in": true,
        "starting_lineup": true
      },
      {
        "number": "6",
        "name": "Ignacio Camacho",
        "substituted_in": true,
        "starting_lineup": true
      },
      {
        "number": "30",
        "name": "Sergi Darder",
        "substituted_in": true,
        "starting_lineup": true
      },
      {
        "number": "29",
        "name": "Samu Castillejo",
        "substituted_in": true,
        "starting_lineup": true
      },
      {
        "number": "7",
        "name": "Samu García",
        "substituted_in": true,
        "starting_lineup": true
      },
      {
        "number": "26",
        "name": "Juanmi",
        "substituted_in": true,
        "starting_lineup": true
      },
      {
        "number": "9",
        "name": "Roque Santa Cruz",
        "substituted_in": true,
        "starting_lineup": true
      },
      {
        "number": "14",
        "name": "Recio",
        "substituted_in": true,
        "starting_lineup": false
      },
      {
        "number": "22",
        "name": "Luis Alberto",
        "substituted_in": true,
        "starting_lineup": false
      },
      {
        "number": "10",
        "name": "Ricardo Horta",
        "substituted_in": true,
        "starting_lineup": false
      }
    ]
  },
  {
    "url": "https://www.transfermarkt.pl/atlético-madryt_córdoba-cf/aufstellung/spielbericht/2475271",
    "match_id": "2475271",
    "date": "sob., 01.11.2014",
    "competition": "LALIGA",
    "matchday": "10. Kolejka",
    "home_team": "Atlético Madryt",
    "away_team": "Córdoba CF",
    "home_players": [
      {
        "number": "1",
        "name": "Miguel Ángel Moyá",
        "substituted_in": true,
        "starting_lineup": true
      },
      {
        "number": "2",
        "name": "Diego Godín",
        "substituted_in": true,
        "starting_lineup": true
      },
      {
        "number": "23",
        "name": "Miranda",
        "substituted_in": true,
        "starting_lineup": true
      },
      {
        "number": "3",
        "name": "Guilherme Siqueira",
        "substituted_in": true,
        "starting_lineup": true
      },
      {
        "number": "20",
        "name": "Juanfran Torres",
        "substituted_in": true,
        "starting_lineup": true
      },
      {
        "number": "4",
        "name": "Mario Suárez",
        "substituted_in": true,
        "starting_lineup": true
      },
      {
        "number": "14",
        "name": "Gabi",
        "substituted_in": true,
        "starting_lineup": true
      },
      {
        "number": "10",
        "name": "Arda Turan",
        "substituted_in": true,
        "starting_lineup": true
      },
      {
        "number": "6",
        "name": "Koke",
        "substituted_in": true,
        "starting_lineup": true
      },
      {
        "number": "7",
        "name": "Antoine Griezmann",
        "substituted_in": true,
        "starting_lineup": true
      },
      {
        "number": "9",
        "name": "Mario Mandžukić",
        "substituted_in": true,
        "starting_lineup": true
      },
      {
        "number": "17",
        "name": "Saúl Ñíguez",
        "substituted_in": true,
        "starting_lineup": false
      },
      {
        "number": "21",
        "name": "Cristian Rodríguez",
        "substituted_in": true,
        "starting_lineup": false
      },
      {
        "number": "8",
        "name": "Raúl García",
        "substituted_in": true,
        "starting_lineup": false
      }
    ],
    "away_players": [
      {
        "number": "1",
        "name": "Juan Carlos",
        "substituted_in": true,
        "starting_lineup": true
      },
      {
        "number": "2",
        "name": "Aleksandar Pantic",
        "substituted_in": true,
        "starting_lineup": true
      },
      {
        "number": "12",
        "name": "Iñigo López",
        "substituted_in": true,
        "starting_lineup": true
      },
      {
        "number": "29",
        "name": "Dani Pinillos",
        "substituted_in": true,
        "starting_lineup": true
      },
      {
        "number": "4",
        "name": "Iago Bouzón",
        "substituted_in": true,
        "starting_lineup": true
      },
      {
        "number": "6",
        "name": "Luso Delgado",
        "substituted_in": true,
        "starting_lineup": true
      },
      {
        "number": "22",
        "name": "Aritz López Garai",
        "substituted_in": true,
        "starting_lineup": true
      },
      {
        "number": "16",
        "name": "Fidel",
        "substituted_in": true,
        "starting_lineup": true
      },
      {
        "number": "10",
        "name": "Fede Cartabia",
        "substituted_in": true,
        "starting_lineup": true
      },
      {
        "number": "9",
        "name": "Xisco",
        "substituted_in": true,
        "starting_lineup": true
      },
      {
        "number": "14",
        "name": "Nabil Ghilas",
        "substituted_in": true,
        "starting_lineup": true
      },
      {
        "number": "7",
        "name": "Fausto Rossi",
        "substituted_in": true,
        "starting_lineup": false
      },
      {
        "number": "23",
        "name": "Abel Gómez",
        "substituted_in": true,
        "starting_lineup": false
      },
      {
        "number": "35",
        "name": "Fede Vico",
        "substituted_in": true,
        "starting_lineup": false
      }
    ]
  },
  {
    "url": "https://www.transfermarkt.pl/ce-lhospitalet_atlético-madryt/aufstellung/spielbericht/2505178",
    "match_id": "2505178",
    "date": "śr., 03.12.2014",
    "competition": "Unknown",
    "matchday": "Unknown",
    "home_team": "CE L'Hospitalet",
    "away_team": "Atlético Madryt",
    "home_players": [
      {
        "number": "1",
        "name": "Oliver Sánchez",
        "substituted_in": true,
        "starting_lineup": true
      },
      {
        "number": "4",
        "name": "Aleix Coch",
        "substituted_in": true,
        "starting_lineup": true
      },
      {
        "number": "5",
        "name": "Agustín Fernández",
        "substituted_in": true,
        "starting_lineup": true
      },
      {
        "number": "3",
        "name": "Valentín Merchán",
        "substituted_in": true,
        "starting_lineup": true
      },
      {
        "number": "2",
        "name": "Iván Hammouch",
        "substituted_in": true,
        "starting_lineup": true
      },
      {
        "number": "8",
        "name": "Albert Vivancos",
        "substituted_in": true,
        "starting_lineup": true
      },
      {
        "number": "6",
        "name": "Rubén Alcaraz",
        "substituted_in": true,
        "starting_lineup": true
      },
      {
        "number": "7",
        "name": "Pablo Morgado",
        "substituted_in": true,
        "starting_lineup": true
      },
      {
        "number": "11",
        "name": "Èric Via",
        "substituted_in": true,
        "starting_lineup": true
      },
      {
        "number": "10",
        "name": "José Ángel Bueno",
        "substituted_in": true,
        "starting_lineup": true
      },
      {
        "number": "9",
        "name": "Nano Mesa",
        "substituted_in": true,
        "starting_lineup": true
      },
      {
        "number": "12",
        "name": "Peque",
        "substituted_in": true,
        "starting_lineup": false
      },
      {
        "number": "14",
        "name": "Miguel Ángel Luque",
        "substituted_in": true,
        "starting_lineup": false
      },
      {
        "number": "16",
        "name": "Joel Méndez",
        "substituted_in": true,
        "starting_lineup": false
      }
    ],
    "away_players": [
      {
        "number": "13",
        "name": "Jan Oblak",
        "substituted_in": true,
        "starting_lineup": true
      },
      {
        "number": "24",
        "name": "José María Giménez",
        "substituted_in": true,
        "starting_lineup": true
      },
      {
        "number": "28",
        "name": "Lucas Hernández",
        "substituted_in": true,
        "starting_lineup": true
      },
      {
        "number": "3",
        "name": "Guilherme Siqueira",
        "substituted_in": true,
        "starting_lineup": true
      },
      {
        "number": "18",
        "name": "Jesús Gámez",
        "substituted_in": true,
        "starting_lineup": true
      },
      {
        "number": "4",
        "name": "Mario Suárez",
        "substituted_in": true,
        "starting_lineup": true
      },
      {
        "number": "17",
        "name": "Saúl Ñíguez",
        "substituted_in": true,
        "starting_lineup": true
      },
      {
        "number": "14",
        "name": "Gabi",
        "substituted_in": true,
        "starting_lineup": true
      },
      {
        "number": "21",
        "name": "Cristian Rodríguez",
        "substituted_in": true,
        "starting_lineup": true
      },
      {
        "number": "22",
        "name": "Alessio Cerci",
        "substituted_in": true,
        "starting_lineup": true
      },
      {
        "number": "11",
        "name": "Raúl Jiménez",
        "substituted_in": true,
        "starting_lineup": true
      },
      {
        "number": "7",
        "name": "Antoine Griezmann",
        "substituted_in": true,
        "starting_lineup": false
      }
    ]
  },
  {
    "url": "https://www.transfermarkt.pl/rayo-vallecano_atlético-madryt/aufstellung/spielbericht/2475182",
    "match_id": "2475182",
    "date": "pon., 25.08.2014",
    "competition": "LALIGA",
    "matchday": "1. Kolejka",
    "home_team": "Rayo Vallecano",
    "away_team": "Atlético Madryt",
    "home_players": [
      {
        "number": "13",
        "name": "Cristian Álvarez",
        "substituted_in": true,
        "starting_lineup": true
      },
      {
        "number": "15",
        "name": "Abdoulaye Ba",
        "substituted_in": true,
        "starting_lineup": true
      },
      {
        "number": "18",
        "name": "Zé Castro",
        "substituted_in": true,
        "starting_lineup": true
      },
      {
        "number": "2",
        "name": "Tito",
        "substituted_in": true,
        "starting_lineup": true
      },
      {
        "number": "17",
        "name": "Quini",
        "substituted_in": true,
        "starting_lineup": true
      },
      {
        "number": "8",
        "name": "Raúl Baena",
        "substituted_in": true,
        "starting_lineup": true
      },
      {
        "number": "10",
        "name": "Roberto Trashorras",
        "substituted_in": true,
        "starting_lineup": true
      },
      {
        "number": "12",
        "name": "Gaël Kakuta",
        "substituted_in": true,
        "starting_lineup": true
      },
      {
        "number": "16",
        "name": "Javier Aquino",
        "substituted_in": true,
        "starting_lineup": true
      },
      {
        "number": "23",
        "name": "Alberto Bueno",
        "substituted_in": true,
        "starting_lineup": true
      },
      {
        "number": "11",
        "name": "Jonathan Pereira",
        "substituted_in": true,
        "starting_lineup": true
      },
      {
        "number": "9",
        "name": "Manucho",
        "substituted_in": true,
        "starting_lineup": false
      }
    ],
    "away_players": [
      {
        "number": "1",
        "name": "Miguel Ángel Moyá",
        "substituted_in": true,
        "starting_lineup": true
      },
      {
        "number": "2",
        "name": "Diego Godín",
        "substituted_in": true,
        "starting_lineup": true
      },
      {
        "number": "23",
        "name": "Miranda",
        "substituted_in": true,
        "starting_lineup": true
      },
      {
        "number": "15",
        "name": "Cristian Ansaldi",
        "substituted_in": true,
        "starting_lineup": true
      },
      {
        "number": "20",
        "name": "Juanfran Torres",
        "substituted_in": true,
        "starting_lineup": true
      },
      {
        "number": "4",
        "name": "Mario Suárez",
        "substituted_in": true,
        "starting_lineup": true
      },
      {
        "number": "14",
        "name": "Gabi",
        "substituted_in": true,
        "starting_lineup": true
      },
      {
        "number": "6",
        "name": "Koke",
        "substituted_in": true,
        "starting_lineup": true
      },
      {
        "number": "7",
        "name": "Antoine Griezmann",
        "substituted_in": true,
        "starting_lineup": true
      },
      {
        "number": "9",
        "name": "Mario Mandžukić",
        "substituted_in": true,
        "starting_lineup": true
      },
      {
        "number": "11",
        "name": "Raúl Jiménez",
        "substituted_in": true,
        "starting_lineup": true
      },
      {
        "number": "17",
        "name": "Saúl Ñíguez",
        "substituted_in": true,
        "starting_lineup": false
      },
      {
        "number": "21",
        "name": "Cristian Rodríguez",
        "substituted_in": true,
        "starting_lineup": false
      },
      {
        "number": "27",
        "name": "Héctor Hernández",
        "substituted_in": true,
        "starting_lineup": false
      }
    ]
  },
  {
    "url": "https://www.transfermarkt.pl/atlético-madryt_sevilla-fc/aufstellung/spielbericht/2475233",
    "match_id": "2475233",
    "date": "sob., 27.09.2014",
    "competition": "LALIGA",
    "matchday": "6. Kolejka",
    "home_team": "Atlético Madryt",
    "away_team": "Sevilla FC",
    "home_players": [
      {
        "number": "1",
        "name": "Miguel Ángel Moyá",
        "substituted_in": true,
        "starting_lineup": true
      },
      {
        "number": "2",
        "name": "Diego Godín",
        "substituted_in": true,
        "starting_lineup": true
      },
      {
        "number": "23",
        "name": "Miranda",
        "substituted_in": true,
        "starting_lineup": true
      },
      {
        "number": "15",
        "name": "Cristian Ansaldi",
        "substituted_in": true,
        "starting_lineup": true
      },
      {
        "number": "20",
        "name": "Juanfran Torres",
        "substituted_in": true,
        "starting_lineup": true
      },
      {
        "number": "5",
        "name": "Tiago Mendes",
        "substituted_in": true,
        "starting_lineup": true
      },
      {
        "number": "17",
        "name": "Saúl Ñíguez",
        "substituted_in": true,
        "starting_lineup": true
      },
      {
        "number": "14",
        "name": "Gabi",
        "substituted_in": true,
        "starting_lineup": true
      },
      {
        "number": "6",
        "name": "Koke",
        "substituted_in": true,
        "starting_lineup": true
      },
      {
        "number": "10",
        "name": "Arda Turan",
        "substituted_in": true,
        "starting_lineup": true
      },
      {
        "number": "9",
        "name": "Mario Mandžukić",
        "substituted_in": true,
        "starting_lineup": true
      },
      {
        "number": "8",
        "name": "Raúl García",
        "substituted_in": true,
        "starting_lineup": false
      },
      {
        "number": "7",
        "name": "Antoine Griezmann",
        "substituted_in": true,
        "starting_lineup": false
      },
      {
        "number": "11",
        "name": "Raúl Jiménez",
        "substituted_in": true,
        "starting_lineup": false
      }
    ],
    "away_players": [
      {
        "number": "13",
        "name": "Beto",
        "substituted_in": true,
        "starting_lineup": true
      },
      {
        "number": "15",
        "name": "Timothée Kolodziejczak",
        "substituted_in": true,
        "starting_lineup": true
      },
      {
        "number": "21",
        "name": "Nicolás Pareja",
        "substituted_in": true,
        "starting_lineup": true
      },
      {
        "number": "2",
        "name": "Benoît Trémoulinas",
        "substituted_in": true,
        "starting_lineup": true
      },
      {
        "number": "5",
        "name": "Diogo Figueiras",
        "substituted_in": true,
        "starting_lineup": true
      },
      {
        "number": "6",
        "name": "Daniel Carriço",
        "substituted_in": true,
        "starting_lineup": true
      },
      {
        "number": "4",
        "name": "Grzegorz Krychowiak",
        "substituted_in": true,
        "starting_lineup": true
      },
      {
        "number": "25",
        "name": "Stéphane Mbia",
        "substituted_in": true,
        "starting_lineup": true
      },
      {
        "number": "22",
        "name": "Aleix Vidal",
        "substituted_in": true,
        "starting_lineup": true
      },
      {
        "number": "20",
        "name": "Vitolo",
        "substituted_in": true,
        "starting_lineup": true
      },
      {
        "number": "9",
        "name": "Carlos Bacca",
        "substituted_in": true,
        "starting_lineup": true
      },
      {
        "number": "19",
        "name": "Éver Banega",
        "substituted_in": true,
        "starting_lineup": false
      },
      {
        "number": "17",
        "name": "Denis Suárez",
        "substituted_in": true,
        "starting_lineup": false
      },
      {
        "number": "18",
        "name": "Gerard Deulofeu",
        "substituted_in": true,
        "starting_lineup": false
      }
    ]
  },
  {
    "url": "https://www.transfermarkt.pl/atlético-madryt_granada-cf/aufstellung/spielbericht/2475363",
    "match_id": "2475363",
    "date": "niedz., 18.01.2015",
    "competition": "LALIGA",
    "matchday": "19. Kolejka",
    "home_team": "Atlético Madryt",
    "away_team": "Granada CF",
    "home_players": [
      {
        "number": "1",
        "name": "Miguel Ángel Moyá",
        "substituted_in": true,
        "starting_lineup": true
      },
      {
        "number": "2",
        "name": "Diego Godín",
        "substituted_in": true,
        "starting_lineup": true
      },
      {
        "number": "24",
        "name": "José María Giménez",
        "substituted_in": true,
        "starting_lineup": true
      },
      {
        "number": "3",
        "name": "Guilherme Siqueira",
        "substituted_in": true,
        "starting_lineup": true
      },
      {
        "number": "20",
        "name": "Juanfran Torres",
        "substituted_in": true,
        "starting_lineup": true
      },
      {
        "number": "4",
        "name": "Mario Suárez",
        "substituted_in": true,
        "starting_lineup": true
      },
      {
        "number": "14",
        "name": "Gabi",
        "substituted_in": true,
        "starting_lineup": true
      },
      {
        "number": "6",
        "name": "Koke",
        "substituted_in": true,
        "starting_lineup": true
      },
      {
        "number": "10",
        "name": "Arda Turan",
        "substituted_in": true,
        "starting_lineup": true
      },
      {
        "number": "9",
        "name": "Mario Mandžukić",
        "substituted_in": true,
        "starting_lineup": true
      },
      {
        "number": "19",
        "name": "Fernando Torres",
        "substituted_in": true,
        "starting_lineup": true
      },
      {
        "number": "8",
        "name": "Raúl García",
        "substituted_in": true,
        "starting_lineup": false
      },
      {
        "number": "7",
        "name": "Antoine Griezmann",
        "substituted_in": true,
        "starting_lineup": false
      },
      {
        "number": "11",
        "name": "Raúl Jiménez",
        "substituted_in": true,
        "starting_lineup": false
      }
    ],
    "away_players": [
      {
        "number": "1",
        "name": "Oier Olazábal",
        "substituted_in": true,
        "starting_lineup": true
      },
      {
        "number": "5",
        "name": "Diego Maínz",
        "substituted_in": true,
        "starting_lineup": true
      },
      {
        "number": "6",
        "name": "Jean-Sylvain Babin",
        "substituted_in": true,
        "starting_lineup": true
      },
      {
        "number": "17",
        "name": "Abdoul Wahid Sissoko",
        "substituted_in": true,
        "starting_lineup": true
      },
      {
        "number": "2",
        "name": "Allan Nyom",
        "substituted_in": true,
        "starting_lineup": true
      },
      {
        "number": "7",
        "name": "Héctor Yuste",
        "substituted_in": true,
        "starting_lineup": true
      },
      {
        "number": "16",
        "name": "Manuel Iturra",
        "substituted_in": true,
        "starting_lineup": true
      },
      {
        "number": "10",
        "name": "Piti",
        "substituted_in": true,
        "starting_lineup": true
      },
      {
        "number": "15",
        "name": "Lass Bangoura",
        "substituted_in": true,
        "starting_lineup": true
      },
      {
        "number": "21",
        "name": "Rober Ibáñez",
        "substituted_in": true,
        "starting_lineup": true
      },
      {
        "number": "9",
        "name": "Youssef El Arabi",
        "substituted_in": true,
        "starting_lineup": true
      },
      {
        "number": "20",
        "name": "Juankar",
        "substituted_in": true,
        "starting_lineup": false
      },
      {
        "number": "22",
        "name": "Dimitri Foulquier",
        "substituted_in": true,
        "starting_lineup": false
      },
      {
        "number": "29",
        "name": "Isaac Success",
        "substituted_in": true,
        "starting_lineup": false
      }
    ]
  },
  {
    "url": "https://www.transfermarkt.pl/fc-barcelona_atlético-madryt/aufstellung/spielbericht/2475353",
    "match_id": "2475353",
    "date": "niedz., 11.01.2015",
    "competition": "LALIGA",
    "matchday": "18. Kolejka",
    "home_team": "FC Barcelona",
    "away_team": "Atlético Madryt",
    "home_players": [
      {
        "number": "13",
        "name": "Claudio Bravo",
        "substituted_in": true,
        "starting_lineup": true
      },
      {
        "number": "3",
        "name": "Gerard Piqué",
        "substituted_in": true,
        "starting_lineup": true
      },
      {
        "number": "14",
        "name": "Javier Mascherano",
        "substituted_in": true,
        "starting_lineup": true
      },
      {
        "number": "18",
        "name": "Jordi Alba",
        "substituted_in": true,
        "starting_lineup": true
      },
      {
        "number": "22",
        "name": "Dani Alves",
        "substituted_in": true,
        "starting_lineup": true
      },
      {
        "number": "5",
        "name": "Sergio Busquets",
        "substituted_in": true,
        "starting_lineup": true
      },
      {
        "number": "8",
        "name": "Andrés Iniesta",
        "substituted_in": true,
        "starting_lineup": true
      },
      {
        "number": "4",
        "name": "Ivan Rakitic",
        "substituted_in": true,
        "starting_lineup": true
      },
      {
        "number": "11",
        "name": "Neymar",
        "substituted_in": true,
        "starting_lineup": true
      },
      {
        "number": "10",
        "name": "Lionel Messi",
        "substituted_in": true,
        "starting_lineup": true
      },
      {
        "number": "9",
        "name": "Luis Suárez",
        "substituted_in": true,
        "starting_lineup": true
      },
      {
        "number": "12",
        "name": "Rafinha",
        "substituted_in": true,
        "starting_lineup": false
      },
      {
        "number": "7",
        "name": "Pedro",
        "substituted_in": true,
        "starting_lineup": false
      }
    ],
    "away_players": [
      {
        "number": "1",
        "name": "Miguel Ángel Moyá",
        "substituted_in": true,
        "starting_lineup": true
      },
      {
        "number": "2",
        "name": "Diego Godín",
        "substituted_in": true,
        "starting_lineup": true
      },
      {
        "number": "24",
        "name": "José María Giménez",
        "substituted_in": true,
        "starting_lineup": true
      },
      {
        "number": "18",
        "name": "Jesús Gámez",
        "substituted_in": true,
        "starting_lineup": true
      },
      {
        "number": "20",
        "name": "Juanfran Torres",
        "substituted_in": true,
        "starting_lineup": true
      },
      {
        "number": "5",
        "name": "Tiago Mendes",
        "substituted_in": true,
        "starting_lineup": true
      },
      {
        "number": "14",
        "name": "Gabi",
        "substituted_in": true,
        "starting_lineup": true
      },
      {
        "number": "6",
        "name": "Koke",
        "substituted_in": true,
        "starting_lineup": true
      },
      {
        "number": "10",
        "name": "Arda Turan",
        "substituted_in": true,
        "starting_lineup": true
      },
      {
        "number": "7",
        "name": "Antoine Griezmann",
        "substituted_in": true,
        "starting_lineup": true
      },
      {
        "number": "9",
        "name": "Mario Mandžukić",
        "substituted_in": true,
        "starting_lineup": true
      },
      {
        "number": "3",
        "name": "Guilherme Siqueira",
        "substituted_in": true,
        "starting_lineup": false
      },
      {
        "number": "8",
        "name": "Raúl García",
        "substituted_in": true,
        "starting_lineup": false
      },
      {
        "number": "19",
        "name": "Fernando Torres",
        "substituted_in": true,
        "starting_lineup": false
      }
    ]
  },
  {
    "url": "https://www.transfermarkt.pl/atlético-madryt_real-sociedad/aufstellung/spielbericht/2475470",
    "match_id": "2475470",
    "date": "wt., 07.04.2015",
    "competition": "LALIGA",
    "matchday": "30. Kolejka",
    "home_team": "Atlético Madryt",
    "away_team": "Real Sociedad",
    "home_players": [
      {
        "number": "13",
        "name": "Jan Oblak",
        "substituted_in": true,
        "starting_lineup": true
      },
      {
        "number": "23",
        "name": "Miranda",
        "substituted_in": true,
        "starting_lineup": true
      },
      {
        "number": "24",
        "name": "José María Giménez",
        "substituted_in": true,
        "starting_lineup": true
      },
      {
        "number": "3",
        "name": "Guilherme Siqueira",
        "substituted_in": true,
        "starting_lineup": true
      },
      {
        "number": "18",
        "name": "Jesús Gámez",
        "substituted_in": true,
        "starting_lineup": true
      },
      {
        "number": "4",
        "name": "Mario Suárez",
        "substituted_in": true,
        "starting_lineup": true
      },
      {
        "number": "5",
        "name": "Tiago Mendes",
        "substituted_in": true,
        "starting_lineup": true
      },
      {
        "number": "6",
        "name": "Koke",
        "substituted_in": true,
        "starting_lineup": true
      },
      {
        "number": "10",
        "name": "Arda Turan",
        "substituted_in": true,
        "starting_lineup": true
      },
      {
        "number": "7",
        "name": "Antoine Griezmann",
        "substituted_in": true,
        "starting_lineup": true
      },
      {
        "number": "19",
        "name": "Fernando Torres",
        "substituted_in": true,
        "starting_lineup": true
      },
      {
        "number": "17",
        "name": "Saúl Ñíguez",
        "substituted_in": true,
        "starting_lineup": false
      },
      {
        "number": "14",
        "name": "Gabi",
        "substituted_in": true,
        "starting_lineup": false
      },
      {
        "number": "11",
        "name": "Raúl Jiménez",
        "substituted_in": true,
        "starting_lineup": false
      }
    ],
    "away_players": [
      {
        "number": "1",
        "name": "Gerónimo Rulli",
        "substituted_in": true,
        "starting_lineup": true
      },
      {
        "number": "3",
        "name": "Mikel González",
        "substituted_in": true,
        "starting_lineup": true
      },
      {
        "number": "4",
        "name": "Gorka Elustondo",
        "substituted_in": true,
        "starting_lineup": true
      },
      {
        "number": "19",
        "name": "Yuri Berchiche",
        "substituted_in": true,
        "starting_lineup": true
      },
      {
        "number": "20",
        "name": "Joseba Zaldua",
        "substituted_in": true,
        "starting_lineup": true
      },
      {
        "number": "5",
        "name": "Markel Bergara",
        "substituted_in": true,
        "starting_lineup": true
      },
      {
        "number": "14",
        "name": "Rubén Pardo",
        "substituted_in": true,
        "starting_lineup": true
      },
      {
        "number": "17",
        "name": "David Zurutuza",
        "substituted_in": true,
        "starting_lineup": true
      },
      {
        "number": "16",
        "name": "Sergio Canales",
        "substituted_in": true,
        "starting_lineup": true
      },
      {
        "number": "10",
        "name": "Xabi Prieto",
        "substituted_in": true,
        "starting_lineup": true
      },
      {
        "number": "18",
        "name": "Chory Castro",
        "substituted_in": true,
        "starting_lineup": true
      },
      {
        "number": "8",
        "name": "Esteban Granero",
        "substituted_in": true,
        "starting_lineup": false
      },
      {
        "number": "7",
        "name": "Alfred Finnbogason",
        "substituted_in": true,
        "starting_lineup": false
      },
      {
        "number": "9",
        "name": "Imanol Agirretxe",
        "substituted_in": true,
        "starting_lineup": false
      }
    ]
  },
  {
    "url": "https://www.transfermarkt.pl/juventus-turyn_atlético-madryt/aufstellung/spielbericht/2495358",
    "match_id": "2495358",
    "date": "wt., 09.12.2014",
    "competition": "Unknown",
    "matchday": "Unknown",
    "home_team": "Juventus Turyn",
    "away_team": "Atlético Madryt",
    "home_players": [
      {
        "number": "1",
        "name": "Gianluigi Buffon",
        "substituted_in": true,
        "starting_lineup": true
      },
      {
        "number": "3",
        "name": "Giorgio Chiellini",
        "substituted_in": true,
        "starting_lineup": true
      },
      {
        "number": "19",
        "name": "Leonardo Bonucci",
        "substituted_in": true,
        "starting_lineup": true
      },
      {
        "number": "33",
        "name": "Patrice Evra",
        "substituted_in": true,
        "starting_lineup": true
      },
      {
        "number": "26",
        "name": "Stephan Lichtsteiner",
        "substituted_in": true,
        "starting_lineup": true
      },
      {
        "number": "21",
        "name": "Andrea Pirlo",
        "substituted_in": true,
        "starting_lineup": true
      },
      {
        "number": "6",
        "name": "Paul Pogba",
        "substituted_in": true,
        "starting_lineup": true
      },
      {
        "number": "23",
        "name": "Arturo Vidal",
        "substituted_in": true,
        "starting_lineup": true
      },
      {
        "number": "37",
        "name": "Roberto Pereyra",
        "substituted_in": true,
        "starting_lineup": true
      },
      {
        "number": "10",
        "name": "Carlos Tevez",
        "substituted_in": true,
        "starting_lineup": true
      },
      {
        "number": "14",
        "name": "Fernando Llorente",
        "substituted_in": true,
        "starting_lineup": true
      }
    ],
    "away_players": [
      {
        "number": "1",
        "name": "Miguel Ángel Moyá",
        "substituted_in": true,
        "starting_lineup": true
      },
      {
        "number": "2",
        "name": "Diego Godín",
        "substituted_in": true,
        "starting_lineup": true
      },
      {
        "number": "24",
        "name": "José María Giménez",
        "substituted_in": true,
        "starting_lineup": true
      },
      {
        "number": "3",
        "name": "Guilherme Siqueira",
        "substituted_in": true,
        "starting_lineup": true
      },
      {
        "number": "20",
        "name": "Juanfran Torres",
        "substituted_in": true,
        "starting_lineup": true
      },
      {
        "number": "4",
        "name": "Mario Suárez",
        "substituted_in": true,
        "starting_lineup": true
      },
      {
        "number": "14",
        "name": "Gabi",
        "substituted_in": true,
        "starting_lineup": true
      },
      {
        "number": "10",
        "name": "Arda Turan",
        "substituted_in": true,
        "starting_lineup": true
      },
      {
        "number": "6",
        "name": "Koke",
        "substituted_in": true,
        "starting_lineup": true
      },
      {
        "number": "8",
        "name": "Raúl García",
        "substituted_in": true,
        "starting_lineup": true
      },
      {
        "number": "9",
        "name": "Mario Mandžukić",
        "substituted_in": true,
        "starting_lineup": true
      }
    ]
  },
  {
    "url": "https://www.transfermarkt.pl/deportivo-de-la-coruña_atlético-madryt/aufstellung/spielbericht/2475490",
    "match_id": "2475490",
    "date": "sob., 18.04.2015",
    "competition": "LALIGA",
    "matchday": "32. Kolejka",
    "home_team": "Deportivo de La Coruña",
    "away_team": "Atlético Madryt",
    "home_players": [
      {
        "number": "13",
        "name": "Fabri",
        "substituted_in": true,
        "starting_lineup": true
      },
      {
        "number": "12",
        "name": "Sidnei",
        "substituted_in": true,
        "starting_lineup": true
      },
      {
        "number": "23",
        "name": "Alberto Lopo",
        "substituted_in": true,
        "starting_lineup": true
      },
      {
        "number": "16",
        "name": "Luisinho",
        "substituted_in": true,
        "starting_lineup": true
      },
      {
        "number": "11",
        "name": "Juanfran Moreno",
        "substituted_in": true,
        "starting_lineup": true
      },
      {
        "number": "4",
        "name": "Álex Bergantiños",
        "substituted_in": true,
        "starting_lineup": true
      },
      {
        "number": "8",
        "name": "Haris Medunjanin",
        "substituted_in": true,
        "starting_lineup": true
      },
      {
        "number": "19",
        "name": "Ivan Cavaleiro",
        "substituted_in": true,
        "starting_lineup": true
      },
      {
        "number": "7",
        "name": "Lucas Pérez",
        "substituted_in": true,
        "starting_lineup": true
      },
      {
        "number": "18",
        "name": "Toché",
        "substituted_in": true,
        "starting_lineup": true
      },
      {
        "number": "21",
        "name": "Oriol Riera",
        "substituted_in": true,
        "starting_lineup": true
      },
      {
        "number": "10",
        "name": "Juan Domínguez",
        "substituted_in": true,
        "starting_lineup": false
      },
      {
        "number": "24",
        "name": "Luis Fariña",
        "substituted_in": true,
        "starting_lineup": false
      },
      {
        "number": "14",
        "name": "Isaac Cuenca",
        "substituted_in": true,
        "starting_lineup": false
      }
    ],
    "away_players": [
      {
        "number": "13",
        "name": "Jan Oblak",
        "substituted_in": true,
        "starting_lineup": true
      },
      {
        "number": "2",
        "name": "Diego Godín",
        "substituted_in": true,
        "starting_lineup": true
      },
      {
        "number": "24",
        "name": "José María Giménez",
        "substituted_in": true,
        "starting_lineup": true
      },
      {
        "number": "18",
        "name": "Jesús Gámez",
        "substituted_in": true,
        "starting_lineup": true
      },
      {
        "number": "20",
        "name": "Juanfran Torres",
        "substituted_in": true,
        "starting_lineup": true
      },
      {
        "number": "5",
        "name": "Tiago Mendes",
        "substituted_in": true,
        "starting_lineup": true
      },
      {
        "number": "17",
        "name": "Saúl Ñíguez",
        "substituted_in": true,
        "starting_lineup": true
      },
      {
        "number": "6",
        "name": "Koke",
        "substituted_in": true,
        "starting_lineup": true
      },
      {
        "number": "10",
        "name": "Arda Turan",
        "substituted_in": true,
        "starting_lineup": true
      },
      {
        "number": "8",
        "name": "Raúl García",
        "substituted_in": true,
        "starting_lineup": true
      },
      {
        "number": "7",
        "name": "Antoine Griezmann",
        "substituted_in": true,
        "starting_lineup": true
      },
      {
        "number": "11",
        "name": "Raúl Jiménez",
        "substituted_in": true,
        "starting_lineup": false
      },
      {
        "number": "19",
        "name": "Fernando Torres",
        "substituted_in": true,
        "starting_lineup": false
      }
    ]
  }
]