[
  {
    "url": "https://www.transfermarkt.pl/levante-ud_atlético-madryt/aufstellung/spielbericht/2341364",
    "match_id": "2341364",
    "date": "niedz., 04.05.2014",
    "competition": "LALIGA",
    "matchday": "36. Kolejka",
    "home_team": "Levante UD",
    "away_team": "Atlético Madryt",
    "home_players": [
      {
        "number": "1",
        "name": "Keylor Navas",
        "substituted_in": true,
        "starting_lineup": true
      },
      {
        "number": "4",
        "name": "David Navarro",
        "substituted_in": true,
        "starting_lineup": true
      },
      {
        "number": "6",
        "name": "Loukas Vyntra",
        "substituted_in": true,
        "starting_lineup": true
      },
      {
        "number": "12",
        "name": "Juanfran",
        "substituted_in": true,
        "starting_lineup": true
      },
      {
        "number": "19",
        "name": "Pedro López",
        "substituted_in": true,
        "starting_lineup": true
      },
      {
        "number": "22",
        "name": "Mohamed Sissoko",
        "substituted_in": true,
        "starting_lineup": true
      },
      {
        "number": "23",
        "name": "Pape Diop",
        "substituted_in": true,
        "starting_lineup": true
      },
      {
        "number": "24",
        "name": "Simão",
        "substituted_in": true,
        "starting_lineup": true
      },
      {
        "number": "3",
        "name": "Víctor Casadesús",
        "substituted_in": true,
        "starting_lineup": true
      },
      {
        "number": "11",
        "name": "Rubén García",
        "substituted_in": true,
        "starting_lineup": true
      },
      {
        "number": "7",
        "name": "David Barral",
        "substituted_in": true,
        "starting_lineup": true
      },
      {
        "number": "18",
        "name": "Sérgio da Silva Pinto",
        "substituted_in": true,
        "starting_lineup": false
      },
      {
        "number": "21",
        "name": "Andreas Ivanschitz",
        "substituted_in": true,
        "starting_lineup": false
      },
      {
        "number": "9",
        "name": "Ángel Rodríguez",
        "substituted_in": true,
        "starting_lineup": false
      }
    ],
    "away_players": [
      {
        "number": "13",
        "name": "Thibaut Courtois",
        "substituted_in": true,
        "starting_lineup": true
      },
      {
        "number": "2",
        "name": "Diego Godín",
        "substituted_in": true,
        "starting_lineup": true
      },
      {
        "number": "23",
        "name": "Miranda",
        "substituted_in": true,
        "starting_lineup": true
      },
      {
        "number": "3",
        "name": "Filipe Luís",
        "substituted_in": true,
        "starting_lineup": true
      },
      {
        "number": "12",
        "name": "Toby Alderweireld",
        "substituted_in": true,
        "starting_lineup": true
      },
      {
        "number": "5",
        "name": "Tiago Mendes",
        "substituted_in": true,
        "starting_lineup": true
      },
      {
        "number": "14",
        "name": "Gabi",
        "substituted_in": true,
        "starting_lineup": true
      },
      {
        "number": "8",
        "name": "Raúl García",
        "substituted_in": true,
        "starting_lineup": true
      },
      {
        "number": "6",
        "name": "Koke",
        "substituted_in": true,
        "starting_lineup": true
      },
      {
        "number": "9",
        "name": "David Villa",
        "substituted_in": true,
        "starting_lineup": true
      },
      {
        "number": "19",
        "name": "Diego Costa",
        "substituted_in": true,
        "starting_lineup": true
      },
      {
        "number": "26",
        "name": "Diego",
        "substituted_in": true,
        "starting_lineup": false
      },
      {
        "number": "10",
        "name": "Arda Turan",
        "substituted_in": true,
        "starting_lineup": false
      },
      {
        "number": "7",
        "name": "Adrián López",
        "substituted_in": true,
        "starting_lineup": false
      }
    ]
  },
  {
    "url": "https://www.transfermarkt.pl/atlético-madryt_rcd-espanyol/aufstellung/spielbericht/2341357",
    "match_id": "2341357",
    "date": "sob., 15.03.2014",
    "competition": "LALIGA",
    "matchday": "28. Kolejka",
    "home_team": "Atlético Madryt",
    "away_team": "RCD Espanyol",
    "home_players": [
      {
        "number": "13",
        "name": "Thibaut Courtois",
        "substituted_in": true,
        "starting_lineup": true
      },
      {
        "number": "2",
        "name": "Diego Godín",
        "substituted_in": true,
        "starting_lineup": true
      },
      {
        "number": "12",
        "name": "Toby Alderweireld",
        "substituted_in": true,
        "starting_lineup": true
      },
      {
        "number": "3",
        "name": "Filipe Luís",
        "substituted_in": true,
        "starting_lineup": true
      },
      {
        "number": "20",
        "name": "Juanfran Torres",
        "substituted_in": true,
        "starting_lineup": true
      },
      {
        "number": "14",
        "name": "Gabi",
        "substituted_in": true,
        "starting_lineup": true
      },
      {
        "number": "5",
        "name": "Tiago Mendes",
        "substituted_in": true,
        "starting_lineup": true
      },
      {
        "number": "24",
        "name": "José Sosa",
        "substituted_in": true,
        "starting_lineup": true
      },
      {
        "number": "9",
        "name": "David Villa",
        "substituted_in": true,
        "starting_lineup": true
      },
      {
        "number": "10",
        "name": "Arda Turan",
        "substituted_in": true,
        "starting_lineup": true
      },
      {
        "number": "19",
        "name": "Diego Costa",
        "substituted_in": true,
        "starting_lineup": true
      },
      {
        "number": "6",
        "name": "Koke",
        "substituted_in": true,
        "starting_lineup": false
      },
      {
        "number": "8",
        "name": "Raúl García",
        "substituted_in": true,
        "starting_lineup": false
      },
      {
        "number": "26",
        "name": "Diego",
        "substituted_in": true,
        "starting_lineup": false
      }
    ],
    "away_players": [
      {
        "number": "13",
        "name": "Kiko Casilla",
        "substituted_in": true,
        "starting_lineup": true
      },
      {
        "number": "15",
        "name": "Héctor Moreno",
        "substituted_in": true,
        "starting_lineup": true
      },
      {
        "number": "19",
        "name": "Diego Colotto",
        "substituted_in": true,
        "starting_lineup": true
      },
      {
        "number": "18",
        "name": "Juan Rafael Fuentes",
        "substituted_in": true,
        "starting_lineup": true
      },
      {
        "number": "16",
        "name": "Javi López",
        "substituted_in": true,
        "starting_lineup": true
      },
      {
        "number": "14",
        "name": "David López",
        "substituted_in": true,
        "starting_lineup": true
      },
      {
        "number": "4",
        "name": "Víctor Sánchez",
        "substituted_in": true,
        "starting_lineup": true
      },
      {
        "number": "10",
        "name": "Pizzi",
        "substituted_in": true,
        "starting_lineup": true
      },
      {
        "number": "20",
        "name": "Simão",
        "substituted_in": true,
        "starting_lineup": true
      },
      {
        "number": "9",
        "name": "Sergio García",
        "substituted_in": true,
        "starting_lineup": true
      },
      {
        "number": "8",
        "name": "Cristhian Stuani",
        "substituted_in": true,
        "starting_lineup": true
      },
      {
        "number": "22",
        "name": "Álex Fernández",
        "substituted_in": true,
        "starting_lineup": false
      },
      {
        "number": "25",
        "name": "Gabriel Torje",
        "substituted_in": true,
        "starting_lineup": false
      },
      {
        "number": "24",
        "name": "Jhon Córdoba",
        "substituted_in": true,
        "starting_lineup": false
      }
    ]
  },
  {
    "url": "https://www.transfermarkt.pl/atlético-madryt_fk-austria-wiedeń/aufstellung/spielbericht/2367040",
    "match_id": "2367040",
    "date": "śr., 06.11.2013",
    "competition": "Unknown",
    "matchday": "Unknown",
    "home_team": "Atlético Madryt",
    "away_team": "FK Austria Wiedeń",
    "home_players": [
      {
        "number": "13",
        "name": "Thibaut Courtois",
        "substituted_in": true,
        "starting_lineup": true
      },
      {
        "number": "2",
        "name": "Diego Godín",
        "substituted_in": true,
        "starting_lineup": true
      },
      {
        "number": "23",
        "name": "Miranda",
        "substituted_in": true,
        "starting_lineup": true
      },
      {
        "number": "3",
        "name": "Filipe Luís",
        "substituted_in": true,
        "starting_lineup": true
      },
      {
        "number": "20",
        "name": "Juanfran Torres",
        "substituted_in": true,
        "starting_lineup": true
      },
      {
        "number": "5",
        "name": "Tiago Mendes",
        "substituted_in": true,
        "starting_lineup": true
      },
      {
        "number": "14",
        "name": "Gabi",
        "substituted_in": true,
        "starting_lineup": true
      },
      {
        "number": "8",
        "name": "Raúl García",
        "substituted_in": true,
        "starting_lineup": true
      },
      {
        "number": "6",
        "name": "Koke",
        "substituted_in": true,
        "starting_lineup": true
      },
      {
        "number": "7",
        "name": "Adrián López",
        "substituted_in": true,
        "starting_lineup": true
      },
      {
        "number": "19",
        "name": "Diego Costa",
        "substituted_in": true,
        "starting_lineup": true
      },
      {
        "number": "15",
        "name": "Josuha Guilavogui",
        "substituted_in": true,
        "starting_lineup": false
      },
      {
        "number": "16",
        "name": "Óliver Torres",
        "substituted_in": true,
        "starting_lineup": false
      },
      {
        "number": "11",
        "name": "Cristian Rodríguez",
        "substituted_in": true,
        "starting_lineup": false
      }
    ],
    "away_players": [
      {
        "number": "13",
        "name": "Heinz Lindner",
        "substituted_in": true,
        "starting_lineup": true
      },
      {
        "number": "14",
        "name": "Manuel Ortlechner",
        "substituted_in": true,
        "starting_lineup": true
      },
      {
        "number": "15",
        "name": "Christian Ramsebner",
        "substituted_in": true,
        "starting_lineup": true
      },
      {
        "number": "22",
        "name": "Marin Leovac",
        "substituted_in": true,
        "starting_lineup": true
      },
      {
        "number": "30",
        "name": "Fabian Koch",
        "substituted_in": true,
        "starting_lineup": true
      },
      {
        "number": "25",
        "name": "James Holland",
        "substituted_in": true,
        "starting_lineup": true
      },
      {
        "number": "17",
        "name": "Florian Mader",
        "substituted_in": true,
        "starting_lineup": true
      },
      {
        "number": "8",
        "name": "Tomas Simkovic",
        "substituted_in": true,
        "starting_lineup": true
      },
      {
        "number": "28",
        "name": "Daniel Royer",
        "substituted_in": true,
        "starting_lineup": true
      },
      {
        "number": "18",
        "name": "Thomas Murg",
        "substituted_in": true,
        "starting_lineup": true
      },
      {
        "number": "24",
        "name": "Roman Kienast",
        "substituted_in": true,
        "starting_lineup": true
      },
      {
        "number": "27",
        "name": "Emir Dilaver",
        "substituted_in": true,
        "starting_lineup": false
      },
      {
        "number": "29",
        "name": "Markus Suttner",
        "substituted_in": true,
        "starting_lineup": false
      },
      {
        "number": "16",
        "name": "Philipp Hosiner",
        "substituted_in": true,
        "starting_lineup": false
      }
    ]
  },
  {
    "url": "https://www.transfermarkt.pl/celta-de-vigo_atlético-madryt/aufstellung/spielbericht/2341106",
    "match_id": "2341106",
    "date": "sob., 08.03.2014",
    "competition": "LALIGA",
    "matchday": "27. Kolejka",
    "home_team": "Celta de Vigo",
    "away_team": "Atlético Madryt",
    "home_players": [
      {
        "number": "13",
        "name": "Yoel Rodríguez",
        "substituted_in": true,
        "starting_lineup": true
      },
      {
        "number": "3",
        "name": "Andreu Fontàs",
        "substituted_in": true,
        "starting_lineup": true
      },
      {
        "number": "22",
        "name": "Gustavo Cabral",
        "substituted_in": true,
        "starting_lineup": true
      },
      {
        "number": "19",
        "name": "Jonny Otto",
        "substituted_in": true,
        "starting_lineup": true
      },
      {
        "number": "2",
        "name": "Hugo Mallo",
        "substituted_in": true,
        "starting_lineup": true
      },
      {
        "number": "4",
        "name": "Borja Oubiña",
        "substituted_in": true,
        "starting_lineup": true
      },
      {
        "number": "8",
        "name": "Álex López",
        "substituted_in": true,
        "starting_lineup": true
      },
      {
        "number": "23",
        "name": "Michael Krohn-Dehli",
        "substituted_in": true,
        "starting_lineup": true
      },
      {
        "number": "10",
        "name": "Nolito",
        "substituted_in": true,
        "starting_lineup": true
      },
      {
        "number": "14",
        "name": "Fabián Orellana",
        "substituted_in": true,
        "starting_lineup": true
      },
      {
        "number": "11",
        "name": "Charles",
        "substituted_in": true,
        "starting_lineup": true
      },
      {
        "number": "24",
        "name": "Augusto Fernández",
        "substituted_in": true,
        "starting_lineup": false
      },
      {
        "number": "17",
        "name": "Levy Madinda",
        "substituted_in": true,
        "starting_lineup": false
      },
      {
        "number": "29",
        "name": "Santi Mina",
        "substituted_in": true,
        "starting_lineup": false
      }
    ],
    "away_players": [
      {
        "number": "13",
        "name": "Thibaut Courtois",
        "substituted_in": true,
        "starting_lineup": true
      },
      {
        "number": "12",
        "name": "Toby Alderweireld",
        "substituted_in": true,
        "starting_lineup": true
      },
      {
        "number": "23",
        "name": "Miranda",
        "substituted_in": true,
        "starting_lineup": true
      },
      {
        "number": "3",
        "name": "Filipe Luís",
        "substituted_in": true,
        "starting_lineup": true
      },
      {
        "number": "20",
        "name": "Juanfran Torres",
        "substituted_in": true,
        "starting_lineup": true
      },
      {
        "number": "4",
        "name": "Mario Suárez",
        "substituted_in": true,
        "starting_lineup": true
      },
      {
        "number": "14",
        "name": "Gabi",
        "substituted_in": true,
        "starting_lineup": true
      },
      {
        "number": "8",
        "name": "Raúl García",
        "substituted_in": true,
        "starting_lineup": true
      },
      {
        "number": "6",
        "name": "Koke",
        "substituted_in": true,
        "starting_lineup": true
      },
      {
        "number": "26",
        "name": "Diego",
        "substituted_in": true,
        "starting_lineup": true
      },
      {
        "number": "9",
        "name": "David Villa",
        "substituted_in": true,
        "starting_lineup": true
      },
      {
        "number": "11",
        "name": "Cristian Rodríguez",
        "substituted_in": true,
        "starting_lineup": false
      },
      {
        "number": "24",
        "name": "José Sosa",
        "substituted_in": true,
        "starting_lineup": false
      },
      {
        "number": "7",
        "name": "Adrián López",
        "substituted_in": true,
        "starting_lineup": false
      }
    ]
  },
  {
    "url": "https://www.transfermarkt.pl/atlético-madryt_real-madryt/aufstellung/spielbericht/2341103",
    "match_id": "2341103",
    "date": "niedz., 02.03.2014",
    "competition": "LALIGA",
    "matchday": "26. Kolejka",
    "home_team": "Atlético Madryt",
    "away_team": "Real Madryt",
    "home_players": [
      {
        "number": "13",
        "name": "Thibaut Courtois",
        "substituted_in": true,
        "starting_lineup": true
      },
      {
        "number": "2",
        "name": "Diego Godín",
        "substituted_in": true,
        "starting_lineup": true
      },
      {
        "number": "23",
        "name": "Miranda",
        "substituted_in": true,
        "starting_lineup": true
      },
      {
        "number": "3",
        "name": "Filipe Luís",
        "substituted_in": true,
        "starting_lineup": true
      },
      {
        "number": "20",
        "name": "Juanfran Torres",
        "substituted_in": true,
        "starting_lineup": true
      },
      {
        "number": "4",
        "name": "Mario Suárez",
        "substituted_in": true,
        "starting_lineup": true
      },
      {
        "number": "14",
        "name": "Gabi",
        "substituted_in": true,
        "starting_lineup": true
      },
      {
        "number": "6",
        "name": "Koke",
        "substituted_in": true,
        "starting_lineup": true
      },
      {
        "number": "10",
        "name": "Arda Turan",
        "substituted_in": true,
        "starting_lineup": true
      },
      {
        "number": "8",
        "name": "Raúl García",
        "substituted_in": true,
        "starting_lineup": true
      },
      {
        "number": "19",
        "name": "Diego Costa",
        "substituted_in": true,
        "starting_lineup": true
      },
      {
        "number": "11",
        "name": "Cristian Rodríguez",
        "substituted_in": true,
        "starting_lineup": false
      }
    ],
    "away_players": [
      {
        "number": "25",
        "name": "Diego López",
        "substituted_in": true,
        "starting_lineup": true
      },
      {
        "number": "3",
        "name": "Pepe",
        "substituted_in": true,
        "starting_lineup": true
      },
      {
        "number": "4",
        "name": "Sergio Ramos",
        "substituted_in": true,
        "starting_lineup": true
      },
      {
        "number": "5",
        "name": "Fábio Coentrão",
        "substituted_in": true,
        "starting_lineup": true
      },
      {
        "number": "17",
        "name": "Álvaro Arbeloa",
        "substituted_in": true,
        "starting_lineup": true
      },
      {
        "number": "14",
        "name": "Xabi Alonso",
        "substituted_in": true,
        "starting_lineup": true
      },
      {
        "number": "19",
        "name": "Luka Modrić",
        "substituted_in": true,
        "starting_lineup": true
      },
      {
        "number": "22",
        "name": "Ángel Di María",
        "substituted_in": true,
        "starting_lineup": true
      },
      {
        "number": "7",
        "name": "Cristiano Ronaldo",
        "substituted_in": true,
        "starting_lineup": true
      },
      {
        "number": "11",
        "name": "Gareth Bale",
        "substituted_in": true,
        "starting_lineup": true
      },
      {
        "number": "9",
        "name": "Karim Benzema",
        "substituted_in": true,
        "starting_lineup": true
      },
      {
        "number": "12",
        "name": "Marcelo",
        "substituted_in": true,
        "starting_lineup": false
      },
      {
        "number": "15",
        "name": "Daniel Carvajal",
        "substituted_in": true,
        "starting_lineup": false
      },
      {
        "number": "23",
        "name": "Isco",
        "substituted_in": true,
        "starting_lineup": false
      }
    ]
  }
]