[
  {
    "url": "https://www.transfermarkt.pl/atlético-madryt_rcd-espanyol/aufstellung/spielbericht/1036198",
    "match_id": "1036198",
    "date": "sob., 27.11.2010",
    "competition": "LALIGA",
    "matchday": "13. Kolejka",
    "home_team": "Atlético Madryt",
    "away_team": "RCD Espanyol",
    "home_players": [
      {
        "number": "13",
        "name": "David de Gea",
        "substituted_in": true,
        "starting_lineup": true
      },
      {
        "number": "15",
        "name": "Diego Godín",
        "substituted_in": true,
        "starting_lineup": true
      },
      {
        "number": "21",
        "name": "Luis Amaranto Perea",
        "substituted_in": true,
        "starting_lineup": true
      },
      {
        "number": "14",
        "name": "Filipe Luís",
        "substituted_in": true,
        "starting_lineup": true
      },
      {
        "number": "17",
        "name": "Tomas Ujfalusi",
        "substituted_in": true,
        "starting_lineup": true
      },
      {
        "number": "4",
        "name": "Mario Suárez",
        "substituted_in": true,
        "starting_lineup": true
      },
      {
        "number": "5",
        "name": "Tiago Mendes",
        "substituted_in": true,
        "starting_lineup": true
      },
      {
        "number": "20",
        "name": "Simão",
        "substituted_in": true,
        "starting_lineup": true
      },
      {
        "number": "19",
        "name": "José Antonio Reyes",
        "substituted_in": true,
        "starting_lineup": true
      },
      {
        "number": "7",
        "name": "Diego Forlán",
        "substituted_in": true,
        "starting_lineup": true
      },
      {
        "number": "10",
        "name": "Sergio Agüero",
        "substituted_in": true,
        "starting_lineup": true
      },
      {
        "number": "11",
        "name": "Fran Mérida",
        "substituted_in": true,
        "starting_lineup": false
      },
      {
        "number": "8",
        "name": "Raúl García",
        "substituted_in": true,
        "starting_lineup": false
      }
    ],
    "away_players": [
      {
        "number": "1",
        "name": "Carlos Kameni",
        "substituted_in": true,
        "starting_lineup": true
      },
      {
        "number": "18",
        "name": "Juan Forlín",
        "substituted_in": true,
        "starting_lineup": true
      },
      {
        "number": "27",
        "name": "Jordi Amat",
        "substituted_in": true,
        "starting_lineup": true
      },
      {
        "number": "5",
        "name": "Dídac Vilà",
        "substituted_in": true,
        "starting_lineup": true
      },
      {
        "number": "16",
        "name": "Javi López",
        "substituted_in": true,
        "starting_lineup": true
      },
      {
        "number": "7",
        "name": "Raúl Baena",
        "substituted_in": true,
        "starting_lineup": true
      },
      {
        "number": "4",
        "name": "Javi Márquez",
        "substituted_in": true,
        "starting_lineup": true
      },
      {
        "number": "10",
        "name": "Luis García",
        "substituted_in": true,
        "starting_lineup": true
      },
      {
        "number": "11",
        "name": "Joan Verdú",
        "substituted_in": true,
        "starting_lineup": true
      },
      {
        "number": "8",
        "name": "José Callejón",
        "substituted_in": true,
        "starting_lineup": true
      },
      {
        "number": "17",
        "name": "Daniel Osvaldo",
        "substituted_in": true,
        "starting_lineup": true
      },
      {
        "number": "32",
        "name": "Raúl Rodríguez",
        "substituted_in": true,
        "starting_lineup": false
      },
      {
        "number": "23",
        "name": "Jesús Dátolo",
        "substituted_in": true,
        "starting_lineup": false
      },
      {
        "number": "19",
        "name": "Sergio García",
        "substituted_in": true,
        "starting_lineup": false
      }
    ]
  },
  {
    "url": "https://www.transfermarkt.pl/atlético-madryt_bayer-04-leverkusen/aufstellung/spielbericht/1053792",
    "match_id": "1053792",
    "date": "czw., 30.09.2010",
    "competition": "Unknown",
    "matchday": "Unknown",
    "home_team": "Atlético Madryt",
    "away_team": "Bayer 04 Leverkusen",
    "home_players": [
      {
        "number": "13",
        "name": "David de Gea",
        "substituted_in": true,
        "starting_lineup": true
      },
      {
        "number": "18",
        "name": "Álvaro Domínguez",
        "substituted_in": true,
        "starting_lineup": true
      },
      {
        "number": "21",
        "name": "Luis Amaranto Perea",
        "substituted_in": true,
        "starting_lineup": true
      },
      {
        "number": "14",
        "name": "Filipe Luís",
        "substituted_in": true,
        "starting_lineup": true
      },
      {
        "number": "17",
        "name": "Tomas Ujfalusi",
        "substituted_in": true,
        "starting_lineup": true
      },
      {
        "number": "12",
        "name": "Paulo Assunção",
        "substituted_in": true,
        "starting_lineup": true
      },
      {
        "number": "8",
        "name": "Raúl García",
        "substituted_in": true,
        "starting_lineup": true
      },
      {
        "number": "20",
        "name": "Simão",
        "substituted_in": true,
        "starting_lineup": true
      },
      {
        "number": "19",
        "name": "José Antonio Reyes",
        "substituted_in": true,
        "starting_lineup": true
      },
      {
        "number": "7",
        "name": "Diego Forlán",
        "substituted_in": true,
        "starting_lineup": true
      },
      {
        "number": "22",
        "name": "Diego Costa",
        "substituted_in": true,
        "starting_lineup": true
      },
      {
        "number": "11",
        "name": "Fran Mérida",
        "substituted_in": true,
        "starting_lineup": false
      },
      {
        "number": "5",
        "name": "Tiago Mendes",
        "substituted_in": true,
        "starting_lineup": false
      }
    ],
    "away_players": [
      {
        "number": "1",
        "name": "René Adler",
        "substituted_in": true,
        "starting_lineup": true
      },
      {
        "number": "4",
        "name": "Sami Hyypiä",
        "substituted_in": true,
        "starting_lineup": true
      },
      {
        "number": "5",
        "name": "Manuel Friedrich",
        "substituted_in": true,
        "starting_lineup": true
      },
      {
        "number": "24",
        "name": "Michal Kadlec",
        "substituted_in": true,
        "starting_lineup": true
      },
      {
        "number": "2",
        "name": "Daniel Schwaab",
        "substituted_in": true,
        "starting_lineup": true
      },
      {
        "number": "3",
        "name": "Stefan Reinartz",
        "substituted_in": true,
        "starting_lineup": true
      },
      {
        "number": "14",
        "name": "Hanno Balitsch",
        "substituted_in": true,
        "starting_lineup": true
      },
      {
        "number": "23",
        "name": "Arturo Vidal",
        "substituted_in": true,
        "starting_lineup": true
      },
      {
        "number": "7",
        "name": "Tranquillo Barnetta",
        "substituted_in": true,
        "starting_lineup": true
      },
      {
        "number": "18",
        "name": "Sidney Sam",
        "substituted_in": true,
        "starting_lineup": true
      },
      {
        "number": "19",
        "name": "Eren Derdiyok",
        "substituted_in": true,
        "starting_lineup": true
      },
      {
        "number": "6",
        "name": "Simon Rolfes",
        "substituted_in": true,
        "starting_lineup": false
      },
      {
        "number": "8",
        "name": "Lars Bender",
        "substituted_in": true,
        "starting_lineup": false
      },
      {
        "number": "9",
        "name": "Patrick Helmes",
        "substituted_in": true,
        "starting_lineup": false
      }
    ]
  },
  {
    "url": "https://www.transfermarkt.pl/atlético-madryt_rcd-espanyol/aufstellung/spielbericht/1064194",
    "match_id": "1064194",
    "date": "śr., 22.12.2010",
    "competition": "Unknown",
    "matchday": "Unknown",
    "home_team": "Atlético Madryt",
    "away_team": "RCD Espanyol",
    "home_players": [
      {
        "number": "13",
        "name": "David de Gea",
        "substituted_in": true,
        "starting_lineup": true
      },
      {
        "number": "18",
        "name": "Álvaro Domínguez",
        "substituted_in": true,
        "starting_lineup": true
      },
      {
        "number": "21",
        "name": "Luis Amaranto Perea",
        "substituted_in": true,
        "starting_lineup": true
      },
      {
        "number": "14",
        "name": "Filipe Luís",
        "substituted_in": true,
        "starting_lineup": true
      },
      {
        "number": "17",
        "name": "Tomas Ujfalusi",
        "substituted_in": true,
        "starting_lineup": true
      },
      {
        "number": "12",
        "name": "Paulo Assunção",
        "substituted_in": true,
        "starting_lineup": true
      },
      {
        "number": "5",
        "name": "Tiago Mendes",
        "substituted_in": true,
        "starting_lineup": true
      },
      {
        "number": "20",
        "name": "Simão",
        "substituted_in": true,
        "starting_lineup": true
      },
      {
        "number": "19",
        "name": "José Antonio Reyes",
        "substituted_in": true,
        "starting_lineup": true
      },
      {
        "number": "7",
        "name": "Diego Forlán",
        "substituted_in": true,
        "starting_lineup": true
      },
      {
        "number": "10",
        "name": "Sergio Agüero",
        "substituted_in": true,
        "starting_lineup": true
      },
      {
        "number": "11",
        "name": "Fran Mérida",
        "substituted_in": true,
        "starting_lineup": false
      },
      {
        "number": "8",
        "name": "Raúl García",
        "substituted_in": true,
        "starting_lineup": false
      },
      {
        "number": "22",
        "name": "Diego Costa",
        "substituted_in": true,
        "starting_lineup": false
      }
    ],
    "away_players": [
      {
        "number": "25",
        "name": "Cristian Álvarez",
        "substituted_in": true,
        "starting_lineup": true
      },
      {
        "number": "6",
        "name": "Víctor Ruiz",
        "substituted_in": true,
        "starting_lineup": true
      },
      {
        "number": "5",
        "name": "Jordi Amat",
        "substituted_in": true,
        "starting_lineup": true
      },
      {
        "number": "3",
        "name": "David García",
        "substituted_in": true,
        "starting_lineup": true
      },
      {
        "number": "2",
        "name": "Javi Chica",
        "substituted_in": true,
        "starting_lineup": true
      },
      {
        "number": "7",
        "name": "Raúl Baena",
        "substituted_in": true,
        "starting_lineup": true
      },
      {
        "number": "4",
        "name": "Javi Márquez",
        "substituted_in": true,
        "starting_lineup": true
      },
      {
        "number": "11",
        "name": "Joan Verdú",
        "substituted_in": true,
        "starting_lineup": true
      },
      {
        "number": "23",
        "name": "Jesús Dátolo",
        "substituted_in": true,
        "starting_lineup": true
      },
      {
        "number": "19",
        "name": "Sergio García",
        "substituted_in": true,
        "starting_lineup": true
      },
      {
        "number": "17",
        "name": "Daniel Osvaldo",
        "substituted_in": true,
        "starting_lineup": true
      },
      {
        "number": "18",
        "name": "Juan Forlín",
        "substituted_in": true,
        "starting_lineup": false
      },
      {
        "number": "8",
        "name": "José Callejón",
        "substituted_in": true,
        "starting_lineup": false
      },
      {
        "number": "20",
        "name": "Álvaro Vázquez",
        "substituted_in": true,
        "starting_lineup": false
      }
    ]
  },
  {
    "url": "https://www.transfermarkt.pl/athletic-bilbao_atlético-madryt/aufstellung/spielbericht/1036078",
    "match_id": "1036078",
    "date": "sob., 11.09.2010",
    "competition": "LALIGA",
    "matchday": "2. Kolejka",
    "home_team": "Athletic Bilbao",
    "away_team": "Atlético Madryt",
    "home_players": [
      {
        "number": "1",
        "name": "Gorka Iraizoz",
        "substituted_in": true,
        "starting_lineup": true
      },
      {
        "number": "5",
        "name": "Fernando Amorebieta",
        "substituted_in": true,
        "starting_lineup": true
      },
      {
        "number": "6",
        "name": "Mikel San José",
        "substituted_in": true,
        "starting_lineup": true
      },
      {
        "number": "29",
        "name": "Jon Aurtenetxe",
        "substituted_in": true,
        "starting_lineup": true
      },
      {
        "number": "15",
        "name": "Andoni Iraola",
        "substituted_in": true,
        "starting_lineup": true
      },
      {
        "number": "18",
        "name": "Carlos Gurpegui",
        "substituted_in": true,
        "starting_lineup": true
      },
      {
        "number": "24",
        "name": "Javi Martínez",
        "substituted_in": true,
        "starting_lineup": true
      },
      {
        "number": "11",
        "name": "Igor Gabilondo",
        "substituted_in": true,
        "starting_lineup": true
      },
      {
        "number": "14",
        "name": "Markel Susaeta",
        "substituted_in": true,
        "starting_lineup": true
      },
      {
        "number": "2",
        "name": "Gaizka Toquero",
        "substituted_in": true,
        "starting_lineup": true
      },
      {
        "number": "9",
        "name": "Fernando Llorente",
        "substituted_in": true,
        "starting_lineup": true
      },
      {
        "number": "10",
        "name": "Óscar de Marcos",
        "substituted_in": true,
        "starting_lineup": false
      },
      {
        "number": "8",
        "name": "Ander Iturraspe",
        "substituted_in": true,
        "starting_lineup": false
      },
      {
        "number": "27",
        "name": "Iker Muniain",
        "substituted_in": true,
        "starting_lineup": false
      }
    ],
    "away_players": [
      {
        "number": "13",
        "name": "David de Gea",
        "substituted_in": true,
        "starting_lineup": true
      },
      {
        "number": "18",
        "name": "Álvaro Domínguez",
        "substituted_in": true,
        "starting_lineup": true
      },
      {
        "number": "15",
        "name": "Diego Godín",
        "substituted_in": true,
        "starting_lineup": true
      },
      {
        "number": "3",
        "name": "Antonio López",
        "substituted_in": true,
        "starting_lineup": true
      },
      {
        "number": "21",
        "name": "Luis Amaranto Perea",
        "substituted_in": true,
        "starting_lineup": true
      },
      {
        "number": "12",
        "name": "Paulo Assunção",
        "substituted_in": true,
        "starting_lineup": true
      },
      {
        "number": "8",
        "name": "Raúl García",
        "substituted_in": true,
        "starting_lineup": true
      },
      {
        "number": "20",
        "name": "Simão",
        "substituted_in": true,
        "starting_lineup": true
      },
      {
        "number": "19",
        "name": "José Antonio Reyes",
        "substituted_in": true,
        "starting_lineup": true
      },
      {
        "number": "7",
        "name": "Diego Forlán",
        "substituted_in": true,
        "starting_lineup": true
      },
      {
        "number": "10",
        "name": "Sergio Agüero",
        "substituted_in": true,
        "starting_lineup": true
      },
      {
        "number": "4",
        "name": "Mario Suárez",
        "substituted_in": true,
        "starting_lineup": false
      },
      {
        "number": "5",
        "name": "Tiago Mendes",
        "substituted_in": true,
        "starting_lineup": false
      },
      {
        "number": "22",
        "name": "Diego Costa",
        "substituted_in": true,
        "starting_lineup": false
      }
    ]
  },
  {
    "url": "https://www.transfermarkt.pl/valencia-cf_atlético-madryt/aufstellung/spielbericht/1036096",
    "match_id": "1036096",
    "date": "śr., 22.09.2010",
    "competition": "LALIGA",
    "matchday": "4. Kolejka",
    "home_team": "Valencia CF",
    "away_team": "Atlético Madryt",
    "home_players": [
      {
        "number": "1",
        "name": "César Sánchez",
        "substituted_in": true,
        "starting_lineup": true
      },
      {
        "number": "20",
        "name": "Ricardo Costa",
        "substituted_in": true,
        "starting_lineup": true
      },
      {
        "number": "3",
        "name": "Hedwiges Maduro",
        "substituted_in": true,
        "starting_lineup": true
      },
      {
        "number": "22",
        "name": "Jérémy Mathieu",
        "substituted_in": true,
        "starting_lineup": true
      },
      {
        "number": "23",
        "name": "Miguel",
        "substituted_in": true,
        "starting_lineup": true
      },
      {
        "number": "6",
        "name": "David Albelda",
        "substituted_in": true,
        "starting_lineup": true
      },
      {
        "number": "24",
        "name": "Tino Costa",
        "substituted_in": true,
        "starting_lineup": true
      },
      {
        "number": "8",
        "name": "Alejandro Domínguez",
        "substituted_in": true,
        "starting_lineup": true
      },
      {
        "number": "10",
        "name": "Juan Mata",
        "substituted_in": true,
        "starting_lineup": true
      },
      {
        "number": "7",
        "name": "Joaquín",
        "substituted_in": true,
        "starting_lineup": true
      },
      {
        "number": "11",
        "name": "Aritz Aduriz",
        "substituted_in": true,
        "starting_lineup": true
      },
      {
        "number": "28",
        "name": "Jordi Alba",
        "substituted_in": true,
        "starting_lineup": false
      },
      {
        "number": "19",
        "name": "Pablo Hernández",
        "substituted_in": true,
        "starting_lineup": false
      },
      {
        "number": "9",
        "name": "Roberto Soldado",
        "substituted_in": true,
        "starting_lineup": false
      }
    ],
    "away_players": [
      {
        "number": "13",
        "name": "David de Gea",
        "substituted_in": true,
        "starting_lineup": true
      },
      {
        "number": "18",
        "name": "Álvaro Domínguez",
        "substituted_in": true,
        "starting_lineup": true
      },
      {
        "number": "15",
        "name": "Diego Godín",
        "substituted_in": true,
        "starting_lineup": true
      },
      {
        "number": "3",
        "name": "Antonio López",
        "substituted_in": true,
        "starting_lineup": true
      },
      {
        "number": "21",
        "name": "Luis Amaranto Perea",
        "substituted_in": true,
        "starting_lineup": true
      },
      {
        "number": "12",
        "name": "Paulo Assunção",
        "substituted_in": true,
        "starting_lineup": true
      },
      {
        "number": "8",
        "name": "Raúl García",
        "substituted_in": true,
        "starting_lineup": true
      },
      {
        "number": "20",
        "name": "Simão",
        "substituted_in": true,
        "starting_lineup": true
      },
      {
        "number": "19",
        "name": "José Antonio Reyes",
        "substituted_in": true,
        "starting_lineup": true
      },
      {
        "number": "7",
        "name": "Diego Forlán",
        "substituted_in": true,
        "starting_lineup": true
      },
      {
        "number": "22",
        "name": "Diego Costa",
        "substituted_in": true,
        "starting_lineup": true
      },
      {
        "number": "2",
        "name": "Juan Valera",
        "substituted_in": true,
        "starting_lineup": false
      },
      {
        "number": "4",
        "name": "Mario Suárez",
        "substituted_in": true,
        "starting_lineup": false
      },
      {
        "number": "11",
        "name": "Fran Mérida",
        "substituted_in": true,
        "starting_lineup": false
      }
    ]
  },
  {
    "url": "https://www.transfermarkt.pl/real-sociedad_atlético-madryt/aufstellung/spielbericht/1036188",
    "match_id": "1036188",
    "date": "niedz., 21.11.2010",
    "competition": "LALIGA",
    "matchday": "12. Kolejka",
    "home_team": "Real Sociedad",
    "away_team": "Atlético Madryt",
    "home_players": [
      {
        "number": "1",
        "name": "Claudio Bravo",
        "substituted_in": true,
        "starting_lineup": true
      },
      {
        "number": "3",
        "name": "Mikel González",
        "substituted_in": true,
        "starting_lineup": true
      },
      {
        "number": "15",
        "name": "Ion Ansotegi",
        "substituted_in": true,
        "starting_lineup": true
      },
      {
        "number": "24",
        "name": "Alberto de la Bella",
        "substituted_in": true,
        "starting_lineup": true
      },
      {
        "number": "2",
        "name": "Carlos Martínez",
        "substituted_in": true,
        "starting_lineup": true
      },
      {
        "number": "19",
        "name": "Diego Rivas",
        "substituted_in": true,
        "starting_lineup": true
      },
      {
        "number": "11",
        "name": "Mikel Aranburu",
        "substituted_in": true,
        "starting_lineup": true
      },
      {
        "number": "17",
        "name": "David Zurutuza",
        "substituted_in": true,
        "starting_lineup": true
      },
      {
        "number": "7",
        "name": "Antoine Griezmann",
        "substituted_in": true,
        "starting_lineup": true
      },
      {
        "number": "10",
        "name": "Xabi Prieto",
        "substituted_in": true,
        "starting_lineup": true
      },
      {
        "number": "8",
        "name": "Joseba Llorente",
        "substituted_in": true,
        "starting_lineup": true
      },
      {
        "number": "5",
        "name": "Markel Bergara",
        "substituted_in": true,
        "starting_lineup": false
      },
      {
        "number": "14",
        "name": "Jeffrey Sarpong",
        "substituted_in": true,
        "starting_lineup": false
      },
      {
        "number": "20",
        "name": "Raúl Tamudo",
        "substituted_in": true,
        "starting_lineup": false
      }
    ],
    "away_players": [
      {
        "number": "13",
        "name": "David de Gea",
        "substituted_in": true,
        "starting_lineup": true
      },
      {
        "number": "15",
        "name": "Diego Godín",
        "substituted_in": true,
        "starting_lineup": true
      },
      {
        "number": "17",
        "name": "Tomas Ujfalusi",
        "substituted_in": true,
        "starting_lineup": true
      },
      {
        "number": "3",
        "name": "Antonio López",
        "substituted_in": true,
        "starting_lineup": true
      },
      {
        "number": "21",
        "name": "Luis Amaranto Perea",
        "substituted_in": true,
        "starting_lineup": true
      },
      {
        "number": "4",
        "name": "Mario Suárez",
        "substituted_in": true,
        "starting_lineup": true
      },
      {
        "number": "5",
        "name": "Tiago Mendes",
        "substituted_in": true,
        "starting_lineup": true
      },
      {
        "number": "20",
        "name": "Simão",
        "substituted_in": true,
        "starting_lineup": true
      },
      {
        "number": "19",
        "name": "José Antonio Reyes",
        "substituted_in": true,
        "starting_lineup": true
      },
      {
        "number": "7",
        "name": "Diego Forlán",
        "substituted_in": true,
        "starting_lineup": true
      },
      {
        "number": "10",
        "name": "Sergio Agüero",
        "substituted_in": true,
        "starting_lineup": true
      },
      {
        "number": "12",
        "name": "Paulo Assunção",
        "substituted_in": true,
        "starting_lineup": false
      },
      {
        "number": "8",
        "name": "Raúl García",
        "substituted_in": true,
        "starting_lineup": false
      },
      {
        "number": "22",
        "name": "Diego Costa",
        "substituted_in": true,
        "starting_lineup": false
      }
    ]
  },
  {
    "url": "https://www.transfermarkt.pl/atlético-madryt_valencia-cf/aufstellung/spielbericht/1036296",
    "match_id": "1036296",
    "date": "sob., 12.02.2011",
    "competition": "LALIGA",
    "matchday": "23. Kolejka",
    "home_team": "Atlético Madryt",
    "away_team": "Valencia CF",
    "home_players": [
      {
        "number": "13",
        "name": "David de Gea",
        "substituted_in": true,
        "starting_lineup": true
      },
      {
        "number": "15",
        "name": "Diego Godín",
        "substituted_in": true,
        "starting_lineup": true
      },
      {
        "number": "21",
        "name": "Luis Amaranto Perea",
        "substituted_in": true,
        "starting_lineup": true
      },
      {
        "number": "3",
        "name": "Antonio López",
        "substituted_in": true,
        "starting_lineup": true
      },
      {
        "number": "2",
        "name": "Juan Valera",
        "substituted_in": true,
        "starting_lineup": true
      },
      {
        "number": "5",
        "name": "Tiago Mendes",
        "substituted_in": true,
        "starting_lineup": true
      },
      {
        "number": "8",
        "name": "Raúl García",
        "substituted_in": true,
        "starting_lineup": true
      },
      {
        "number": "11",
        "name": "Fran Mérida",
        "substituted_in": true,
        "starting_lineup": true
      },
      {
        "number": "19",
        "name": "José Antonio Reyes",
        "substituted_in": true,
        "starting_lineup": true
      },
      {
        "number": "7",
        "name": "Diego Forlán",
        "substituted_in": true,
        "starting_lineup": true
      },
      {
        "number": "10",
        "name": "Sergio Agüero",
        "substituted_in": true,
        "starting_lineup": true
      },
      {
        "number": "20",
        "name": "Juanfran Torres",
        "substituted_in": true,
        "starting_lineup": false
      },
      {
        "number": "4",
        "name": "Mario Suárez",
        "substituted_in": true,
        "starting_lineup": false
      }
    ],
    "away_players": [
      {
        "number": "13",
        "name": "Vicente Guaita",
        "substituted_in": true,
        "starting_lineup": true
      },
      {
        "number": "17",
        "name": "Marius Stankevicius",
        "substituted_in": true,
        "starting_lineup": true
      },
      {
        "number": "20",
        "name": "Ricardo Costa",
        "substituted_in": true,
        "starting_lineup": true
      },
      {
        "number": "3",
        "name": "Hedwiges Maduro",
        "substituted_in": true,
        "starting_lineup": true
      },
      {
        "number": "28",
        "name": "Jordi Alba",
        "substituted_in": true,
        "starting_lineup": true
      },
      {
        "number": "2",
        "name": "Bruno Saltor",
        "substituted_in": true,
        "starting_lineup": true
      },
      {
        "number": "5",
        "name": "Mehmet Topal",
        "substituted_in": true,
        "starting_lineup": true
      },
      {
        "number": "24",
        "name": "Tino Costa",
        "substituted_in": true,
        "starting_lineup": true
      },
      {
        "number": "19",
        "name": "Pablo Hernández",
        "substituted_in": true,
        "starting_lineup": true
      },
      {
        "number": "7",
        "name": "Joaquín",
        "substituted_in": true,
        "starting_lineup": true
      },
      {
        "number": "9",
        "name": "Roberto Soldado",
        "substituted_in": true,
        "starting_lineup": true
      },
      {
        "number": "4",
        "name": "David Navarro",
        "substituted_in": true,
        "starting_lineup": false
      },
      {
        "number": "23",
        "name": "Miguel",
        "substituted_in": true,
        "starting_lineup": false
      },
      {
        "number": "11",
        "name": "Aritz Aduriz",
        "substituted_in": true,
        "starting_lineup": false
      }
    ]
  },
  {
    "url": "https://www.transfermarkt.pl/atlético-madryt_rcd-mallorca/aufstellung/spielbericht/1036261",
    "match_id": "1036261",
    "date": "pon., 17.01.2011",
    "competition": "LALIGA",
    "matchday": "19. Kolejka",
    "home_team": "Atlético Madryt",
    "away_team": "RCD Mallorca",
    "home_players": [
      {
        "number": "13",
        "name": "David de Gea",
        "substituted_in": true,
        "starting_lineup": true
      },
      {
        "number": "15",
        "name": "Diego Godín",
        "substituted_in": true,
        "starting_lineup": true
      },
      {
        "number": "17",
        "name": "Tomas Ujfalusi",
        "substituted_in": true,
        "starting_lineup": true
      },
      {
        "number": "3",
        "name": "Antonio López",
        "substituted_in": true,
        "starting_lineup": true
      },
      {
        "number": "2",
        "name": "Juan Valera",
        "substituted_in": true,
        "starting_lineup": true
      },
      {
        "number": "12",
        "name": "Paulo Assunção",
        "substituted_in": true,
        "starting_lineup": true
      },
      {
        "number": "5",
        "name": "Tiago Mendes",
        "substituted_in": true,
        "starting_lineup": true
      },
      {
        "number": "11",
        "name": "Fran Mérida",
        "substituted_in": true,
        "starting_lineup": true
      },
      {
        "number": "9",
        "name": "Elias",
        "substituted_in": true,
        "starting_lineup": true
      },
      {
        "number": "19",
        "name": "José Antonio Reyes",
        "substituted_in": true,
        "starting_lineup": true
      },
      {
        "number": "7",
        "name": "Diego Forlán",
        "substituted_in": true,
        "starting_lineup": true
      },
      {
        "number": "14",
        "name": "Filipe Luís",
        "substituted_in": true,
        "starting_lineup": false
      },
      {
        "number": "20",
        "name": "Juanfran Torres",
        "substituted_in": true,
        "starting_lineup": false
      },
      {
        "number": "22",
        "name": "Diego Costa",
        "substituted_in": true,
        "starting_lineup": false
      }
    ],
    "away_players": [
      {
        "number": "13",
        "name": "Dudu Aouate",
        "substituted_in": true,
        "starting_lineup": true
      },
      {
        "number": "5",
        "name": "Rubén González",
        "substituted_in": true,
        "starting_lineup": true
      },
      {
        "number": "16",
        "name": "José Nunes",
        "substituted_in": true,
        "starting_lineup": true
      },
      {
        "number": "29",
        "name": "Kevin García",
        "substituted_in": true,
        "starting_lineup": true
      },
      {
        "number": "22",
        "name": "Pau Cendrós",
        "substituted_in": true,
        "starting_lineup": true
      },
      {
        "number": "3",
        "name": "João Victor",
        "substituted_in": true,
        "starting_lineup": true
      },
      {
        "number": "20",
        "name": "Jonathan de Guzmán",
        "substituted_in": true,
        "starting_lineup": true
      },
      {
        "number": "8",
        "name": "Emilio Nsue",
        "substituted_in": true,
        "starting_lineup": true
      },
      {
        "number": "7",
        "name": "Michaël Pereira",
        "substituted_in": true,
        "starting_lineup": true
      },
      {
        "number": "9",
        "name": "Pierre Webó",
        "substituted_in": true,
        "starting_lineup": true
      },
      {
        "number": "18",
        "name": "Víctor Casadesús",
        "substituted_in": true,
        "starting_lineup": true
      },
      {
        "number": "11",
        "name": "Chory Castro",
        "substituted_in": true,
        "starting_lineup": false
      },
      {
        "number": "10",
        "name": "Fernando Cavenaghi",
        "substituted_in": true,
        "starting_lineup": false
      }
    ]
  },
  {
    "url": "https://www.transfermarkt.pl/getafe-cf_atlético-madryt/aufstellung/spielbericht/1036325",
    "match_id": "1036325",
    "date": "śr., 02.03.2011",
    "competition": "LALIGA",
    "matchday": "26. Kolejka",
    "home_team": "Getafe CF",
    "away_team": "Atlético Madryt",
    "home_players": [
      {
        "number": "13",
        "name": "Jordi Codina",
        "substituted_in": true,
        "starting_lineup": true
      },
      {
        "number": "2",
        "name": "Cata Díaz",
        "substituted_in": true,
        "starting_lineup": true
      },
      {
        "number": "15",
        "name": "Rafa López",
        "substituted_in": true,
        "starting_lineup": true
      },
      {
        "number": "3",
        "name": "Mané",
        "substituted_in": true,
        "starting_lineup": true
      },
      {
        "number": "24",
        "name": "Miguel Torres",
        "substituted_in": true,
        "starting_lineup": true
      },
      {
        "number": "17",
        "name": "Víctor Sánchez",
        "substituted_in": true,
        "starting_lineup": true
      },
      {
        "number": "11",
        "name": "Dani Parejo",
        "substituted_in": true,
        "starting_lineup": true
      },
      {
        "number": "8",
        "name": "Jaime Gavilán",
        "substituted_in": true,
        "starting_lineup": true
      },
      {
        "number": "14",
        "name": "Manu del Moral",
        "substituted_in": true,
        "starting_lineup": true
      },
      {
        "number": "9",
        "name": "Adrián Colunga",
        "substituted_in": true,
        "starting_lineup": true
      },
      {
        "number": "7",
        "name": "Miku",
        "substituted_in": true,
        "starting_lineup": true
      },
      {
        "number": "23",
        "name": "Iván Marcano",
        "substituted_in": true,
        "starting_lineup": false
      },
      {
        "number": "22",
        "name": "Javi Casquero",
        "substituted_in": true,
        "starting_lineup": false
      },
      {
        "number": "18",
        "name": "Derek Boateng",
        "substituted_in": true,
        "starting_lineup": false
      }
    ],
    "away_players": [
      {
        "number": "13",
        "name": "David de Gea",
        "substituted_in": true,
        "starting_lineup": true
      },
      {
        "number": "15",
        "name": "Diego Godín",
        "substituted_in": true,
        "starting_lineup": true
      },
      {
        "number": "21",
        "name": "Luis Amaranto Perea",
        "substituted_in": true,
        "starting_lineup": true
      },
      {
        "number": "3",
        "name": "Antonio López",
        "substituted_in": true,
        "starting_lineup": true
      },
      {
        "number": "2",
        "name": "Juan Valera",
        "substituted_in": true,
        "starting_lineup": true
      },
      {
        "number": "5",
        "name": "Tiago Mendes",
        "substituted_in": true,
        "starting_lineup": true
      },
      {
        "number": "8",
        "name": "Raúl García",
        "substituted_in": true,
        "starting_lineup": true
      },
      {
        "number": "32",
        "name": "Koke",
        "substituted_in": true,
        "starting_lineup": true
      },
      {
        "number": "19",
        "name": "José Antonio Reyes",
        "substituted_in": true,
        "starting_lineup": true
      },
      {
        "number": "7",
        "name": "Diego Forlán",
        "substituted_in": true,
        "starting_lineup": true
      },
      {
        "number": "10",
        "name": "Sergio Agüero",
        "substituted_in": true,
        "starting_lineup": true
      },
      {
        "number": "20",
        "name": "Juanfran Torres",
        "substituted_in": true,
        "starting_lineup": false
      },
      {
        "number": "4",
        "name": "Mario Suárez",
        "substituted_in": true,
        "starting_lineup": false
      },
      {
        "number": "9",
        "name": "Elias",
        "substituted_in": true,
        "starting_lineup": false
      }
    ]
  },
  {
    "url": "https://www.transfermarkt.pl/atlético-madryt_aris-saloniki/aufstellung/spielbericht/1053842",
    "match_id": "1053842",
    "date": "śr., 01.12.2010",
    "competition": "Unknown",
    "matchday": "Unknown",
    "home_team": "Atlético Madryt",
    "away_team": "Aris Saloniki",
    "home_players": [
      {
        "number": "13",
        "name": "David de Gea",
        "substituted_in": true,
        "starting_lineup": true
      },
      {
        "number": "18",
        "name": "Álvaro Domínguez",
        "substituted_in": true,
        "starting_lineup": true
      },
      {
        "number": "15",
        "name": "Diego Godín",
        "substituted_in": true,
        "starting_lineup": true
      },
      {
        "number": "3",
        "name": "Antonio López",
        "substituted_in": true,
        "starting_lineup": true
      },
      {
        "number": "17",
        "name": "Tomas Ujfalusi",
        "substituted_in": true,
        "starting_lineup": true
      },
      {
        "number": "4",
        "name": "Mario Suárez",
        "substituted_in": true,
        "starting_lineup": true
      },
      {
        "number": "5",
        "name": "Tiago Mendes",
        "substituted_in": true,
        "starting_lineup": true
      },
      {
        "number": "20",
        "name": "Simão",
        "substituted_in": true,
        "starting_lineup": true
      },
      {
        "number": "19",
        "name": "José Antonio Reyes",
        "substituted_in": true,
        "starting_lineup": true
      },
      {
        "number": "7",
        "name": "Diego Forlán",
        "substituted_in": true,
        "starting_lineup": true
      },
      {
        "number": "10",
        "name": "Sergio Agüero",
        "substituted_in": true,
        "starting_lineup": true
      },
      {
        "number": "11",
        "name": "Fran Mérida",
        "substituted_in": true,
        "starting_lineup": false
      },
      {
        "number": "8",
        "name": "Raúl García",
        "substituted_in": true,
        "starting_lineup": false
      },
      {
        "number": "22",
        "name": "Diego Costa",
        "substituted_in": true,
        "starting_lineup": false
      }
    ],
    "away_players": [
      {
        "number": "13",
        "name": "Michalis Sifakis",
        "substituted_in": true,
        "starting_lineup": true
      },
      {
        "number": "24",
        "name": "Nikolaos Lazaridis",
        "substituted_in": true,
        "starting_lineup": true
      },
      {
        "number": "3",
        "name": "Oriol Lozano",
        "substituted_in": true,
        "starting_lineup": true
      },
      {
        "number": "16",
        "name": "Michel",
        "substituted_in": true,
        "starting_lineup": true
      },
      {
        "number": "32",
        "name": "Kristi Vangjeli",
        "substituted_in": true,
        "starting_lineup": true
      },
      {
        "number": "14",
        "name": "Ricardo Faty",
        "substituted_in": true,
        "starting_lineup": true
      },
      {
        "number": "8",
        "name": "Juan Carlos Toja",
        "substituted_in": true,
        "starting_lineup": true
      },
      {
        "number": "20",
        "name": "Javito",
        "substituted_in": true,
        "starting_lineup": true
      },
      {
        "number": "19",
        "name": "Konstantinos Mendrinos",
        "substituted_in": true,
        "starting_lineup": true
      },
      {
        "number": "10",
        "name": "Koke",
        "substituted_in": true,
        "starting_lineup": true
      },
      {
        "number": "9",
        "name": "Danijel Cesarec",
        "substituted_in": true,
        "starting_lineup": true
      },
      {
        "number": "17",
        "name": "Konstantinos Kaznaferis",
        "substituted_in": true,
        "starting_lineup": false
      },
      {
        "number": "55",
        "name": "Athanasios Prittas",
        "substituted_in": true,
        "starting_lineup": false
      },
      {
        "number": "11",
        "name": "Carlos Ruiz",
        "substituted_in": true,
        "starting_lineup": false
      }
    ]
  }
]