[
  {
    "url": "https://www.transfermarkt.pl/celta-de-vigo_atlético-madryt/aufstellung/spielbericht/2656742",
    "match_id": "2656742",
    "date": "śr., 20.01.2016",
    "competition": "Unknown",
    "matchday": "Unknown",
    "home_team": "Celta de Vigo",
    "away_team": "Atlético Madryt",
    "home_players": [
      {
        "number": "13",
        "name": "Rubén Blanco",
        "substituted_in": true,
        "starting_lineup": true
      },
      {
        "number": "20",
        "name": "Sergi Gómez",
        "substituted_in": true,
        "starting_lineup": true
      },
      {
        "number": "22",
        "name": "Gustavo Cabral",
        "substituted_in": true,
        "starting_lineup": true
      },
      {
        "number": "21",
        "name": "Carles Planas",
        "substituted_in": true,
        "starting_lineup": true
      },
      {
        "number": "19",
        "name": "Jonny Otto",
        "substituted_in": true,
        "starting_lineup": true
      },
      {
        "number": "6",
        "name": "Nemanja Radoja",
        "substituted_in": true,
        "starting_lineup": true
      },
      {
        "number": "8",
        "name": "Pablo Hernández",
        "substituted_in": true,
        "starting_lineup": true
      },
      {
        "number": "18",
        "name": "Daniel Wass",
        "substituted_in": true,
        "starting_lineup": true
      },
      {
        "number": "9",
        "name": "Iago Aspas",
        "substituted_in": true,
        "starting_lineup": true
      },
      {
        "number": "14",
        "name": "Fabián Orellana",
        "substituted_in": true,
        "starting_lineup": true
      },
      {
        "number": "11",
        "name": "John Guidetti",
        "substituted_in": true,
        "starting_lineup": true
      },
      {
        "number": "2",
        "name": "Hugo Mallo",
        "substituted_in": true,
        "starting_lineup": false
      },
      {
        "number": "28",
        "name": "Borja Fernández",
        "substituted_in": true,
        "starting_lineup": false
      },
      {
        "number": "12",
        "name": "Claudio Beauvue",
        "substituted_in": true,
        "starting_lineup": false
      }
    ],
    "away_players": [
      {
        "number": "1",
        "name": "Miguel Ángel Moyá",
        "substituted_in": true,
        "starting_lineup": true
      },
      {
        "number": "2",
        "name": "Diego Godín",
        "substituted_in": true,
        "starting_lineup": true
      },
      {
        "number": "15",
        "name": "Stefan Savic",
        "substituted_in": true,
        "starting_lineup": true
      },
      {
        "number": "3",
        "name": "Filipe Luís",
        "substituted_in": true,
        "starting_lineup": true
      },
      {
        "number": "18",
        "name": "Jesús Gámez",
        "substituted_in": true,
        "starting_lineup": true
      },
      {
        "number": "12",
        "name": "Augusto Fernández",
        "substituted_in": true,
        "starting_lineup": true
      },
      {
        "number": "14",
        "name": "Gabi",
        "substituted_in": true,
        "starting_lineup": true
      },
      {
        "number": "6",
        "name": "Koke",
        "substituted_in": true,
        "starting_lineup": true
      },
      {
        "number": "21",
        "name": "Yannick Carrasco",
        "substituted_in": true,
        "starting_lineup": true
      },
      {
        "number": "7",
        "name": "Antoine Griezmann",
        "substituted_in": true,
        "starting_lineup": true
      },
      {
        "number": "11",
        "name": "Jackson Martínez",
        "substituted_in": true,
        "starting_lineup": true
      },
      {
        "number": "22",
        "name": "Thomas Partey",
        "substituted_in": true,
        "starting_lineup": false
      },
      {
        "number": "16",
        "name": "Ángel Correa",
        "substituted_in": true,
        "starting_lineup": false
      },
      {
        "number": "23",
        "name": "Luciano Vietto",
        "substituted_in": true,
        "starting_lineup": false
      }
    ]
  },
  {
    "url": "https://www.transfermarkt.pl/atlético-madryt_fc-astana/aufstellung/spielbericht/2618590",
    "match_id": "2618590",
    "date": "śr., 21.10.2015",
    "competition": "Unknown",
    "matchday": "Unknown",
    "home_team": "Atlético Madryt",
    "away_team": "FC Astana",
    "home_players": [
      {
        "number": "13",
        "name": "Jan Oblak",
        "substituted_in": true,
        "starting_lineup": true
      },
      {
        "number": "2",
        "name": "Diego Godín",
        "substituted_in": true,
        "starting_lineup": true
      },
      {
        "number": "15",
        "name": "Stefan Savic",
        "substituted_in": true,
        "starting_lineup": true
      },
      {
        "number": "4",
        "name": "Guilherme Siqueira",
        "substituted_in": true,
        "starting_lineup": true
      },
      {
        "number": "20",
        "name": "Juanfran Torres",
        "substituted_in": true,
        "starting_lineup": true
      },
      {
        "number": "5",
        "name": "Tiago Mendes",
        "substituted_in": true,
        "starting_lineup": true
      },
      {
        "number": "14",
        "name": "Gabi",
        "substituted_in": true,
        "starting_lineup": true
      },
      {
        "number": "17",
        "name": "Saúl Ñíguez",
        "substituted_in": true,
        "starting_lineup": true
      },
      {
        "number": "21",
        "name": "Yannick Carrasco",
        "substituted_in": true,
        "starting_lineup": true
      },
      {
        "number": "7",
        "name": "Antoine Griezmann",
        "substituted_in": true,
        "starting_lineup": true
      },
      {
        "number": "11",
        "name": "Jackson Martínez",
        "substituted_in": true,
        "starting_lineup": true
      },
      {
        "number": "10",
        "name": "Óliver Torres",
        "substituted_in": true,
        "starting_lineup": false
      },
      {
        "number": "16",
        "name": "Ángel Correa",
        "substituted_in": true,
        "starting_lineup": false
      },
      {
        "number": "9",
        "name": "Fernando Torres",
        "substituted_in": true,
        "starting_lineup": false
      }
    ],
    "away_players": [
      {
        "number": "1",
        "name": "Nenad Eric",
        "substituted_in": true,
        "starting_lineup": true
      },
      {
        "number": "2",
        "name": "Eldos Akhmetov",
        "substituted_in": true,
        "starting_lineup": true
      },
      {
        "number": "33",
        "name": "Branko Ilic",
        "substituted_in": true,
        "starting_lineup": true
      },
      {
        "number": "44",
        "name": "Evgeniy Postnikov",
        "substituted_in": true,
        "starting_lineup": true
      },
      {
        "number": "24",
        "name": "Denys Dedechko",
        "substituted_in": true,
        "starting_lineup": true
      },
      {
        "number": "8",
        "name": "Georgiy Zhukov",
        "substituted_in": true,
        "starting_lineup": true
      },
      {
        "number": "15",
        "name": "Abzal Beysebekov",
        "substituted_in": true,
        "starting_lineup": true
      },
      {
        "number": "10",
        "name": "Foxi Kethevoama",
        "substituted_in": true,
        "starting_lineup": true
      },
      {
        "number": "11",
        "name": "Serikzhan Muzhikov",
        "substituted_in": true,
        "starting_lineup": true
      },
      {
        "number": "89",
        "name": "Junior Kabananga",
        "substituted_in": true,
        "starting_lineup": true
      },
      {
        "number": "9",
        "name": "Aleksey Shchetkin",
        "substituted_in": true,
        "starting_lineup": true
      },
      {
        "number": "28",
        "name": "Birzhan Kulbekov",
        "substituted_in": true,
        "starting_lineup": false
      },
      {
        "number": "12",
        "name": "Igor Pikalkin",
        "substituted_in": true,
        "starting_lineup": false
      },
      {
        "number": "20",
        "name": "Zhakyp Kozhamberdy",
        "substituted_in": true,
        "starting_lineup": false
      }
    ]
  },
  {
    "url": "https://www.transfermarkt.pl/atlético-madryt_bayern-monachium/aufstellung/spielbericht/2682240",
    "match_id": "2682240",
    "date": "śr., 27.04.2016",
    "competition": "Unknown",
    "matchday": "Unknown",
    "home_team": "Atlético Madryt",
    "away_team": "Bayern Monachium",
    "home_players": [
      {
        "number": "13",
        "name": "Jan Oblak",
        "substituted_in": true,
        "starting_lineup": true
      },
      {
        "number": "15",
        "name": "Stefan Savic",
        "substituted_in": true,
        "starting_lineup": true
      },
      {
        "number": "24",
        "name": "José María Giménez",
        "substituted_in": true,
        "starting_lineup": true
      },
      {
        "number": "3",
        "name": "Filipe Luís",
        "substituted_in": true,
        "starting_lineup": true
      },
      {
        "number": "20",
        "name": "Juanfran Torres",
        "substituted_in": true,
        "starting_lineup": true
      },
      {
        "number": "14",
        "name": "Gabi",
        "substituted_in": true,
        "starting_lineup": true
      },
      {
        "number": "12",
        "name": "Augusto Fernández",
        "substituted_in": true,
        "starting_lineup": true
      },
      {
        "number": "17",
        "name": "Saúl Ñíguez",
        "substituted_in": true,
        "starting_lineup": true
      },
      {
        "number": "6",
        "name": "Koke",
        "substituted_in": true,
        "starting_lineup": true
      },
      {
        "number": "7",
        "name": "Antoine Griezmann",
        "substituted_in": true,
        "starting_lineup": true
      },
      {
        "number": "9",
        "name": "Fernando Torres",
        "substituted_in": true,
        "starting_lineup": true
      },
      {
        "number": "22",
        "name": "Thomas Partey",
        "substituted_in": true,
        "starting_lineup": false
      }
    ],
    "away_players": [
      {
        "number": "1",
        "name": "Manuel Neuer",
        "substituted_in": true,
        "starting_lineup": true
      },
      {
        "number": "27",
        "name": "David Alaba",
        "substituted_in": true,
        "starting_lineup": true
      },
      {
        "number": "8",
        "name": "Javi Martínez",
        "substituted_in": true,
        "starting_lineup": true
      },
      {
        "number": "18",
        "name": "Juan Bernat",
        "substituted_in": true,
        "starting_lineup": true
      },
      {
        "number": "21",
        "name": "Philipp Lahm",
        "substituted_in": true,
        "starting_lineup": true
      },
      {
        "number": "14",
        "name": "Xabi Alonso",
        "substituted_in": true,
        "starting_lineup": true
      },
      {
        "number": "6",
        "name": "Thiago Alcántara",
        "substituted_in": true,
        "starting_lineup": true
      },
      {
        "number": "23",
        "name": "Arturo Vidal",
        "substituted_in": true,
        "starting_lineup": true
      },
      {
        "number": "11",
        "name": "Douglas Costa",
        "substituted_in": true,
        "starting_lineup": true
      },
      {
        "number": "29",
        "name": "Kingsley Coman",
        "substituted_in": true,
        "starting_lineup": true
      },
      {
        "number": "9",
        "name": "Robert Lewandowski",
        "substituted_in": true,
        "starting_lineup": true
      },
      {
        "number": "5",
        "name": "Medhi Benatia",
        "substituted_in": true,
        "starting_lineup": false
      },
      {
        "number": "7",
        "name": "Franck Ribéry",
        "substituted_in": true,
        "starting_lineup": false
      },
      {
        "number": "25",
        "name": "Thomas Müller",
        "substituted_in": true,
        "starting_lineup": false
      }
    ]
  },
  {
    "url": "https://www.transfermarkt.pl/atlético-madryt_valencia-cf/aufstellung/spielbericht/2594556",
    "match_id": "2594556",
    "date": "niedz., 25.10.2015",
    "competition": "LALIGA",
    "matchday": "9. Kolejka",
    "home_team": "Atlético Madryt",
    "away_team": "Valencia CF",
    "home_players": [
      {
        "number": "13",
        "name": "Jan Oblak",
        "substituted_in": true,
        "starting_lineup": true
      },
      {
        "number": "2",
        "name": "Diego Godín",
        "substituted_in": true,
        "starting_lineup": true
      },
      {
        "number": "24",
        "name": "José María Giménez",
        "substituted_in": true,
        "starting_lineup": true
      },
      {
        "number": "3",
        "name": "Filipe Luís",
        "substituted_in": true,
        "starting_lineup": true
      },
      {
        "number": "20",
        "name": "Juanfran Torres",
        "substituted_in": true,
        "starting_lineup": true
      },
      {
        "number": "5",
        "name": "Tiago Mendes",
        "substituted_in": true,
        "starting_lineup": true
      },
      {
        "number": "14",
        "name": "Gabi",
        "substituted_in": true,
        "starting_lineup": true
      },
      {
        "number": "6",
        "name": "Koke",
        "substituted_in": true,
        "starting_lineup": true
      },
      {
        "number": "21",
        "name": "Yannick Carrasco",
        "substituted_in": true,
        "starting_lineup": true
      },
      {
        "number": "7",
        "name": "Antoine Griezmann",
        "substituted_in": true,
        "starting_lineup": true
      },
      {
        "number": "11",
        "name": "Jackson Martínez",
        "substituted_in": true,
        "starting_lineup": true
      },
      {
        "number": "10",
        "name": "Óliver Torres",
        "substituted_in": true,
        "starting_lineup": false
      },
      {
        "number": "16",
        "name": "Ángel Correa",
        "substituted_in": true,
        "starting_lineup": false
      },
      {
        "number": "9",
        "name": "Fernando Torres",
        "substituted_in": true,
        "starting_lineup": false
      }
    ],
    "away_players": [
      {
        "number": "24",
        "name": "Jaume Doménech",
        "substituted_in": true,
        "starting_lineup": true
      },
      {
        "number": "4",
        "name": "Aderllan Santos",
        "substituted_in": true,
        "starting_lineup": true
      },
      {
        "number": "5",
        "name": "Shkodran Mustafi",
        "substituted_in": true,
        "starting_lineup": true
      },
      {
        "number": "14",
        "name": "José Gayà",
        "substituted_in": true,
        "starting_lineup": true
      },
      {
        "number": "2",
        "name": "João Cancelo",
        "substituted_in": true,
        "starting_lineup": true
      },
      {
        "number": "12",
        "name": "Danilo Barbosa",
        "substituted_in": true,
        "starting_lineup": true
      },
      {
        "number": "15",
        "name": "Enzo Pérez",
        "substituted_in": true,
        "starting_lineup": true
      },
      {
        "number": "21",
        "name": "André Gomes",
        "substituted_in": true,
        "starting_lineup": true
      },
      {
        "number": "10",
        "name": "Dani Parejo",
        "substituted_in": true,
        "starting_lineup": true
      },
      {
        "number": "22",
        "name": "Santi Mina",
        "substituted_in": true,
        "starting_lineup": true
      },
      {
        "number": "17",
        "name": "Rodrigo",
        "substituted_in": true,
        "starting_lineup": true
      },
      {
        "number": "11",
        "name": "Pablo Piatti",
        "substituted_in": true,
        "starting_lineup": false
      },
      {
        "number": "16",
        "name": "Zakaria Bakkali",
        "substituted_in": true,
        "starting_lineup": false
      },
      {
        "number": "9",
        "name": "Paco Alcácer",
        "substituted_in": true,
        "starting_lineup": false
      }
    ]
  },
  {
    "url": "https://www.transfermarkt.pl/rayo-vallecano_atlético-madryt/aufstellung/spielbericht/2594640",
    "match_id": "2594640",
    "date": "śr., 30.12.2015",
    "competition": "LALIGA",
    "matchday": "17. Kolejka",
    "home_team": "Rayo Vallecano",
    "away_team": "Atlético Madryt",
    "home_players": [
      {
        "number": "25",
        "name": "Yoel Rodríguez",
        "substituted_in": true,
        "starting_lineup": true
      },
      {
        "number": "5",
        "name": "Chechu Dorado",
        "substituted_in": true,
        "starting_lineup": true
      },
      {
        "number": "18",
        "name": "Zé Castro",
        "substituted_in": true,
        "starting_lineup": true
      },
      {
        "number": "17",
        "name": "Quini",
        "substituted_in": true,
        "starting_lineup": true
      },
      {
        "number": "27",
        "name": "Diego Llorente",
        "substituted_in": true,
        "starting_lineup": true
      },
      {
        "number": "10",
        "name": "Roberto Trashorras",
        "substituted_in": true,
        "starting_lineup": true
      },
      {
        "number": "21",
        "name": "Jozabed Sánchez",
        "substituted_in": true,
        "starting_lineup": true
      },
      {
        "number": "14",
        "name": "Pablo Hernández",
        "substituted_in": true,
        "starting_lineup": true
      },
      {
        "number": "19",
        "name": "Lass Bangoura",
        "substituted_in": true,
        "starting_lineup": true
      },
      {
        "number": "9",
        "name": "Manucho",
        "substituted_in": true,
        "starting_lineup": true
      },
      {
        "number": "24",
        "name": "Javi Guerra",
        "substituted_in": true,
        "starting_lineup": true
      },
      {
        "number": "16",
        "name": "Chengdong Zhang",
        "substituted_in": true,
        "starting_lineup": false
      },
      {
        "number": "23",
        "name": "Bebé",
        "substituted_in": true,
        "starting_lineup": false
      },
      {
        "number": "7",
        "name": "Miku",
        "substituted_in": true,
        "starting_lineup": false
      }
    ],
    "away_players": [
      {
        "number": "13",
        "name": "Jan Oblak",
        "substituted_in": true,
        "starting_lineup": true
      },
      {
        "number": "2",
        "name": "Diego Godín",
        "substituted_in": true,
        "starting_lineup": true
      },
      {
        "number": "24",
        "name": "José María Giménez",
        "substituted_in": true,
        "starting_lineup": true
      },
      {
        "number": "18",
        "name": "Jesús Gámez",
        "substituted_in": true,
        "starting_lineup": true
      },
      {
        "number": "20",
        "name": "Juanfran Torres",
        "substituted_in": true,
        "starting_lineup": true
      },
      {
        "number": "17",
        "name": "Saúl Ñíguez",
        "substituted_in": true,
        "starting_lineup": true
      },
      {
        "number": "6",
        "name": "Koke",
        "substituted_in": true,
        "starting_lineup": true
      },
      {
        "number": "10",
        "name": "Óliver Torres",
        "substituted_in": true,
        "starting_lineup": true
      },
      {
        "number": "21",
        "name": "Yannick Carrasco",
        "substituted_in": true,
        "starting_lineup": true
      },
      {
        "number": "7",
        "name": "Antoine Griezmann",
        "substituted_in": true,
        "starting_lineup": true
      },
      {
        "number": "9",
        "name": "Fernando Torres",
        "substituted_in": true,
        "starting_lineup": true
      },
      {
        "number": "22",
        "name": "Thomas Partey",
        "substituted_in": true,
        "starting_lineup": false
      },
      {
        "number": "16",
        "name": "Ángel Correa",
        "substituted_in": true,
        "starting_lineup": false
      },
      {
        "number": "11",
        "name": "Jackson Martínez",
        "substituted_in": true,
        "starting_lineup": false
      }
    ]
  },
  {
    "url": "https://www.transfermarkt.pl/atlético-madryt_sd-eibar/aufstellung/spielbericht/2594694",
    "match_id": "2594694",
    "date": "sob., 06.02.2016",
    "competition": "LALIGA",
    "matchday": "23. Kolejka",
    "home_team": "Atlético Madryt",
    "away_team": "SD Eibar",
    "home_players": [
      {
        "number": "13",
        "name": "Jan Oblak",
        "substituted_in": true,
        "starting_lineup": true
      },
      {
        "number": "24",
        "name": "José María Giménez",
        "substituted_in": true,
        "starting_lineup": true
      },
      {
        "number": "17",
        "name": "Saúl Ñíguez",
        "substituted_in": true,
        "starting_lineup": true
      },
      {
        "number": "19",
        "name": "Lucas Hernández",
        "substituted_in": true,
        "starting_lineup": true
      },
      {
        "number": "18",
        "name": "Jesús Gámez",
        "substituted_in": true,
        "starting_lineup": true
      },
      {
        "number": "22",
        "name": "Thomas Partey",
        "substituted_in": true,
        "starting_lineup": true
      },
      {
        "number": "14",
        "name": "Gabi",
        "substituted_in": true,
        "starting_lineup": true
      },
      {
        "number": "6",
        "name": "Koke",
        "substituted_in": true,
        "starting_lineup": true
      },
      {
        "number": "21",
        "name": "Yannick Carrasco",
        "substituted_in": true,
        "starting_lineup": true
      },
      {
        "number": "16",
        "name": "Ángel Correa",
        "substituted_in": true,
        "starting_lineup": true
      },
      {
        "number": "7",
        "name": "Antoine Griezmann",
        "substituted_in": true,
        "starting_lineup": true
      },
      {
        "number": "10",
        "name": "Óliver Torres",
        "substituted_in": true,
        "starting_lineup": false
      },
      {
        "number": "9",
        "name": "Fernando Torres",
        "substituted_in": true,
        "starting_lineup": false
      },
      {
        "number": "23",
        "name": "Luciano Vietto",
        "substituted_in": true,
        "starting_lineup": false
      }
    ],
    "away_players": [
      {
        "number": "13",
        "name": "Asier Riesgo",
        "substituted_in": true,
        "starting_lineup": true
      },
      {
        "number": "15",
        "name": "Mauro dos Santos",
        "substituted_in": true,
        "starting_lineup": true
      },
      {
        "number": "16",
        "name": "Lillo Castellano",
        "substituted_in": true,
        "starting_lineup": true
      },
      {
        "number": "17",
        "name": "David Juncà",
        "substituted_in": true,
        "starting_lineup": true
      },
      {
        "number": "7",
        "name": "Ander Capa",
        "substituted_in": true,
        "starting_lineup": true
      },
      {
        "number": "14",
        "name": "Dani García",
        "substituted_in": true,
        "starting_lineup": true
      },
      {
        "number": "24",
        "name": "Adrián González",
        "substituted_in": true,
        "starting_lineup": true
      },
      {
        "number": "5",
        "name": "Gonzalo Escalante",
        "substituted_in": true,
        "starting_lineup": true
      },
      {
        "number": "22",
        "name": "Jota Peleteiro",
        "substituted_in": true,
        "starting_lineup": true
      },
      {
        "number": "20",
        "name": "Keko Gontán",
        "substituted_in": true,
        "starting_lineup": true
      },
      {
        "number": "9",
        "name": "Sergi Enrich",
        "substituted_in": true,
        "starting_lineup": true
      },
      {
        "number": "6",
        "name": "Josip Radosevic",
        "substituted_in": true,
        "starting_lineup": false
      },
      {
        "number": "8",
        "name": "Takashi Inui",
        "substituted_in": true,
        "starting_lineup": false
      },
      {
        "number": "21",
        "name": "Saúl Berjón",
        "substituted_in": true,
        "starting_lineup": false
      }
    ]
  },
  {
    "url": "https://www.transfermarkt.pl/atlético-madryt_rayo-vallecano/aufstellung/spielbericht/2594830",
    "match_id": "2594830",
    "date": "sob., 30.04.2016",
    "competition": "LALIGA",
    "matchday": "36. Kolejka",
    "home_team": "Atlético Madryt",
    "away_team": "Rayo Vallecano",
    "home_players": [
      {
        "number": "13",
        "name": "Jan Oblak",
        "substituted_in": true,
        "starting_lineup": true
      },
      {
        "number": "24",
        "name": "José María Giménez",
        "substituted_in": true,
        "starting_lineup": true
      },
      {
        "number": "19",
        "name": "Lucas Hernández",
        "substituted_in": true,
        "starting_lineup": true
      },
      {
        "number": "18",
        "name": "Jesús Gámez",
        "substituted_in": true,
        "starting_lineup": true
      },
      {
        "number": "20",
        "name": "Juanfran Torres",
        "substituted_in": true,
        "starting_lineup": true
      },
      {
        "number": "8",
        "name": "Matías Kranevitter",
        "substituted_in": true,
        "starting_lineup": true
      },
      {
        "number": "14",
        "name": "Gabi",
        "substituted_in": true,
        "starting_lineup": true
      },
      {
        "number": "22",
        "name": "Thomas Partey",
        "substituted_in": true,
        "starting_lineup": true
      },
      {
        "number": "10",
        "name": "Óliver Torres",
        "substituted_in": true,
        "starting_lineup": true
      },
      {
        "number": "16",
        "name": "Ángel Correa",
        "substituted_in": true,
        "starting_lineup": true
      },
      {
        "number": "23",
        "name": "Luciano Vietto",
        "substituted_in": true,
        "starting_lineup": true
      },
      {
        "number": "6",
        "name": "Koke",
        "substituted_in": true,
        "starting_lineup": false
      },
      {
        "number": "7",
        "name": "Antoine Griezmann",
        "substituted_in": true,
        "starting_lineup": false
      },
      {
        "number": "9",
        "name": "Fernando Torres",
        "substituted_in": true,
        "starting_lineup": false
      }
    ],
    "away_players": [
      {
        "number": "13",
        "name": "Juan Carlos",
        "substituted_in": true,
        "starting_lineup": true
      },
      {
        "number": "4",
        "name": "Antonio Amaya",
        "substituted_in": true,
        "starting_lineup": true
      },
      {
        "number": "22",
        "name": "José Crespo",
        "substituted_in": true,
        "starting_lineup": true
      },
      {
        "number": "2",
        "name": "Tito",
        "substituted_in": true,
        "starting_lineup": true
      },
      {
        "number": "17",
        "name": "Quini",
        "substituted_in": true,
        "starting_lineup": true
      },
      {
        "number": "27",
        "name": "Diego Llorente",
        "substituted_in": true,
        "starting_lineup": true
      },
      {
        "number": "21",
        "name": "Jozabed Sánchez",
        "substituted_in": true,
        "starting_lineup": true
      },
      {
        "number": "23",
        "name": "Bebé",
        "substituted_in": true,
        "starting_lineup": true
      },
      {
        "number": "11",
        "name": "Adrián Embarba",
        "substituted_in": true,
        "starting_lineup": true
      },
      {
        "number": "7",
        "name": "Miku",
        "substituted_in": true,
        "starting_lineup": true
      },
      {
        "number": "24",
        "name": "Javi Guerra",
        "substituted_in": true,
        "starting_lineup": true
      },
      {
        "number": "12",
        "name": "Piti",
        "substituted_in": true,
        "starting_lineup": false
      },
      {
        "number": "26",
        "name": "Joni Montiel",
        "substituted_in": true,
        "starting_lineup": false
      },
      {
        "number": "9",
        "name": "Manucho",
        "substituted_in": true,
        "starting_lineup": false
      }
    ]
  },
  {
    "url": "https://www.transfermarkt.pl/atlético-madryt_ud-las-palmas/aufstellung/spielbericht/2594480",
    "match_id": "2594480",
    "date": "sob., 22.08.2015",
    "competition": "LALIGA",
    "matchday": "1. Kolejka",
    "home_team": "Atlético Madryt",
    "away_team": "UD Las Palmas",
    "home_players": [
      {
        "number": "13",
        "name": "Jan Oblak",
        "substituted_in": true,
        "starting_lineup": true
      },
      {
        "number": "2",
        "name": "Diego Godín",
        "substituted_in": true,
        "starting_lineup": true
      },
      {
        "number": "24",
        "name": "José María Giménez",
        "substituted_in": true,
        "starting_lineup": true
      },
      {
        "number": "3",
        "name": "Filipe Luís",
        "substituted_in": true,
        "starting_lineup": true
      },
      {
        "number": "20",
        "name": "Juanfran Torres",
        "substituted_in": true,
        "starting_lineup": true
      },
      {
        "number": "5",
        "name": "Tiago Mendes",
        "substituted_in": true,
        "starting_lineup": true
      },
      {
        "number": "14",
        "name": "Gabi",
        "substituted_in": true,
        "starting_lineup": true
      },
      {
        "number": "10",
        "name": "Óliver Torres",
        "substituted_in": true,
        "starting_lineup": true
      },
      {
        "number": "6",
        "name": "Koke",
        "substituted_in": true,
        "starting_lineup": true
      },
      {
        "number": "7",
        "name": "Antoine Griezmann",
        "substituted_in": true,
        "starting_lineup": true
      },
      {
        "number": "11",
        "name": "Jackson Martínez",
        "substituted_in": true,
        "starting_lineup": true
      },
      {
        "number": "8",
        "name": "Raúl García",
        "substituted_in": true,
        "starting_lineup": false
      },
      {
        "number": "16",
        "name": "Ángel Correa",
        "substituted_in": true,
        "starting_lineup": false
      },
      {
        "number": "9",
        "name": "Fernando Torres",
        "substituted_in": true,
        "starting_lineup": false
      }
    ],
    "away_players": [
      {
        "number": "1",
        "name": "Raúl Lizoain",
        "substituted_in": true,
        "starting_lineup": true
      },
      {
        "number": "17",
        "name": "Pedro Bigas",
        "substituted_in": true,
        "starting_lineup": true
      },
      {
        "number": "3",
        "name": "Antolín Alcaraz",
        "substituted_in": true,
        "starting_lineup": true
      },
      {
        "number": "16",
        "name": "Aythami Artiles",
        "substituted_in": true,
        "starting_lineup": true
      },
      {
        "number": "23",
        "name": "Dani Castellano",
        "substituted_in": true,
        "starting_lineup": true
      },
      {
        "number": "2",
        "name": "David Simón",
        "substituted_in": true,
        "starting_lineup": true
      },
      {
        "number": "14",
        "name": "Hernán Santana",
        "substituted_in": true,
        "starting_lineup": true
      },
      {
        "number": "18",
        "name": "Javi Castellano",
        "substituted_in": true,
        "starting_lineup": true
      },
      {
        "number": "15",
        "name": "Roque Mesa",
        "substituted_in": true,
        "starting_lineup": true
      },
      {
        "number": "20",
        "name": "Jonathan Viera",
        "substituted_in": true,
        "starting_lineup": true
      },
      {
        "number": "10",
        "name": "Sergio Araujo",
        "substituted_in": true,
        "starting_lineup": true
      },
      {
        "number": "4",
        "name": "Vicente Gómez",
        "substituted_in": true,
        "starting_lineup": false
      },
      {
        "number": "11",
        "name": "Momo",
        "substituted_in": true,
        "starting_lineup": false
      },
      {
        "number": "8",
        "name": "Willian José",
        "substituted_in": true,
        "starting_lineup": false
      }
    ]
  },
  {
    "url": "https://www.transfermarkt.pl/atlético-madryt_celta-de-vigo/aufstellung/spielbericht/2594849",
    "match_id": "2594849",
    "date": "sob., 14.05.2016",
    "competition": "LALIGA",
    "matchday": "38. Kolejka",
    "home_team": "Atlético Madryt",
    "away_team": "Celta de Vigo",
    "home_players": [
      {
        "number": "13",
        "name": "Jan Oblak",
        "substituted_in": true,
        "starting_lineup": true
      },
      {
        "number": "2",
        "name": "Diego Godín",
        "substituted_in": true,
        "starting_lineup": true
      },
      {
        "number": "15",
        "name": "Stefan Savic",
        "substituted_in": true,
        "starting_lineup": true
      },
      {
        "number": "3",
        "name": "Filipe Luís",
        "substituted_in": true,
        "starting_lineup": true
      },
      {
        "number": "20",
        "name": "Juanfran Torres",
        "substituted_in": true,
        "starting_lineup": true
      },
      {
        "number": "12",
        "name": "Augusto Fernández",
        "substituted_in": true,
        "starting_lineup": true
      },
      {
        "number": "14",
        "name": "Gabi",
        "substituted_in": true,
        "starting_lineup": true
      },
      {
        "number": "17",
        "name": "Saúl Ñíguez",
        "substituted_in": true,
        "starting_lineup": true
      },
      {
        "number": "6",
        "name": "Koke",
        "substituted_in": true,
        "starting_lineup": true
      },
      {
        "number": "7",
        "name": "Antoine Griezmann",
        "substituted_in": true,
        "starting_lineup": true
      },
      {
        "number": "9",
        "name": "Fernando Torres",
        "substituted_in": true,
        "starting_lineup": true
      },
      {
        "number": "5",
        "name": "Tiago Mendes",
        "substituted_in": true,
        "starting_lineup": false
      },
      {
        "number": "21",
        "name": "Yannick Carrasco",
        "substituted_in": true,
        "starting_lineup": false
      }
    ],
    "away_players": [
      {
        "number": "1",
        "name": "Sergio Álvarez",
        "substituted_in": true,
        "starting_lineup": true
      },
      {
        "number": "20",
        "name": "Sergi Gómez",
        "substituted_in": true,
        "starting_lineup": true
      },
      {
        "number": "2",
        "name": "Hugo Mallo",
        "substituted_in": true,
        "starting_lineup": true
      },
      {
        "number": "21",
        "name": "Carles Planas",
        "substituted_in": true,
        "starting_lineup": true
      },
      {
        "number": "19",
        "name": "Jonny Otto",
        "substituted_in": true,
        "starting_lineup": true
      },
      {
        "number": "5",
        "name": "Marcelo Díaz",
        "substituted_in": true,
        "starting_lineup": true
      },
      {
        "number": "8",
        "name": "Pablo Hernández",
        "substituted_in": true,
        "starting_lineup": true
      },
      {
        "number": "18",
        "name": "Daniel Wass",
        "substituted_in": true,
        "starting_lineup": true
      },
      {
        "number": "10",
        "name": "Nolito",
        "substituted_in": true,
        "starting_lineup": true
      },
      {
        "number": "14",
        "name": "Fabián Orellana",
        "substituted_in": true,
        "starting_lineup": true
      },
      {
        "number": "11",
        "name": "John Guidetti",
        "substituted_in": true,
        "starting_lineup": true
      },
      {
        "number": "6",
        "name": "Nemanja Radoja",
        "substituted_in": true,
        "starting_lineup": false
      },
      {
        "number": "7",
        "name": "Théo Bongonda",
        "substituted_in": true,
        "starting_lineup": false
      },
      {
        "number": "9",
        "name": "Iago Aspas",
        "substituted_in": true,
        "starting_lineup": false
      }
    ]
  },
  {
    "url": "https://www.transfermarkt.pl/atlético-madryt_celta-de-vigo/aufstellung/spielbericht/2656746",
    "match_id": "2656746",
    "date": "śr., 27.01.2016",
    "competition": "Unknown",
    "matchday": "Unknown",
    "home_team": "Atlético Madryt",
    "away_team": "Celta de Vigo",
    "home_players": [
      {
        "number": "1",
        "name": "Miguel Ángel Moyá",
        "substituted_in": true,
        "starting_lineup": true
      },
      {
        "number": "2",
        "name": "Diego Godín",
        "substituted_in": true,
        "starting_lineup": true
      },
      {
        "number": "24",
        "name": "José María Giménez",
        "substituted_in": true,
        "starting_lineup": true
      },
      {
        "number": "3",
        "name": "Filipe Luís",
        "substituted_in": true,
        "starting_lineup": true
      },
      {
        "number": "20",
        "name": "Juanfran Torres",
        "substituted_in": true,
        "starting_lineup": true
      },
      {
        "number": "14",
        "name": "Gabi",
        "substituted_in": true,
        "starting_lineup": true
      },
      {
        "number": "17",
        "name": "Saúl Ñíguez",
        "substituted_in": true,
        "starting_lineup": true
      },
      {
        "number": "6",
        "name": "Koke",
        "substituted_in": true,
        "starting_lineup": true
      },
      {
        "number": "21",
        "name": "Yannick Carrasco",
        "substituted_in": true,
        "starting_lineup": true
      },
      {
        "number": "7",
        "name": "Antoine Griezmann",
        "substituted_in": true,
        "starting_lineup": true
      },
      {
        "number": "23",
        "name": "Luciano Vietto",
        "substituted_in": true,
        "starting_lineup": true
      },
      {
        "number": "10",
        "name": "Óliver Torres",
        "substituted_in": true,
        "starting_lineup": false
      },
      {
        "number": "16",
        "name": "Ángel Correa",
        "substituted_in": true,
        "starting_lineup": false
      }
    ],
    "away_players": [
      {
        "number": "13",
        "name": "Rubén Blanco",
        "substituted_in": true,
        "starting_lineup": true
      },
      {
        "number": "20",
        "name": "Sergi Gómez",
        "substituted_in": true,
        "starting_lineup": true
      },
      {
        "number": "22",
        "name": "Gustavo Cabral",
        "substituted_in": true,
        "starting_lineup": true
      },
      {
        "number": "19",
        "name": "Jonny Otto",
        "substituted_in": true,
        "starting_lineup": true
      },
      {
        "number": "2",
        "name": "Hugo Mallo",
        "substituted_in": true,
        "starting_lineup": true
      },
      {
        "number": "6",
        "name": "Nemanja Radoja",
        "substituted_in": true,
        "starting_lineup": true
      },
      {
        "number": "8",
        "name": "Pablo Hernández",
        "substituted_in": true,
        "starting_lineup": true
      },
      {
        "number": "18",
        "name": "Daniel Wass",
        "substituted_in": true,
        "starting_lineup": true
      },
      {
        "number": "9",
        "name": "Iago Aspas",
        "substituted_in": true,
        "starting_lineup": true
      },
      {
        "number": "14",
        "name": "Fabián Orellana",
        "substituted_in": true,
        "starting_lineup": true
      },
      {
        "number": "11",
        "name": "John Guidetti",
        "substituted_in": true,
        "starting_lineup": true
      },
      {
        "number": "1",
        "name": "Sergio Álvarez",
        "substituted_in": true,
        "starting_lineup": false
      },
      {
        "number": "12",
        "name": "Claudio Beauvue",
        "substituted_in": true,
        "starting_lineup": false
      }
    ]
  }
]