[
  {
    "url": "https://www.transfermarkt.pl/cd-alcoyano_atlético-madryt/aufstellung/spielbericht/2666567",
    "match_id": "2666567",
    "date": "śr., 09.11.2005",
    "competition": "Unknown",
    "matchday": "Unknown",
    "home_team": "CD Alcoyano",
    "away_team": "Atlético Madryt",
    "home_players": [
      {
        "number": "-",
        "name": "Fernando Maestro",
        "substituted_in": true,
        "starting_lineup": true
      },
      {
        "number": "-",
        "name": "Antonio Aceitón",
        "substituted_in": true,
        "starting_lineup": true
      },
      {
        "number": "-",
        "name": "Joan Baixauli",
        "substituted_in": true,
        "starting_lineup": true
      },
      {
        "number": "-",
        "name": "Juanfran",
        "substituted_in": true,
        "starting_lineup": true
      },
      {
        "number": "-",
        "name": "Manuel Carrión",
        "substituted_in": true,
        "starting_lineup": true
      },
      {
        "number": "-",
        "name": "Aitor Antoñana",
        "substituted_in": true,
        "starting_lineup": true
      },
      {
        "number": "-",
        "name": "Raúl Casañ",
        "substituted_in": true,
        "starting_lineup": true
      },
      {
        "number": "-",
        "name": "Rafael Riaño",
        "substituted_in": true,
        "starting_lineup": true
      },
      {
        "number": "-",
        "name": "Juanjo Martínez",
        "substituted_in": true,
        "starting_lineup": true
      },
      {
        "number": "-",
        "name": "Mesa",
        "substituted_in": true,
        "starting_lineup": true
      },
      {
        "number": "-",
        "name": "José Parrado",
        "substituted_in": true,
        "starting_lineup": true
      },
      {
        "number": "-",
        "name": "Barselleta",
        "substituted_in": true,
        "starting_lineup": false
      },
      {
        "number": "-",
        "name": "Ángel Rodríguez",
        "substituted_in": true,
        "starting_lineup": false
      },
      {
        "number": "-",
        "name": "Raúl Salas",
        "substituted_in": true,
        "starting_lineup": false
      }
    ],
    "away_players": [
      {
        "number": "25",
        "name": "Leo Franco",
        "substituted_in": true,
        "starting_lineup": true
      },
      {
        "number": "5",
        "name": "García Calvo",
        "substituted_in": true,
        "starting_lineup": true
      },
      {
        "number": "21",
        "name": "Luis Amaranto Perea",
        "substituted_in": true,
        "starting_lineup": true
      },
      {
        "number": "3",
        "name": "Antonio López",
        "substituted_in": true,
        "starting_lineup": true
      },
      {
        "number": "18",
        "name": "Juan Valera",
        "substituted_in": true,
        "starting_lineup": true
      },
      {
        "number": "6",
        "name": "José Ignacio Zahinos",
        "substituted_in": true,
        "starting_lineup": true
      },
      {
        "number": "23",
        "name": "Peter Luccin",
        "substituted_in": true,
        "starting_lineup": true
      },
      {
        "number": "31",
        "name": "Mario Suárez",
        "substituted_in": true,
        "starting_lineup": true
      },
      {
        "number": "8",
        "name": "Ariel Ibagaza",
        "substituted_in": true,
        "starting_lineup": true
      },
      {
        "number": "7",
        "name": "Luciano Galletti",
        "substituted_in": true,
        "starting_lineup": true
      },
      {
        "number": "9",
        "name": "Fernando Torres",
        "substituted_in": true,
        "starting_lineup": true
      },
      {
        "number": "15",
        "name": "Francisco Molinero",
        "substituted_in": true,
        "starting_lineup": false
      },
      {
        "number": "11",
        "name": "Maxi Rodríguez",
        "substituted_in": true,
        "starting_lineup": false
      }
    ]
  },
  {
    "url": "https://www.transfermarkt.pl/athletic-bilbao_atlético-madryt/aufstellung/spielbericht/35890",
    "match_id": "35890",
    "date": "sob., 03.12.2005",
    "competition": "LALIGA",
    "matchday": "14. Kolejka",
    "home_team": "Athletic Bilbao",
    "away_team": "Atlético Madryt",
    "home_players": [
      {
        "number": "-",
        "name": "Daniel Aranzubia",
        "substituted_in": true,
        "starting_lineup": true
      },
      {
        "number": "-",
        "name": "Ander Murillo",
        "substituted_in": true,
        "starting_lineup": true
      },
      {
        "number": "-",
        "name": "Luis Prieto",
        "substituted_in": true,
        "starting_lineup": true
      },
      {
        "number": "-",
        "name": "Carlos Gurpegui",
        "substituted_in": true,
        "starting_lineup": true
      },
      {
        "number": "-",
        "name": "Javi Casas",
        "substituted_in": true,
        "starting_lineup": true
      },
      {
        "number": "-",
        "name": "Mari Lacruz",
        "substituted_in": true,
        "starting_lineup": true
      },
      {
        "number": "-",
        "name": "Andoni Iraola",
        "substituted_in": true,
        "starting_lineup": true
      },
      {
        "number": "-",
        "name": "Pablo Orbaiz",
        "substituted_in": true,
        "starting_lineup": true
      },
      {
        "number": "-",
        "name": "Fran Yeste",
        "substituted_in": true,
        "starting_lineup": true
      },
      {
        "number": "-",
        "name": "Joseba Etxeberria",
        "substituted_in": true,
        "starting_lineup": true
      },
      {
        "number": "-",
        "name": "Ismael Urzaiz",
        "substituted_in": true,
        "starting_lineup": true
      },
      {
        "number": "-",
        "name": "Tiko",
        "substituted_in": true,
        "starting_lineup": false
      },
      {
        "number": "-",
        "name": "Julen Guerrero",
        "substituted_in": true,
        "starting_lineup": false
      },
      {
        "number": "-",
        "name": "Mikel Dañobeitia",
        "substituted_in": true,
        "starting_lineup": false
      }
    ],
    "away_players": [
      {
        "number": "-",
        "name": "Leo Franco",
        "substituted_in": true,
        "starting_lineup": true
      },
      {
        "number": "-",
        "name": "García Calvo",
        "substituted_in": true,
        "starting_lineup": true
      },
      {
        "number": "-",
        "name": "Luis Amaranto Perea",
        "substituted_in": true,
        "starting_lineup": true
      },
      {
        "number": "-",
        "name": "Francisco Molinero",
        "substituted_in": true,
        "starting_lineup": true
      },
      {
        "number": "-",
        "name": "Juan Valera",
        "substituted_in": true,
        "starting_lineup": true
      },
      {
        "number": "-",
        "name": "José Ignacio Zahinos",
        "substituted_in": true,
        "starting_lineup": true
      },
      {
        "number": "-",
        "name": "Gabi",
        "substituted_in": true,
        "starting_lineup": true
      },
      {
        "number": "-",
        "name": "Ariel Ibagaza",
        "substituted_in": true,
        "starting_lineup": true
      },
      {
        "number": "-",
        "name": "Martin Petrov",
        "substituted_in": true,
        "starting_lineup": true
      },
      {
        "number": "-",
        "name": "Maxi Rodríguez",
        "substituted_in": true,
        "starting_lineup": true
      },
      {
        "number": "-",
        "name": "Mateja Kežman",
        "substituted_in": true,
        "starting_lineup": true
      },
      {
        "number": "-",
        "name": "Ismael Falcón",
        "substituted_in": true,
        "starting_lineup": false
      },
      {
        "number": "-",
        "name": "Mario Suárez",
        "substituted_in": true,
        "starting_lineup": false
      }
    ]
  },
  {
    "url": "https://www.transfermarkt.pl/fc-barcelona_atlético-madryt/aufstellung/spielbericht/36033",
    "match_id": "36033",
    "date": "niedz., 05.02.2006",
    "competition": "LALIGA",
    "matchday": "22. Kolejka",
    "home_team": "FC Barcelona",
    "away_team": "Atlético Madryt",
    "home_players": [
      {
        "number": "1",
        "name": "Víctor Valdés",
        "substituted_in": true,
        "starting_lineup": true
      },
      {
        "number": "4",
        "name": "Rafa Márquez",
        "substituted_in": true,
        "starting_lineup": true
      },
      {
        "number": "5",
        "name": "Carles Puyol",
        "substituted_in": true,
        "starting_lineup": true
      },
      {
        "number": "16",
        "name": "Sylvinho",
        "substituted_in": true,
        "starting_lineup": true
      },
      {
        "number": "23",
        "name": "Oleguer",
        "substituted_in": true,
        "starting_lineup": true
      },
      {
        "number": "17",
        "name": "Mark van Bommel",
        "substituted_in": true,
        "starting_lineup": true
      },
      {
        "number": "18",
        "name": "Gabri",
        "substituted_in": true,
        "starting_lineup": true
      },
      {
        "number": "20",
        "name": "Deco",
        "substituted_in": true,
        "starting_lineup": true
      },
      {
        "number": "24",
        "name": "Andrés Iniesta",
        "substituted_in": true,
        "starting_lineup": true
      },
      {
        "number": "30",
        "name": "Lionel Messi",
        "substituted_in": true,
        "starting_lineup": true
      },
      {
        "number": "7",
        "name": "Henrik Larsson",
        "substituted_in": true,
        "starting_lineup": true
      },
      {
        "number": "12",
        "name": "Giovanni van Bronckhorst",
        "substituted_in": true,
        "starting_lineup": false
      },
      {
        "number": "8",
        "name": "Ludovic Giuly",
        "substituted_in": true,
        "starting_lineup": false
      },
      {
        "number": "14",
        "name": "Santiago Ezquerro",
        "substituted_in": true,
        "starting_lineup": false
      }
    ],
    "away_players": [
      {
        "number": "25",
        "name": "Leo Franco",
        "substituted_in": true,
        "starting_lineup": true
      },
      {
        "number": "21",
        "name": "Luis Amaranto Perea",
        "substituted_in": true,
        "starting_lineup": true
      },
      {
        "number": "22",
        "name": "Pablo Ibáñez",
        "substituted_in": true,
        "starting_lineup": true
      },
      {
        "number": "3",
        "name": "Antonio López",
        "substituted_in": true,
        "starting_lineup": true
      },
      {
        "number": "15",
        "name": "Francisco Molinero",
        "substituted_in": true,
        "starting_lineup": true
      },
      {
        "number": "23",
        "name": "Peter Luccin",
        "substituted_in": true,
        "starting_lineup": true
      },
      {
        "number": "8",
        "name": "Ariel Ibagaza",
        "substituted_in": true,
        "starting_lineup": true
      },
      {
        "number": "17",
        "name": "Martin Petrov",
        "substituted_in": true,
        "starting_lineup": true
      },
      {
        "number": "7",
        "name": "Luciano Galletti",
        "substituted_in": true,
        "starting_lineup": true
      },
      {
        "number": "11",
        "name": "Maxi Rodríguez",
        "substituted_in": true,
        "starting_lineup": true
      },
      {
        "number": "9",
        "name": "Fernando Torres",
        "substituted_in": true,
        "starting_lineup": true
      },
      {
        "number": "5",
        "name": "García Calvo",
        "substituted_in": true,
        "starting_lineup": false
      },
      {
        "number": "4",
        "name": "Gonzalo Colsa",
        "substituted_in": true,
        "starting_lineup": false
      },
      {
        "number": "20",
        "name": "Gabi",
        "substituted_in": true,
        "starting_lineup": false
      }
    ]
  },
  {
    "url": "https://www.transfermarkt.pl/celta-de-vigo_atlético-madryt/aufstellung/spielbericht/35882",
    "match_id": "35882",
    "date": "niedz., 20.11.2005",
    "competition": "LALIGA",
    "matchday": "12. Kolejka",
    "home_team": "Celta de Vigo",
    "away_team": "Atlético Madryt",
    "home_players": [
      {
        "number": "-",
        "name": "José Manuel Pinto",
        "substituted_in": true,
        "starting_lineup": true
      },
      {
        "number": "-",
        "name": "Matías Lequi",
        "substituted_in": true,
        "starting_lineup": true
      },
      {
        "number": "-",
        "name": "Sergio Fernández",
        "substituted_in": true,
        "starting_lineup": true
      },
      {
        "number": "-",
        "name": "Diego Placente",
        "substituted_in": true,
        "starting_lineup": true
      },
      {
        "number": "-",
        "name": "Ángel López",
        "substituted_in": true,
        "starting_lineup": true
      },
      {
        "number": "-",
        "name": "Borja Oubiña",
        "substituted_in": true,
        "starting_lineup": true
      },
      {
        "number": "-",
        "name": "Iriney",
        "substituted_in": true,
        "starting_lineup": true
      },
      {
        "number": "-",
        "name": "David Silva",
        "substituted_in": true,
        "starting_lineup": true
      },
      {
        "number": "-",
        "name": "Fabián Canobbio",
        "substituted_in": true,
        "starting_lineup": true
      },
      {
        "number": "-",
        "name": "Antonio Núñez",
        "substituted_in": true,
        "starting_lineup": true
      },
      {
        "number": "-",
        "name": "Fernando Baiano",
        "substituted_in": true,
        "starting_lineup": true
      },
      {
        "number": "-",
        "name": "Pablo Contreras",
        "substituted_in": true,
        "starting_lineup": false
      },
      {
        "number": "-",
        "name": "Roberto Sousa",
        "substituted_in": true,
        "starting_lineup": false
      },
      {
        "number": "-",
        "name": "Javi Guerrero",
        "substituted_in": true,
        "starting_lineup": false
      }
    ],
    "away_players": [
      {
        "number": "-",
        "name": "Leo Franco",
        "substituted_in": true,
        "starting_lineup": true
      },
      {
        "number": "-",
        "name": "Pablo Ibáñez",
        "substituted_in": true,
        "starting_lineup": true
      },
      {
        "number": "-",
        "name": "Luis Amaranto Perea",
        "substituted_in": true,
        "starting_lineup": true
      },
      {
        "number": "-",
        "name": "Antonio López",
        "substituted_in": true,
        "starting_lineup": true
      },
      {
        "number": "-",
        "name": "Juan Valera",
        "substituted_in": true,
        "starting_lineup": true
      },
      {
        "number": "-",
        "name": "Peter Luccin",
        "substituted_in": true,
        "starting_lineup": true
      },
      {
        "number": "-",
        "name": "José Ignacio Zahinos",
        "substituted_in": true,
        "starting_lineup": true
      },
      {
        "number": "-",
        "name": "Gabi",
        "substituted_in": true,
        "starting_lineup": true
      },
      {
        "number": "-",
        "name": "Ariel Ibagaza",
        "substituted_in": true,
        "starting_lineup": true
      },
      {
        "number": "-",
        "name": "Luciano Galletti",
        "substituted_in": true,
        "starting_lineup": true
      },
      {
        "number": "-",
        "name": "Fernando Torres",
        "substituted_in": true,
        "starting_lineup": true
      },
      {
        "number": "-",
        "name": "Martin Petrov",
        "substituted_in": true,
        "starting_lineup": false
      },
      {
        "number": "-",
        "name": "Maxi Rodríguez",
        "substituted_in": true,
        "starting_lineup": false
      },
      {
        "number": "-",
        "name": "Javier Arizmendi",
        "substituted_in": true,
        "starting_lineup": false
      }
    ]
  },
  {
    "url": "https://www.transfermarkt.pl/atlético-madryt_valencia-cf/aufstellung/spielbericht/35902",
    "match_id": "35902",
    "date": "niedz., 08.01.2006",
    "competition": "LALIGA",
    "matchday": "18. Kolejka",
    "home_team": "Atlético Madryt",
    "away_team": "Valencia CF",
    "home_players": [
      {
        "number": "-",
        "name": "Ismael Falcón",
        "substituted_in": true,
        "starting_lineup": true
      },
      {
        "number": "-",
        "name": "Pablo Ibáñez",
        "substituted_in": true,
        "starting_lineup": true
      },
      {
        "number": "-",
        "name": "Luis Amaranto Perea",
        "substituted_in": true,
        "starting_lineup": true
      },
      {
        "number": "-",
        "name": "Juan Velasco",
        "substituted_in": true,
        "starting_lineup": true
      },
      {
        "number": "-",
        "name": "Antonio López",
        "substituted_in": true,
        "starting_lineup": true
      },
      {
        "number": "-",
        "name": "Gonzalo Colsa",
        "substituted_in": true,
        "starting_lineup": true
      },
      {
        "number": "-",
        "name": "Mario Suárez",
        "substituted_in": true,
        "starting_lineup": true
      },
      {
        "number": "-",
        "name": "José Ignacio Zahinos",
        "substituted_in": true,
        "starting_lineup": true
      },
      {
        "number": "-",
        "name": "Ariel Ibagaza",
        "substituted_in": true,
        "starting_lineup": true
      },
      {
        "number": "-",
        "name": "Martin Petrov",
        "substituted_in": true,
        "starting_lineup": true
      },
      {
        "number": "-",
        "name": "Fernando Torres",
        "substituted_in": true,
        "starting_lineup": true
      },
      {
        "number": "-",
        "name": "Maxi Rodríguez",
        "substituted_in": true,
        "starting_lineup": false
      }
    ],
    "away_players": [
      {
        "number": "-",
        "name": "Santiago Cañizares",
        "substituted_in": true,
        "starting_lineup": true
      },
      {
        "number": "-",
        "name": "Emiliano Moretti",
        "substituted_in": true,
        "starting_lineup": true
      },
      {
        "number": "-",
        "name": "Carlos Marchena",
        "substituted_in": true,
        "starting_lineup": true
      },
      {
        "number": "-",
        "name": "Raúl Albiol",
        "substituted_in": true,
        "starting_lineup": true
      },
      {
        "number": "-",
        "name": "Fábio Aurélio",
        "substituted_in": true,
        "starting_lineup": true
      },
      {
        "number": "-",
        "name": "Miguel",
        "substituted_in": true,
        "starting_lineup": true
      },
      {
        "number": "-",
        "name": "David Albelda",
        "substituted_in": true,
        "starting_lineup": true
      },
      {
        "number": "-",
        "name": "Pablo Aimar",
        "substituted_in": true,
        "starting_lineup": true
      },
      {
        "number": "-",
        "name": "Vicente",
        "substituted_in": true,
        "starting_lineup": true
      },
      {
        "number": "-",
        "name": "Miguel Ángel Angulo",
        "substituted_in": true,
        "starting_lineup": true
      },
      {
        "number": "-",
        "name": "David Villa",
        "substituted_in": true,
        "starting_lineup": true
      },
      {
        "number": "-",
        "name": "Mario Regueiro",
        "substituted_in": true,
        "starting_lineup": false
      },
      {
        "number": "-",
        "name": "Francisco Rufete",
        "substituted_in": true,
        "starting_lineup": false
      },
      {
        "number": "-",
        "name": "Mista",
        "substituted_in": true,
        "starting_lineup": false
      }
    ]
  },
  {
    "url": "https://www.transfermarkt.pl/málaga-cf_atlético-madryt/aufstellung/spielbericht/35986",
    "match_id": "35986",
    "date": "niedz., 02.10.2005",
    "competition": "LALIGA",
    "matchday": "6. Kolejka",
    "home_team": "Málaga CF",
    "away_team": "Atlético Madryt",
    "home_players": [
      {
        "number": "-",
        "name": "Francesc Arnau",
        "substituted_in": true,
        "starting_lineup": true
      },
      {
        "number": "-",
        "name": "Fernando Sanz",
        "substituted_in": true,
        "starting_lineup": true
      },
      {
        "number": "-",
        "name": "César Navas",
        "substituted_in": true,
        "starting_lineup": true
      },
      {
        "number": "-",
        "name": "Alexis Ruano",
        "substituted_in": true,
        "starting_lineup": true
      },
      {
        "number": "-",
        "name": "Vicente Valcarce",
        "substituted_in": true,
        "starting_lineup": true
      },
      {
        "number": "-",
        "name": "Nacho",
        "substituted_in": true,
        "starting_lineup": true
      },
      {
        "number": "-",
        "name": "Gerardo García",
        "substituted_in": true,
        "starting_lineup": true
      },
      {
        "number": "-",
        "name": "Anderson Silva",
        "substituted_in": true,
        "starting_lineup": true
      },
      {
        "number": "-",
        "name": "Juan Rodríguez",
        "substituted_in": true,
        "starting_lineup": true
      },
      {
        "number": "-",
        "name": "Edgar",
        "substituted_in": true,
        "starting_lineup": true
      },
      {
        "number": "-",
        "name": "Salva Ballesta",
        "substituted_in": true,
        "starting_lineup": true
      },
      {
        "number": "-",
        "name": "Antonio Hidalgo",
        "substituted_in": true,
        "starting_lineup": false
      },
      {
        "number": "-",
        "name": "Manu Sánchez",
        "substituted_in": true,
        "starting_lineup": false
      }
    ],
    "away_players": [
      {
        "number": "-",
        "name": "Leo Franco",
        "substituted_in": true,
        "starting_lineup": true
      },
      {
        "number": "-",
        "name": "Pablo Ibáñez",
        "substituted_in": true,
        "starting_lineup": true
      },
      {
        "number": "-",
        "name": "Luis Amaranto Perea",
        "substituted_in": true,
        "starting_lineup": true
      },
      {
        "number": "-",
        "name": "Juan Velasco",
        "substituted_in": true,
        "starting_lineup": true
      },
      {
        "number": "-",
        "name": "Antonio López",
        "substituted_in": true,
        "starting_lineup": true
      },
      {
        "number": "-",
        "name": "Peter Luccin",
        "substituted_in": true,
        "starting_lineup": true
      },
      {
        "number": "-",
        "name": "José Ignacio Zahinos",
        "substituted_in": true,
        "starting_lineup": true
      },
      {
        "number": "-",
        "name": "Martin Petrov",
        "substituted_in": true,
        "starting_lineup": true
      },
      {
        "number": "-",
        "name": "Maxi Rodríguez",
        "substituted_in": true,
        "starting_lineup": true
      },
      {
        "number": "-",
        "name": "Mateja Kežman",
        "substituted_in": true,
        "starting_lineup": true
      },
      {
        "number": "-",
        "name": "Fernando Torres",
        "substituted_in": true,
        "starting_lineup": true
      },
      {
        "number": "-",
        "name": "Gabi",
        "substituted_in": true,
        "starting_lineup": false
      },
      {
        "number": "-",
        "name": "Luciano Galletti",
        "substituted_in": true,
        "starting_lineup": false
      }
    ]
  },
  {
    "url": "https://www.transfermarkt.pl/real-betis-balompié_atlético-madryt/aufstellung/spielbericht/36021",
    "match_id": "36021",
    "date": "sob., 14.01.2006",
    "competition": "LALIGA",
    "matchday": "19. Kolejka",
    "home_team": "Real Betis Balompié",
    "away_team": "Atlético Madryt",
    "home_players": [
      {
        "number": "-",
        "name": "Toni Doblas",
        "substituted_in": true,
        "starting_lineup": true
      },
      {
        "number": "-",
        "name": "Melli",
        "substituted_in": true,
        "starting_lineup": true
      },
      {
        "number": "-",
        "name": "Juanito",
        "substituted_in": true,
        "starting_lineup": true
      },
      {
        "number": "-",
        "name": "Arzu",
        "substituted_in": true,
        "starting_lineup": true
      },
      {
        "number": "-",
        "name": "Fernando Varela",
        "substituted_in": true,
        "starting_lineup": true
      },
      {
        "number": "-",
        "name": "Óscar López",
        "substituted_in": true,
        "starting_lineup": true
      },
      {
        "number": "-",
        "name": "Alberto Rivera",
        "substituted_in": true,
        "starting_lineup": true
      },
      {
        "number": "-",
        "name": "Capi",
        "substituted_in": true,
        "starting_lineup": true
      },
      {
        "number": "-",
        "name": "Joaquín",
        "substituted_in": true,
        "starting_lineup": true
      },
      {
        "number": "-",
        "name": "Edú",
        "substituted_in": true,
        "starting_lineup": true
      },
      {
        "number": "-",
        "name": "Robert",
        "substituted_in": true,
        "starting_lineup": true
      },
      {
        "number": "-",
        "name": "Alejandro Lembo",
        "substituted_in": true,
        "starting_lineup": false
      },
      {
        "number": "-",
        "name": "Fernando",
        "substituted_in": true,
        "starting_lineup": false
      },
      {
        "number": "-",
        "name": "Diego Tardelli",
        "substituted_in": true,
        "starting_lineup": false
      }
    ],
    "away_players": [
      {
        "number": "-",
        "name": "Ismael Falcón",
        "substituted_in": true,
        "starting_lineup": true
      },
      {
        "number": "-",
        "name": "Pablo Ibáñez",
        "substituted_in": true,
        "starting_lineup": true
      },
      {
        "number": "-",
        "name": "Luis Amaranto Perea",
        "substituted_in": true,
        "starting_lineup": true
      },
      {
        "number": "-",
        "name": "Juan Velasco",
        "substituted_in": true,
        "starting_lineup": true
      },
      {
        "number": "-",
        "name": "Antonio López",
        "substituted_in": true,
        "starting_lineup": true
      },
      {
        "number": "-",
        "name": "José Ignacio Zahinos",
        "substituted_in": true,
        "starting_lineup": true
      },
      {
        "number": "-",
        "name": "Gabi",
        "substituted_in": true,
        "starting_lineup": true
      },
      {
        "number": "-",
        "name": "Ariel Ibagaza",
        "substituted_in": true,
        "starting_lineup": true
      },
      {
        "number": "-",
        "name": "Martin Petrov",
        "substituted_in": true,
        "starting_lineup": true
      },
      {
        "number": "-",
        "name": "Maxi Rodríguez",
        "substituted_in": true,
        "starting_lineup": true
      },
      {
        "number": "-",
        "name": "Fernando Torres",
        "substituted_in": true,
        "starting_lineup": true
      },
      {
        "number": "-",
        "name": "Luciano Galletti",
        "substituted_in": true,
        "starting_lineup": false
      },
      {
        "number": "-",
        "name": "Mateja Kežman",
        "substituted_in": true,
        "starting_lineup": false
      }
    ]
  },
  {
    "url": "https://www.transfermarkt.pl/rcd-mallorca_atlético-madryt/aufstellung/spielbericht/36012",
    "match_id": "36012",
    "date": "niedz., 18.12.2005",
    "competition": "LALIGA",
    "matchday": "16. Kolejka",
    "home_team": "RCD Mallorca",
    "away_team": "Atlético Madryt",
    "home_players": [
      {
        "number": "-",
        "name": "Toni Prats",
        "substituted_in": true,
        "starting_lineup": true
      },
      {
        "number": "-",
        "name": "Mark Iuliano",
        "substituted_in": true,
        "starting_lineup": true
      },
      {
        "number": "-",
        "name": "Fernando Navarro",
        "substituted_in": true,
        "starting_lineup": true
      },
      {
        "number": "-",
        "name": "Francisco Diego Maciel",
        "substituted_in": true,
        "starting_lineup": true
      },
      {
        "number": "-",
        "name": "Javier Farinós",
        "substituted_in": true,
        "starting_lineup": true
      },
      {
        "number": "-",
        "name": "Guillermo Pereyra",
        "substituted_in": true,
        "starting_lineup": true
      },
      {
        "number": "-",
        "name": "Alejandro Campano",
        "substituted_in": true,
        "starting_lineup": true
      },
      {
        "number": "-",
        "name": "Juan Arango",
        "substituted_in": true,
        "starting_lineup": true
      },
      {
        "number": "-",
        "name": "Jonás Gutiérrez",
        "substituted_in": true,
        "starting_lineup": true
      },
      {
        "number": "-",
        "name": "Tuni",
        "substituted_in": true,
        "starting_lineup": true
      },
      {
        "number": "-",
        "name": "Víctor Casadesús",
        "substituted_in": true,
        "starting_lineup": true
      },
      {
        "number": "-",
        "name": "Alessandro Potenza",
        "substituted_in": true,
        "starting_lineup": false
      },
      {
        "number": "-",
        "name": "Lampros Choutos",
        "substituted_in": true,
        "starting_lineup": false
      },
      {
        "number": "-",
        "name": "Yordi",
        "substituted_in": true,
        "starting_lineup": false
      }
    ],
    "away_players": [
      {
        "number": "-",
        "name": "Ismael Falcón",
        "substituted_in": true,
        "starting_lineup": true
      },
      {
        "number": "-",
        "name": "Pablo Ibáñez",
        "substituted_in": true,
        "starting_lineup": true
      },
      {
        "number": "-",
        "name": "Luis Amaranto Perea",
        "substituted_in": true,
        "starting_lineup": true
      },
      {
        "number": "-",
        "name": "Juan Velasco",
        "substituted_in": true,
        "starting_lineup": true
      },
      {
        "number": "-",
        "name": "Antonio López",
        "substituted_in": true,
        "starting_lineup": true
      },
      {
        "number": "-",
        "name": "Gonzalo Colsa",
        "substituted_in": true,
        "starting_lineup": true
      },
      {
        "number": "-",
        "name": "José Ignacio Zahinos",
        "substituted_in": true,
        "starting_lineup": true
      },
      {
        "number": "-",
        "name": "Ariel Ibagaza",
        "substituted_in": true,
        "starting_lineup": true
      },
      {
        "number": "-",
        "name": "Martin Petrov",
        "substituted_in": true,
        "starting_lineup": true
      },
      {
        "number": "-",
        "name": "Maxi Rodríguez",
        "substituted_in": true,
        "starting_lineup": true
      },
      {
        "number": "-",
        "name": "Fernando Torres",
        "substituted_in": true,
        "starting_lineup": true
      },
      {
        "number": "-",
        "name": "Leo Franco",
        "substituted_in": true,
        "starting_lineup": false
      },
      {
        "number": "-",
        "name": "Juan Valera",
        "substituted_in": true,
        "starting_lineup": false
      }
    ]
  },
  {
    "url": "https://www.transfermarkt.pl/atlético-madryt_cádiz-cf/aufstellung/spielbericht/49095",
    "match_id": "49095",
    "date": "czw., 27.10.2005",
    "competition": "LALIGA",
    "matchday": "11. Kolejka",
    "home_team": "Atlético Madryt",
    "away_team": "Cádiz CF",
    "home_players": [
      {
        "number": "-",
        "name": "Leo Franco",
        "substituted_in": true,
        "starting_lineup": true
      },
      {
        "number": "-",
        "name": "Pablo Ibáñez",
        "substituted_in": true,
        "starting_lineup": true
      },
      {
        "number": "-",
        "name": "Luis Amaranto Perea",
        "substituted_in": true,
        "starting_lineup": true
      },
      {
        "number": "-",
        "name": "Juan Velasco",
        "substituted_in": true,
        "starting_lineup": true
      },
      {
        "number": "-",
        "name": "Antonio López",
        "substituted_in": true,
        "starting_lineup": true
      },
      {
        "number": "-",
        "name": "Peter Luccin",
        "substituted_in": true,
        "starting_lineup": true
      },
      {
        "number": "-",
        "name": "José Ignacio Zahinos",
        "substituted_in": true,
        "starting_lineup": true
      },
      {
        "number": "-",
        "name": "Martin Petrov",
        "substituted_in": true,
        "starting_lineup": true
      },
      {
        "number": "-",
        "name": "Maxi Rodríguez",
        "substituted_in": true,
        "starting_lineup": true
      },
      {
        "number": "-",
        "name": "Mateja Kežman",
        "substituted_in": true,
        "starting_lineup": true
      },
      {
        "number": "-",
        "name": "Fernando Torres",
        "substituted_in": true,
        "starting_lineup": true
      },
      {
        "number": "-",
        "name": "Gabi",
        "substituted_in": true,
        "starting_lineup": false
      },
      {
        "number": "-",
        "name": "Ariel Ibagaza",
        "substituted_in": true,
        "starting_lineup": false
      },
      {
        "number": "-",
        "name": "Luciano Galletti",
        "substituted_in": true,
        "starting_lineup": false
      }
    ],
    "away_players": [
      {
        "number": "-",
        "name": "Armando Ribeiro",
        "substituted_in": true,
        "starting_lineup": true
      },
      {
        "number": "-",
        "name": "Ramón de Quintana",
        "substituted_in": true,
        "starting_lineup": true
      },
      {
        "number": "-",
        "name": "Abraham Paz",
        "substituted_in": true,
        "starting_lineup": true
      },
      {
        "number": "-",
        "name": "Raúl López",
        "substituted_in": true,
        "starting_lineup": true
      },
      {
        "number": "-",
        "name": "Alejandro Varela",
        "substituted_in": true,
        "starting_lineup": true
      },
      {
        "number": "-",
        "name": "Andrés Fleurquín",
        "substituted_in": true,
        "starting_lineup": true
      },
      {
        "number": "-",
        "name": "Roberto Suárez",
        "substituted_in": true,
        "starting_lineup": true
      },
      {
        "number": "-",
        "name": "Matías Pavoni",
        "substituted_in": true,
        "starting_lineup": true
      },
      {
        "number": "-",
        "name": "Jonathan Sesma",
        "substituted_in": true,
        "starting_lineup": true
      },
      {
        "number": "-",
        "name": "Enrique Ortiz",
        "substituted_in": true,
        "starting_lineup": true
      },
      {
        "number": "-",
        "name": "Oli",
        "substituted_in": true,
        "starting_lineup": true
      },
      {
        "number": "-",
        "name": "Fabián Estoyanoff",
        "substituted_in": true,
        "starting_lineup": false
      },
      {
        "number": "-",
        "name": "Juan José Bezares",
        "substituted_in": true,
        "starting_lineup": false
      },
      {
        "number": "-",
        "name": "Alexander Medina",
        "substituted_in": true,
        "starting_lineup": false
      }
    ]
  },
  {
    "url": "https://www.transfermarkt.pl/atlético-madryt_fc-barcelona/aufstellung/spielbericht/35969",
    "match_id": "35969",
    "date": "niedz., 18.09.2005",
    "competition": "LALIGA",
    "matchday": "3. Kolejka",
    "home_team": "Atlético Madryt",
    "away_team": "FC Barcelona",
    "home_players": [
      {
        "number": "25",
        "name": "Leo Franco",
        "substituted_in": true,
        "starting_lineup": true
      },
      {
        "number": "21",
        "name": "Luis Amaranto Perea",
        "substituted_in": true,
        "starting_lineup": true
      },
      {
        "number": "22",
        "name": "Pablo Ibáñez",
        "substituted_in": true,
        "starting_lineup": true
      },
      {
        "number": "3",
        "name": "Antonio López",
        "substituted_in": true,
        "starting_lineup": true
      },
      {
        "number": "2",
        "name": "Juan Velasco",
        "substituted_in": true,
        "starting_lineup": true
      },
      {
        "number": "23",
        "name": "Peter Luccin",
        "substituted_in": true,
        "starting_lineup": true
      },
      {
        "number": "20",
        "name": "Gabi",
        "substituted_in": true,
        "starting_lineup": true
      },
      {
        "number": "17",
        "name": "Martin Petrov",
        "substituted_in": true,
        "starting_lineup": true
      },
      {
        "number": "11",
        "name": "Maxi Rodríguez",
        "substituted_in": true,
        "starting_lineup": true
      },
      {
        "number": "9",
        "name": "Fernando Torres",
        "substituted_in": true,
        "starting_lineup": true
      },
      {
        "number": "10",
        "name": "Mateja Kežman",
        "substituted_in": true,
        "starting_lineup": true
      },
      {
        "number": "5",
        "name": "García Calvo",
        "substituted_in": true,
        "starting_lineup": false
      },
      {
        "number": "6",
        "name": "José Ignacio Zahinos",
        "substituted_in": true,
        "starting_lineup": false
      },
      {
        "number": "7",
        "name": "Luciano Galletti",
        "substituted_in": true,
        "starting_lineup": false
      }
    ],
    "away_players": [
      {
        "number": "1",
        "name": "Víctor Valdés",
        "substituted_in": true,
        "starting_lineup": true
      },
      {
        "number": "4",
        "name": "Rafa Márquez",
        "substituted_in": true,
        "starting_lineup": true
      },
      {
        "number": "5",
        "name": "Carles Puyol",
        "substituted_in": true,
        "starting_lineup": true
      },
      {
        "number": "12",
        "name": "Giovanni van Bronckhorst",
        "substituted_in": true,
        "starting_lineup": true
      },
      {
        "number": "23",
        "name": "Oleguer",
        "substituted_in": true,
        "starting_lineup": true
      },
      {
        "number": "15",
        "name": "Edmílson",
        "substituted_in": true,
        "starting_lineup": true
      },
      {
        "number": "6",
        "name": "Xavi",
        "substituted_in": true,
        "starting_lineup": true
      },
      {
        "number": "20",
        "name": "Deco",
        "substituted_in": true,
        "starting_lineup": true
      },
      {
        "number": "10",
        "name": "Ronaldinho",
        "substituted_in": true,
        "starting_lineup": true
      },
      {
        "number": "8",
        "name": "Ludovic Giuly",
        "substituted_in": true,
        "starting_lineup": true
      },
      {
        "number": "9",
        "name": "Samuel Eto'o",
        "substituted_in": true,
        "starting_lineup": true
      },
      {
        "number": "24",
        "name": "Andrés Iniesta",
        "substituted_in": true,
        "starting_lineup": false
      },
      {
        "number": "17",
        "name": "Mark van Bommel",
        "substituted_in": true,
        "starting_lineup": false
      },
      {
        "number": "7",
        "name": "Henrik Larsson",
        "substituted_in": true,
        "starting_lineup": false
      }
    ]
  },
  {
    "url": "https://www.transfermarkt.pl/rcd-espanyol_atlético-madryt/aufstellung/spielbericht/35940",
    "match_id": "35940",
    "date": "niedz., 09.04.2006",
    "competition": "LALIGA",
    "matchday": "32. Kolejka",
    "home_team": "RCD Espanyol",
    "away_team": "Atlético Madryt",
    "home_players": [
      {
        "number": "-",
        "name": "Gorka Iraizoz",
        "substituted_in": true,
        "starting_lineup": true
      },
      {
        "number": "-",
        "name": "Dani Jarque",
        "substituted_in": true,
        "starting_lineup": true
      },
      {
        "number": "-",
        "name": "Alberto Lopo",
        "substituted_in": true,
        "starting_lineup": true
      },
      {
        "number": "-",
        "name": "Sergio Sánchez",
        "substituted_in": true,
        "starting_lineup": true
      },
      {
        "number": "-",
        "name": "David García",
        "substituted_in": true,
        "starting_lineup": true
      },
      {
        "number": "-",
        "name": "Juanfran Torres",
        "substituted_in": true,
        "starting_lineup": true
      },
      {
        "number": "-",
        "name": "Pablo Zabaleta",
        "substituted_in": true,
        "starting_lineup": true
      },
      {
        "number": "-",
        "name": "Eduardo Costa",
        "substituted_in": true,
        "starting_lineup": true
      },
      {
        "number": "-",
        "name": "Luis García",
        "substituted_in": true,
        "starting_lineup": true
      },
      {
        "number": "-",
        "name": "Iván de la Peña",
        "substituted_in": true,
        "starting_lineup": true
      },
      {
        "number": "-",
        "name": "Ferrán Corominas",
        "substituted_in": true,
        "starting_lineup": true
      },
      {
        "number": "-",
        "name": "Walter Pandiani",
        "substituted_in": true,
        "starting_lineup": false
      },
      {
        "number": "-",
        "name": "Raúl Tamudo",
        "substituted_in": true,
        "starting_lineup": false
      }
    ],
    "away_players": [
      {
        "number": "-",
        "name": "Leo Franco",
        "substituted_in": true,
        "starting_lineup": true
      },
      {
        "number": "-",
        "name": "García Calvo",
        "substituted_in": true,
        "starting_lineup": true
      },
      {
        "number": "-",
        "name": "Luis Amaranto Perea",
        "substituted_in": true,
        "starting_lineup": true
      },
      {
        "number": "-",
        "name": "Antonio López",
        "substituted_in": true,
        "starting_lineup": true
      },
      {
        "number": "-",
        "name": "Francisco Molinero",
        "substituted_in": true,
        "starting_lineup": true
      },
      {
        "number": "-",
        "name": "Juan Valera",
        "substituted_in": true,
        "starting_lineup": true
      },
      {
        "number": "-",
        "name": "Peter Luccin",
        "substituted_in": true,
        "starting_lineup": true
      },
      {
        "number": "-",
        "name": "Ariel Ibagaza",
        "substituted_in": true,
        "starting_lineup": true
      },
      {
        "number": "-",
        "name": "Luciano Galletti",
        "substituted_in": true,
        "starting_lineup": true
      },
      {
        "number": "-",
        "name": "Mateja Kežman",
        "substituted_in": true,
        "starting_lineup": true
      },
      {
        "number": "-",
        "name": "Fernando Torres",
        "substituted_in": true,
        "starting_lineup": true
      },
      {
        "number": "-",
        "name": "José Ignacio Zahinos",
        "substituted_in": true,
        "starting_lineup": false
      },
      {
        "number": "-",
        "name": "Gabi",
        "substituted_in": true,
        "starting_lineup": false
      }
    ]
  },
  {
    "url": "https://www.transfermarkt.pl/atlético-madryt_real-madryt/aufstellung/spielbericht/37238",
    "match_id": "37238",
    "date": "sob., 15.10.2005",
    "competition": "LALIGA",
    "matchday": "7. Kolejka",
    "home_team": "Atlético Madryt",
    "away_team": "Real Madryt",
    "home_players": [
      {
        "number": "25",
        "name": "Leo Franco",
        "substituted_in": true,
        "starting_lineup": true
      },
      {
        "number": "21",
        "name": "Luis Amaranto Perea",
        "substituted_in": true,
        "starting_lineup": true
      },
      {
        "number": "22",
        "name": "Pablo Ibáñez",
        "substituted_in": true,
        "starting_lineup": true
      },
      {
        "number": "3",
        "name": "Antonio López",
        "substituted_in": true,
        "starting_lineup": true
      },
      {
        "number": "2",
        "name": "Juan Velasco",
        "substituted_in": true,
        "starting_lineup": true
      },
      {
        "number": "6",
        "name": "José Ignacio Zahinos",
        "substituted_in": true,
        "starting_lineup": true
      },
      {
        "number": "23",
        "name": "Peter Luccin",
        "substituted_in": true,
        "starting_lineup": true
      },
      {
        "number": "17",
        "name": "Martin Petrov",
        "substituted_in": true,
        "starting_lineup": true
      },
      {
        "number": "11",
        "name": "Maxi Rodríguez",
        "substituted_in": true,
        "starting_lineup": true
      },
      {
        "number": "10",
        "name": "Mateja Kežman",
        "substituted_in": true,
        "starting_lineup": true
      },
      {
        "number": "9",
        "name": "Fernando Torres",
        "substituted_in": true,
        "starting_lineup": true
      },
      {
        "number": "18",
        "name": "Juan Valera",
        "substituted_in": true,
        "starting_lineup": false
      },
      {
        "number": "20",
        "name": "Gabi",
        "substituted_in": true,
        "starting_lineup": false
      }
    ],
    "away_players": [
      {
        "number": "1",
        "name": "Iker Casillas",
        "substituted_in": true,
        "starting_lineup": true
      },
      {
        "number": "4",
        "name": "Sergio Ramos",
        "substituted_in": true,
        "starting_lineup": true
      },
      {
        "number": "6",
        "name": "Iván Helguera",
        "substituted_in": true,
        "starting_lineup": true
      },
      {
        "number": "3",
        "name": "Roberto Carlos",
        "substituted_in": true,
        "starting_lineup": true
      },
      {
        "number": "2",
        "name": "Míchel Salgado",
        "substituted_in": true,
        "starting_lineup": true
      },
      {
        "number": "12",
        "name": "Pablo García",
        "substituted_in": true,
        "starting_lineup": true
      },
      {
        "number": "23",
        "name": "David Beckham",
        "substituted_in": true,
        "starting_lineup": true
      },
      {
        "number": "5",
        "name": "Zinédine Zidane",
        "substituted_in": true,
        "starting_lineup": true
      },
      {
        "number": "8",
        "name": "Júlio Baptista",
        "substituted_in": true,
        "starting_lineup": true
      },
      {
        "number": "7",
        "name": "Raúl",
        "substituted_in": true,
        "starting_lineup": true
      },
      {
        "number": "9",
        "name": "Ronaldo",
        "substituted_in": true,
        "starting_lineup": true
      },
      {
        "number": "21",
        "name": "Carlos Diogo",
        "substituted_in": true,
        "starting_lineup": false
      },
      {
        "number": "14",
        "name": "Guti",
        "substituted_in": true,
        "starting_lineup": false
      },
      {
        "number": "10",
        "name": "Robinho",
        "substituted_in": true,
        "starting_lineup": false
      }
    ]
  },
  {
    "url": "https://www.transfermarkt.pl/atlético-madryt_sevilla-fc/aufstellung/spielbericht/37332",
    "match_id": "37332",
    "date": "śr., 22.03.2006",
    "competition": "LALIGA",
    "matchday": "29. Kolejka",
    "home_team": "Atlético Madryt",
    "away_team": "Sevilla FC",
    "home_players": [
      {
        "number": "-",
        "name": "Leo Franco",
        "substituted_in": true,
        "starting_lineup": true
      },
      {
        "number": "-",
        "name": "Pablo Ibáñez",
        "substituted_in": true,
        "starting_lineup": true
      },
      {
        "number": "-",
        "name": "Luis Amaranto Perea",
        "substituted_in": true,
        "starting_lineup": true
      },
      {
        "number": "-",
        "name": "Juan Velasco",
        "substituted_in": true,
        "starting_lineup": true
      },
      {
        "number": "-",
        "name": "Antonio López",
        "substituted_in": true,
        "starting_lineup": true
      },
      {
        "number": "-",
        "name": "Peter Luccin",
        "substituted_in": true,
        "starting_lineup": true
      },
      {
        "number": "-",
        "name": "Ariel Ibagaza",
        "substituted_in": true,
        "starting_lineup": true
      },
      {
        "number": "-",
        "name": "Martin Petrov",
        "substituted_in": true,
        "starting_lineup": true
      },
      {
        "number": "-",
        "name": "Luciano Galletti",
        "substituted_in": true,
        "starting_lineup": true
      },
      {
        "number": "-",
        "name": "Manu del Moral",
        "substituted_in": true,
        "starting_lineup": true
      },
      {
        "number": "-",
        "name": "Fernando Torres",
        "substituted_in": true,
        "starting_lineup": true
      },
      {
        "number": "-",
        "name": "Gonzalo Colsa",
        "substituted_in": true,
        "starting_lineup": false
      },
      {
        "number": "-",
        "name": "Fernando Marqués",
        "substituted_in": true,
        "starting_lineup": false
      }
    ],
    "away_players": [
      {
        "number": "-",
        "name": "Andrés Palop",
        "substituted_in": true,
        "starting_lineup": true
      },
      {
        "number": "-",
        "name": "Ivica Dragutinovic",
        "substituted_in": true,
        "starting_lineup": true
      },
      {
        "number": "-",
        "name": "Javi Navarro",
        "substituted_in": true,
        "starting_lineup": true
      },
      {
        "number": "-",
        "name": "David Castedo",
        "substituted_in": true,
        "starting_lineup": true
      },
      {
        "number": "-",
        "name": "Adriano",
        "substituted_in": true,
        "starting_lineup": true
      },
      {
        "number": "-",
        "name": "Dani Alves",
        "substituted_in": true,
        "starting_lineup": true
      },
      {
        "number": "-",
        "name": "Josep Lluís Martí",
        "substituted_in": true,
        "starting_lineup": true
      },
      {
        "number": "-",
        "name": "Renato",
        "substituted_in": true,
        "starting_lineup": true
      },
      {
        "number": "-",
        "name": "Fernando Sales",
        "substituted_in": true,
        "starting_lineup": true
      },
      {
        "number": "-",
        "name": "Javier Saviola",
        "substituted_in": true,
        "starting_lineup": true
      },
      {
        "number": "-",
        "name": "Frédéric Kanouté",
        "substituted_in": true,
        "starting_lineup": true
      },
      {
        "number": "-",
        "name": "Julien Escudé",
        "substituted_in": true,
        "starting_lineup": false
      },
      {
        "number": "-",
        "name": "Antonio Puerta",
        "substituted_in": true,
        "starting_lineup": false
      },
      {
        "number": "-",
        "name": "Jordi López",
        "substituted_in": true,
        "starting_lineup": false
      }
    ]
  },
  {
    "url": "https://www.transfermarkt.pl/atlético-madryt_athletic-bilbao/aufstellung/spielbericht/35943",
    "match_id": "35943",
    "date": "niedz., 16.04.2006",
    "competition": "LALIGA",
    "matchday": "33. Kolejka",
    "home_team": "Atlético Madryt",
    "away_team": "Athletic Bilbao",
    "home_players": [
      {
        "number": "-",
        "name": "Leo Franco",
        "substituted_in": true,
        "starting_lineup": true
      },
      {
        "number": "-",
        "name": "Pablo Ibáñez",
        "substituted_in": true,
        "starting_lineup": true
      },
      {
        "number": "-",
        "name": "Luis Amaranto Perea",
        "substituted_in": true,
        "starting_lineup": true
      },
      {
        "number": "-",
        "name": "Antonio López",
        "substituted_in": true,
        "starting_lineup": true
      },
      {
        "number": "-",
        "name": "Francisco Molinero",
        "substituted_in": true,
        "starting_lineup": true
      },
      {
        "number": "-",
        "name": "Peter Luccin",
        "substituted_in": true,
        "starting_lineup": true
      },
      {
        "number": "-",
        "name": "Ariel Ibagaza",
        "substituted_in": true,
        "starting_lineup": true
      },
      {
        "number": "-",
        "name": "Martin Petrov",
        "substituted_in": true,
        "starting_lineup": true
      },
      {
        "number": "-",
        "name": "Luciano Galletti",
        "substituted_in": true,
        "starting_lineup": true
      },
      {
        "number": "-",
        "name": "Mateja Kežman",
        "substituted_in": true,
        "starting_lineup": true
      },
      {
        "number": "-",
        "name": "Fernando Torres",
        "substituted_in": true,
        "starting_lineup": true
      },
      {
        "number": "-",
        "name": "Juan Valera",
        "substituted_in": true,
        "starting_lineup": false
      },
      {
        "number": "-",
        "name": "Gabi",
        "substituted_in": true,
        "starting_lineup": false
      },
      {
        "number": "-",
        "name": "Fernando Marqués",
        "substituted_in": true,
        "starting_lineup": false
      }
    ],
    "away_players": [
      {
        "number": "-",
        "name": "Iñaki Lafuente",
        "substituted_in": true,
        "starting_lineup": true
      },
      {
        "number": "-",
        "name": "Fernando Amorebieta",
        "substituted_in": true,
        "starting_lineup": true
      },
      {
        "number": "-",
        "name": "Ustaritz",
        "substituted_in": true,
        "starting_lineup": true
      },
      {
        "number": "-",
        "name": "Ander Murillo",
        "substituted_in": true,
        "starting_lineup": true
      },
      {
        "number": "-",
        "name": "Luis Prieto",
        "substituted_in": true,
        "starting_lineup": true
      },
      {
        "number": "-",
        "name": "Javi Casas",
        "substituted_in": true,
        "starting_lineup": true
      },
      {
        "number": "-",
        "name": "Mari Lacruz",
        "substituted_in": true,
        "starting_lineup": true
      },
      {
        "number": "-",
        "name": "Andoni Iraola",
        "substituted_in": true,
        "starting_lineup": true
      },
      {
        "number": "-",
        "name": "Pablo Orbaiz",
        "substituted_in": true,
        "starting_lineup": true
      },
      {
        "number": "-",
        "name": "Fran Yeste",
        "substituted_in": true,
        "starting_lineup": true
      },
      {
        "number": "-",
        "name": "Ismael Urzaiz",
        "substituted_in": true,
        "starting_lineup": true
      },
      {
        "number": "-",
        "name": "Tiko",
        "substituted_in": true,
        "starting_lineup": false
      },
      {
        "number": "-",
        "name": "Mikel Dañobeitia",
        "substituted_in": true,
        "starting_lineup": false
      },
      {
        "number": "-",
        "name": "Fernando Llorente",
        "substituted_in": true,
        "starting_lineup": false
      }
    ]
  },
  {
    "url": "https://www.transfermarkt.pl/atlético-madryt_ca-osasuna/aufstellung/spielbericht/35955",
    "match_id": "35955",
    "date": "śr., 03.05.2006",
    "competition": "LALIGA",
    "matchday": "36. Kolejka",
    "home_team": "Atlético Madryt",
    "away_team": "CA Osasuna",
    "home_players": [
      {
        "number": "-",
        "name": "Leo Franco",
        "substituted_in": true,
        "starting_lineup": true
      },
      {
        "number": "-",
        "name": "Luis Amaranto Perea",
        "substituted_in": true,
        "starting_lineup": true
      },
      {
        "number": "-",
        "name": "Pablo Sicilia",
        "substituted_in": true,
        "starting_lineup": true
      },
      {
        "number": "-",
        "name": "Antonio López",
        "substituted_in": true,
        "starting_lineup": true
      },
      {
        "number": "-",
        "name": "Francisco Molinero",
        "substituted_in": true,
        "starting_lineup": true
      },
      {
        "number": "-",
        "name": "Juan Valera",
        "substituted_in": true,
        "starting_lineup": true
      },
      {
        "number": "-",
        "name": "Peter Luccin",
        "substituted_in": true,
        "starting_lineup": true
      },
      {
        "number": "-",
        "name": "Ariel Ibagaza",
        "substituted_in": true,
        "starting_lineup": true
      },
      {
        "number": "-",
        "name": "Luciano Galletti",
        "substituted_in": true,
        "starting_lineup": true
      },
      {
        "number": "-",
        "name": "Mateja Kežman",
        "substituted_in": true,
        "starting_lineup": true
      },
      {
        "number": "-",
        "name": "Fernando Torres",
        "substituted_in": true,
        "starting_lineup": true
      },
      {
        "number": "-",
        "name": "Martin Petrov",
        "substituted_in": true,
        "starting_lineup": false
      },
      {
        "number": "-",
        "name": "Maxi Rodríguez",
        "substituted_in": true,
        "starting_lineup": false
      },
      {
        "number": "-",
        "name": "Fernando Marqués",
        "substituted_in": true,
        "starting_lineup": false
      }
    ],
    "away_players": [
      {
        "number": "-",
        "name": "Ricardo",
        "substituted_in": true,
        "starting_lineup": true
      },
      {
        "number": "-",
        "name": "César Cruchaga",
        "substituted_in": true,
        "starting_lineup": true
      },
      {
        "number": "-",
        "name": "Josetxo",
        "substituted_in": true,
        "starting_lineup": true
      },
      {
        "number": "-",
        "name": "Rafael Clavero",
        "substituted_in": true,
        "starting_lineup": true
      },
      {
        "number": "-",
        "name": "José Izquierdo",
        "substituted_in": true,
        "starting_lineup": true
      },
      {
        "number": "-",
        "name": "Iñaki Muñoz",
        "substituted_in": true,
        "starting_lineup": true
      },
      {
        "number": "-",
        "name": "Patxi Puñal",
        "substituted_in": true,
        "starting_lineup": true
      },
      {
        "number": "-",
        "name": "David López",
        "substituted_in": true,
        "starting_lineup": true
      },
      {
        "number": "-",
        "name": "Ludovic Delporte",
        "substituted_in": true,
        "starting_lineup": true
      },
      {
        "number": "-",
        "name": "Savo Milosevic",
        "substituted_in": true,
        "starting_lineup": true
      },
      {
        "number": "-",
        "name": "Bernardo Romeo",
        "substituted_in": true,
        "starting_lineup": true
      },
      {
        "number": "-",
        "name": "Enrique Corrales",
        "substituted_in": true,
        "starting_lineup": false
      },
      {
        "number": "-",
        "name": "Raúl García",
        "substituted_in": true,
        "starting_lineup": false
      },
      {
        "number": "-",
        "name": "Pierre Webó",
        "substituted_in": true,
        "starting_lineup": false
      }
    ]
  },
  {
    "url": "https://www.transfermarkt.pl/real-zaragoza_atlético-madryt/aufstellung/spielbericht/2423100",
    "match_id": "2423100",
    "date": "śr., 18.01.2006",
    "competition": "Unknown",
    "matchday": "Unknown",
    "home_team": "Real Zaragoza",
    "away_team": "Atlético Madryt",
    "home_players": [
      {
        "number": "-",
        "name": "César Sánchez",
        "substituted_in": true,
        "starting_lineup": true
      },
      {
        "number": "-",
        "name": "Gabriel Milito",
        "substituted_in": true,
        "starting_lineup": true
      },
      {
        "number": "-",
        "name": "Álvaro",
        "substituted_in": true,
        "starting_lineup": true
      },
      {
        "number": "-",
        "name": "Delio Toledo",
        "substituted_in": true,
        "starting_lineup": true
      },
      {
        "number": "-",
        "name": "José María Movilla",
        "substituted_in": true,
        "starting_lineup": true
      },
      {
        "number": "-",
        "name": "Albert Celades",
        "substituted_in": true,
        "starting_lineup": true
      },
      {
        "number": "-",
        "name": "Leonardo Ponzio",
        "substituted_in": true,
        "starting_lineup": true
      },
      {
        "number": "-",
        "name": "David Generelo",
        "substituted_in": true,
        "starting_lineup": true
      },
      {
        "number": "-",
        "name": "Óscar González",
        "substituted_in": true,
        "starting_lineup": true
      },
      {
        "number": "-",
        "name": "Cani",
        "substituted_in": true,
        "starting_lineup": true
      },
      {
        "number": "-",
        "name": "Ewerthon",
        "substituted_in": true,
        "starting_lineup": true
      },
      {
        "number": "-",
        "name": "Carlos Cuartero",
        "substituted_in": true,
        "starting_lineup": false
      },
      {
        "number": "-",
        "name": "Alberto Zapater",
        "substituted_in": true,
        "starting_lineup": false
      },
      {
        "number": "-",
        "name": "Diego Milito",
        "substituted_in": true,
        "starting_lineup": false
      }
    ],
    "away_players": [
      {
        "number": "30",
        "name": "Ismael Falcón",
        "substituted_in": true,
        "starting_lineup": true
      },
      {
        "number": "2",
        "name": "Juan Velasco",
        "substituted_in": true,
        "starting_lineup": true
      },
      {
        "number": "5",
        "name": "García Calvo",
        "substituted_in": true,
        "starting_lineup": true
      },
      {
        "number": "22",
        "name": "Pablo Ibáñez",
        "substituted_in": true,
        "starting_lineup": true
      },
      {
        "number": "3",
        "name": "Antonio López",
        "substituted_in": true,
        "starting_lineup": true
      },
      {
        "number": "23",
        "name": "Peter Luccin",
        "substituted_in": true,
        "starting_lineup": true
      },
      {
        "number": "8",
        "name": "Ariel Ibagaza",
        "substituted_in": true,
        "starting_lineup": true
      },
      {
        "number": "17",
        "name": "Martin Petrov",
        "substituted_in": true,
        "starting_lineup": true
      },
      {
        "number": "7",
        "name": "Luciano Galletti",
        "substituted_in": true,
        "starting_lineup": true
      },
      {
        "number": "9",
        "name": "Fernando Torres",
        "substituted_in": true,
        "starting_lineup": true
      },
      {
        "number": "10",
        "name": "Mateja Kežman",
        "substituted_in": true,
        "starting_lineup": true
      },
      {
        "number": "21",
        "name": "Luis Amaranto Perea",
        "substituted_in": true,
        "starting_lineup": false
      },
      {
        "number": "11",
        "name": "Maxi Rodríguez",
        "substituted_in": true,
        "starting_lineup": false
      }
    ]
  },
  {
    "url": "https://www.transfermarkt.pl/atlético-madryt_málaga-cf/aufstellung/spielbericht/35917",
    "match_id": "35917",
    "date": "sob., 25.02.2006",
    "competition": "LALIGA",
    "matchday": "25. Kolejka",
    "home_team": "Atlético Madryt",
    "away_team": "Málaga CF",
    "home_players": [
      {
        "number": "-",
        "name": "Leo Franco",
        "substituted_in": true,
        "starting_lineup": true
      },
      {
        "number": "-",
        "name": "Pablo Ibáñez",
        "substituted_in": true,
        "starting_lineup": true
      },
      {
        "number": "-",
        "name": "Luis Amaranto Perea",
        "substituted_in": true,
        "starting_lineup": true
      },
      {
        "number": "-",
        "name": "Juan Velasco",
        "substituted_in": true,
        "starting_lineup": true
      },
      {
        "number": "-",
        "name": "Antonio López",
        "substituted_in": true,
        "starting_lineup": true
      },
      {
        "number": "-",
        "name": "Peter Luccin",
        "substituted_in": true,
        "starting_lineup": true
      },
      {
        "number": "-",
        "name": "Gabi",
        "substituted_in": true,
        "starting_lineup": true
      },
      {
        "number": "-",
        "name": "Martin Petrov",
        "substituted_in": true,
        "starting_lineup": true
      },
      {
        "number": "-",
        "name": "Maxi Rodríguez",
        "substituted_in": true,
        "starting_lineup": true
      },
      {
        "number": "-",
        "name": "Mateja Kežman",
        "substituted_in": true,
        "starting_lineup": true
      },
      {
        "number": "-",
        "name": "Fernando Torres",
        "substituted_in": true,
        "starting_lineup": true
      },
      {
        "number": "-",
        "name": "Juan Valera",
        "substituted_in": true,
        "starting_lineup": false
      },
      {
        "number": "-",
        "name": "Gonzalo Colsa",
        "substituted_in": true,
        "starting_lineup": false
      },
      {
        "number": "-",
        "name": "Manu del Moral",
        "substituted_in": true,
        "starting_lineup": false
      }
    ],
    "away_players": [
      {
        "number": "-",
        "name": "Iñaki Goitia",
        "substituted_in": true,
        "starting_lineup": true
      },
      {
        "number": "-",
        "name": "Litos",
        "substituted_in": true,
        "starting_lineup": true
      },
      {
        "number": "-",
        "name": "Alexis Ruano",
        "substituted_in": true,
        "starting_lineup": true
      },
      {
        "number": "-",
        "name": "Jorge Ribeiro",
        "substituted_in": true,
        "starting_lineup": true
      },
      {
        "number": "-",
        "name": "Nacho",
        "substituted_in": true,
        "starting_lineup": true
      },
      {
        "number": "-",
        "name": "Gerardo García",
        "substituted_in": true,
        "starting_lineup": true
      },
      {
        "number": "-",
        "name": "Anderson Silva",
        "substituted_in": true,
        "starting_lineup": true
      },
      {
        "number": "-",
        "name": "Antonio Hidalgo",
        "substituted_in": true,
        "starting_lineup": true
      },
      {
        "number": "-",
        "name": "Duda",
        "substituted_in": true,
        "starting_lineup": true
      },
      {
        "number": "-",
        "name": "Edgar",
        "substituted_in": true,
        "starting_lineup": true
      },
      {
        "number": "-",
        "name": "Salva Ballesta",
        "substituted_in": true,
        "starting_lineup": true
      },
      {
        "number": "-",
        "name": "Gabriel",
        "substituted_in": true,
        "starting_lineup": false
      },
      {
        "number": "-",
        "name": "Ricardo Bóvio",
        "substituted_in": true,
        "starting_lineup": false
      },
      {
        "number": "-",
        "name": "Richard Morales",
        "substituted_in": true,
        "starting_lineup": false
      }
    ]
  },
  {
    "url": "https://www.transfermarkt.pl/deportivo-alavés_atlético-madryt/aufstellung/spielbericht/35944",
    "match_id": "35944",
    "date": "niedz., 23.04.2006",
    "competition": "LALIGA",
    "matchday": "34. Kolejka",
    "home_team": "Deportivo Alavés",
    "away_team": "Atlético Madryt",
    "home_players": [
      {
        "number": "-",
        "name": "Franco Costanzo",
        "substituted_in": true,
        "starting_lineup": true
      },
      {
        "number": "-",
        "name": "Gaspar Gálvez",
        "substituted_in": true,
        "starting_lineup": true
      },
      {
        "number": "-",
        "name": "Josu Sarriegi",
        "substituted_in": true,
        "starting_lineup": true
      },
      {
        "number": "-",
        "name": "David Coromina",
        "substituted_in": true,
        "starting_lineup": true
      },
      {
        "number": "-",
        "name": "Edu Alonso",
        "substituted_in": true,
        "starting_lineup": true
      },
      {
        "number": "-",
        "name": "Juanito",
        "substituted_in": true,
        "starting_lineup": true
      },
      {
        "number": "-",
        "name": "Martín Astudillo",
        "substituted_in": true,
        "starting_lineup": true
      },
      {
        "number": "-",
        "name": "Santiago Carpintero",
        "substituted_in": true,
        "starting_lineup": true
      },
      {
        "number": "-",
        "name": "Nenê",
        "substituted_in": true,
        "starting_lineup": true
      },
      {
        "number": "-",
        "name": "John Aloisi",
        "substituted_in": true,
        "starting_lineup": true
      },
      {
        "number": "-",
        "name": "Rodolfo Bodipo",
        "substituted_in": true,
        "starting_lineup": true
      },
      {
        "number": "-",
        "name": "Jandro Castro",
        "substituted_in": true,
        "starting_lineup": false
      },
      {
        "number": "-",
        "name": "Quique de Lucas",
        "substituted_in": true,
        "starting_lineup": false
      }
    ],
    "away_players": [
      {
        "number": "-",
        "name": "Leo Franco",
        "substituted_in": true,
        "starting_lineup": true
      },
      {
        "number": "-",
        "name": "Pablo Ibáñez",
        "substituted_in": true,
        "starting_lineup": true
      },
      {
        "number": "-",
        "name": "Luis Amaranto Perea",
        "substituted_in": true,
        "starting_lineup": true
      },
      {
        "number": "-",
        "name": "Antonio López",
        "substituted_in": true,
        "starting_lineup": true
      },
      {
        "number": "-",
        "name": "Francisco Molinero",
        "substituted_in": true,
        "starting_lineup": true
      },
      {
        "number": "-",
        "name": "Juan Valera",
        "substituted_in": true,
        "starting_lineup": true
      },
      {
        "number": "-",
        "name": "Peter Luccin",
        "substituted_in": true,
        "starting_lineup": true
      },
      {
        "number": "-",
        "name": "Gabi",
        "substituted_in": true,
        "starting_lineup": true
      },
      {
        "number": "-",
        "name": "Luciano Galletti",
        "substituted_in": true,
        "starting_lineup": true
      },
      {
        "number": "-",
        "name": "Fernando Marqués",
        "substituted_in": true,
        "starting_lineup": true
      },
      {
        "number": "-",
        "name": "Manu del Moral",
        "substituted_in": true,
        "starting_lineup": true
      },
      {
        "number": "-",
        "name": "García Calvo",
        "substituted_in": true,
        "starting_lineup": false
      },
      {
        "number": "-",
        "name": "Martin Petrov",
        "substituted_in": true,
        "starting_lineup": false
      },
      {
        "number": "-",
        "name": "Rufino Segovia",
        "substituted_in": true,
        "starting_lineup": false
      }
    ]
  },
  {
    "url": "https://www.transfermarkt.pl/atlético-madryt_deportivo-alavés/aufstellung/spielbericht/35897",
    "match_id": "35897",
    "date": "niedz., 11.12.2005",
    "competition": "LALIGA",
    "matchday": "15. Kolejka",
    "home_team": "Atlético Madryt",
    "away_team": "Deportivo Alavés",
    "home_players": [
      {
        "number": "-",
        "name": "Ismael Falcón",
        "substituted_in": true,
        "starting_lineup": true
      },
      {
        "number": "-",
        "name": "Pablo Ibáñez",
        "substituted_in": true,
        "starting_lineup": true
      },
      {
        "number": "-",
        "name": "Luis Amaranto Perea",
        "substituted_in": true,
        "starting_lineup": true
      },
      {
        "number": "-",
        "name": "Antonio López",
        "substituted_in": true,
        "starting_lineup": true
      },
      {
        "number": "-",
        "name": "Juan Valera",
        "substituted_in": true,
        "starting_lineup": true
      },
      {
        "number": "-",
        "name": "Peter Luccin",
        "substituted_in": true,
        "starting_lineup": true
      },
      {
        "number": "-",
        "name": "Gabi",
        "substituted_in": true,
        "starting_lineup": true
      },
      {
        "number": "-",
        "name": "Ariel Ibagaza",
        "substituted_in": true,
        "starting_lineup": true
      },
      {
        "number": "-",
        "name": "Maxi Rodríguez",
        "substituted_in": true,
        "starting_lineup": true
      },
      {
        "number": "-",
        "name": "Mateja Kežman",
        "substituted_in": true,
        "starting_lineup": true
      },
      {
        "number": "-",
        "name": "Fernando Torres",
        "substituted_in": true,
        "starting_lineup": true
      },
      {
        "number": "-",
        "name": "José Ignacio Zahinos",
        "substituted_in": true,
        "starting_lineup": false
      },
      {
        "number": "-",
        "name": "Martin Petrov",
        "substituted_in": true,
        "starting_lineup": false
      }
    ],
    "away_players": [
      {
        "number": "-",
        "name": "Franco Costanzo",
        "substituted_in": true,
        "starting_lineup": true
      },
      {
        "number": "-",
        "name": "Gaspar Gálvez",
        "substituted_in": true,
        "starting_lineup": true
      },
      {
        "number": "-",
        "name": "Josu Sarriegi",
        "substituted_in": true,
        "starting_lineup": true
      },
      {
        "number": "-",
        "name": "Poli",
        "substituted_in": true,
        "starting_lineup": true
      },
      {
        "number": "-",
        "name": "Edu Alonso",
        "substituted_in": true,
        "starting_lineup": true
      },
      {
        "number": "-",
        "name": "Mehdi Lacen",
        "substituted_in": true,
        "starting_lineup": true
      },
      {
        "number": "-",
        "name": "Juanito",
        "substituted_in": true,
        "starting_lineup": true
      },
      {
        "number": "-",
        "name": "Martín Astudillo",
        "substituted_in": true,
        "starting_lineup": true
      },
      {
        "number": "-",
        "name": "Santiago Carpintero",
        "substituted_in": true,
        "starting_lineup": true
      },
      {
        "number": "-",
        "name": "Nenê",
        "substituted_in": true,
        "starting_lineup": true
      },
      {
        "number": "-",
        "name": "Rodolfo Bodipo",
        "substituted_in": true,
        "starting_lineup": true
      },
      {
        "number": "-",
        "name": "David Coromina",
        "substituted_in": true,
        "starting_lineup": false
      },
      {
        "number": "-",
        "name": "Jandro Castro",
        "substituted_in": true,
        "starting_lineup": false
      },
      {
        "number": "-",
        "name": "John Aloisi",
        "substituted_in": true,
        "starting_lineup": false
      }
    ]
  },
  {
    "url": "https://www.transfermarkt.pl/atlético-madryt_celta-de-vigo/aufstellung/spielbericht/35935",
    "match_id": "35935",
    "date": "niedz., 02.04.2006",
    "competition": "LALIGA",
    "matchday": "31. Kolejka",
    "home_team": "Atlético Madryt",
    "away_team": "Celta de Vigo",
    "home_players": [
      {
        "number": "25",
        "name": "Leo Franco",
        "substituted_in": true,
        "starting_lineup": true
      },
      {
        "number": "21",
        "name": "Luis Amaranto Perea",
        "substituted_in": true,
        "starting_lineup": true
      },
      {
        "number": "22",
        "name": "Pablo Ibáñez",
        "substituted_in": true,
        "starting_lineup": true
      },
      {
        "number": "3",
        "name": "Antonio López",
        "substituted_in": true,
        "starting_lineup": true
      },
      {
        "number": "2",
        "name": "Juan Velasco",
        "substituted_in": true,
        "starting_lineup": true
      },
      {
        "number": "23",
        "name": "Peter Luccin",
        "substituted_in": true,
        "starting_lineup": true
      },
      {
        "number": "20",
        "name": "Gabi",
        "substituted_in": true,
        "starting_lineup": true
      },
      {
        "number": "17",
        "name": "Martin Petrov",
        "substituted_in": true,
        "starting_lineup": true
      },
      {
        "number": "7",
        "name": "Luciano Galletti",
        "substituted_in": true,
        "starting_lineup": true
      },
      {
        "number": "9",
        "name": "Fernando Torres",
        "substituted_in": true,
        "starting_lineup": true
      },
      {
        "number": "10",
        "name": "Mateja Kežman",
        "substituted_in": true,
        "starting_lineup": true
      },
      {
        "number": "7",
        "name": "Fernando Marqués",
        "substituted_in": true,
        "starting_lineup": false
      }
    ],
    "away_players": [
      {
        "number": "13",
        "name": "José Manuel Pinto",
        "substituted_in": true,
        "starting_lineup": true
      },
      {
        "number": "3",
        "name": "Matías Lequi",
        "substituted_in": true,
        "starting_lineup": true
      },
      {
        "number": "15",
        "name": "Pablo Contreras",
        "substituted_in": true,
        "starting_lineup": true
      },
      {
        "number": "12",
        "name": "Diego Placente",
        "substituted_in": true,
        "starting_lineup": true
      },
      {
        "number": "8",
        "name": "Ángel López",
        "substituted_in": true,
        "starting_lineup": true
      },
      {
        "number": "4",
        "name": "Borja Oubiña",
        "substituted_in": true,
        "starting_lineup": true
      },
      {
        "number": "25",
        "name": "Iriney",
        "substituted_in": true,
        "starting_lineup": true
      },
      {
        "number": "7",
        "name": "Antonio Núñez",
        "substituted_in": true,
        "starting_lineup": true
      },
      {
        "number": "16",
        "name": "David Silva",
        "substituted_in": true,
        "starting_lineup": true
      },
      {
        "number": "24",
        "name": "Fabián Canobbio",
        "substituted_in": true,
        "starting_lineup": true
      },
      {
        "number": "18",
        "name": "Fernando Baiano",
        "substituted_in": true,
        "starting_lineup": true
      },
      {
        "number": "17",
        "name": "Sebastián Méndez",
        "substituted_in": true,
        "starting_lineup": false
      },
      {
        "number": "20",
        "name": "Jonathan Aspas",
        "substituted_in": true,
        "starting_lineup": false
      },
      {
        "number": "22",
        "name": "Daniël de Ridder",
        "substituted_in": true,
        "starting_lineup": false
      }
    ]
  }
]