[
  {
    "url": "https://www.transfermarkt.pl/ue-cornellà_atlético-madryt/aufstellung/spielbericht/3497870",
    "match_id": "3497870",
    "date": "śr., 06.01.2021",
    "competition": "Unknown",
    "matchday": "Unknown",
    "home_team": "UE Cornellà",
    "away_team": "Atlético Madryt",
    "home_players": [
      {
        "number": "1",
        "name": "Ramón Juan",
        "substituted_in": true,
        "starting_lineup": true
      },
      {
        "number": "5",
        "name": "Adrián Jiménez",
        "substituted_in": true,
        "starting_lineup": true
      },
      {
        "number": "12",
        "name": "Carlos García",
        "substituted_in": true,
        "starting_lineup": true
      },
      {
        "number": "18",
        "name": "Pol Moreno",
        "substituted_in": true,
        "starting_lineup": true
      },
      {
        "number": "3",
        "name": "Rulo Prieto",
        "substituted_in": true,
        "starting_lineup": true
      },
      {
        "number": "2",
        "name": "Albert Estellés",
        "substituted_in": true,
        "starting_lineup": true
      },
      {
        "number": "19",
        "name": "Borja García",
        "substituted_in": true,
        "starting_lineup": true
      },
      {
        "number": "20",
        "name": "Agus Medina",
        "substituted_in": true,
        "starting_lineup": true
      },
      {
        "number": "15",
        "name": "David Sánchez",
        "substituted_in": true,
        "starting_lineup": true
      },
      {
        "number": "7",
        "name": "Eloy Gila",
        "substituted_in": true,
        "starting_lineup": true
      },
      {
        "number": "17",
        "name": "Pablo Fernández",
        "substituted_in": true,
        "starting_lineup": true
      },
      {
        "number": "4",
        "name": "Albert Dorca",
        "substituted_in": true,
        "starting_lineup": false
      },
      {
        "number": "6",
        "name": "Kevin Presa",
        "substituted_in": true,
        "starting_lineup": false
      },
      {
        "number": "11",
        "name": "Iván Guzmán",
        "substituted_in": true,
        "starting_lineup": false
      },
      {
        "number": "8",
        "name": "Max Marcet",
        "substituted_in": true,
        "starting_lineup": false
      },
      {
        "number": "9",
        "name": "Chiki",
        "substituted_in": true,
        "starting_lineup": false
      }
    ],
    "away_players": [
      {
        "number": "31",
        "name": "Miguel San Román",
        "substituted_in": true,
        "starting_lineup": true
      },
      {
        "number": "2",
        "name": "José María Giménez",
        "substituted_in": true,
        "starting_lineup": true
      },
      {
        "number": "18",
        "name": "Felipe",
        "substituted_in": true,
        "starting_lineup": true
      },
      {
        "number": "12",
        "name": "Renan Lodi",
        "substituted_in": true,
        "starting_lineup": true
      },
      {
        "number": "29",
        "name": "Ricard Sánchez",
        "substituted_in": true,
        "starting_lineup": true
      },
      {
        "number": "4",
        "name": "Geoffrey Kondogbia",
        "substituted_in": true,
        "starting_lineup": true
      },
      {
        "number": "5",
        "name": "Lucas Torreira",
        "substituted_in": true,
        "starting_lineup": true
      },
      {
        "number": "8",
        "name": "Saúl Ñíguez",
        "substituted_in": true,
        "starting_lineup": true
      },
      {
        "number": "20",
        "name": "Vitolo",
        "substituted_in": true,
        "starting_lineup": true
      },
      {
        "number": "7",
        "name": "João Félix",
        "substituted_in": true,
        "starting_lineup": true
      },
      {
        "number": "10",
        "name": "Ángel Correa",
        "substituted_in": true,
        "starting_lineup": true
      },
      {
        "number": "15",
        "name": "Stefan Savic",
        "substituted_in": true,
        "starting_lineup": false
      },
      {
        "number": "42",
        "name": "Mario Soriano",
        "substituted_in": true,
        "starting_lineup": false
      },
      {
        "number": "17",
        "name": "Ivan Saponjic",
        "substituted_in": true,
        "starting_lineup": false
      }
    ]
  },
  {
    "url": "https://www.transfermarkt.pl/real-sociedad_atlético-madryt/aufstellung/spielbericht/3451056",
    "match_id": "3451056",
    "date": "wt., 22.12.2020",
    "competition": "LALIGA",
    "matchday": "15. Kolejka",
    "home_team": "Real Sociedad",
    "away_team": "Atlético Madryt",
    "home_players": [
      {
        "number": "1",
        "name": "Álex Remiro",
        "substituted_in": true,
        "starting_lineup": true
      },
      {
        "number": "5",
        "name": "Igor Zubeldia",
        "substituted_in": true,
        "starting_lineup": true
      },
      {
        "number": "24",
        "name": "Robin Le Normand",
        "substituted_in": true,
        "starting_lineup": true
      },
      {
        "number": "20",
        "name": "Nacho Monreal",
        "substituted_in": true,
        "starting_lineup": true
      },
      {
        "number": "18",
        "name": "Andoni Gorosabel",
        "substituted_in": true,
        "starting_lineup": true
      },
      {
        "number": "36",
        "name": "Martín Zubimendi",
        "substituted_in": true,
        "starting_lineup": true
      },
      {
        "number": "8",
        "name": "Mikel Merino",
        "substituted_in": true,
        "starting_lineup": true
      },
      {
        "number": "21",
        "name": "David Silva",
        "substituted_in": true,
        "starting_lineup": true
      },
      {
        "number": "22",
        "name": "Ander Barrenetxea",
        "substituted_in": true,
        "starting_lineup": true
      },
      {
        "number": "7",
        "name": "Portu",
        "substituted_in": true,
        "starting_lineup": true
      },
      {
        "number": "9",
        "name": "Willian José",
        "substituted_in": true,
        "starting_lineup": true
      },
      {
        "number": "6",
        "name": "Aritz Elustondo",
        "substituted_in": true,
        "starting_lineup": false
      },
      {
        "number": "28",
        "name": "Roberto López",
        "substituted_in": true,
        "starting_lineup": false
      },
      {
        "number": "17",
        "name": "Martín Merquelanz",
        "substituted_in": true,
        "starting_lineup": false
      },
      {
        "number": "19",
        "name": "Alexander Isak",
        "substituted_in": true,
        "starting_lineup": false
      },
      {
        "number": "25",
        "name": "Jon Bautista",
        "substituted_in": true,
        "starting_lineup": false
      }
    ],
    "away_players": [
      {
        "number": "13",
        "name": "Jan Oblak",
        "substituted_in": true,
        "starting_lineup": true
      },
      {
        "number": "22",
        "name": "Mario Hermoso",
        "substituted_in": true,
        "starting_lineup": true
      },
      {
        "number": "15",
        "name": "Stefan Savic",
        "substituted_in": true,
        "starting_lineup": true
      },
      {
        "number": "18",
        "name": "Felipe",
        "substituted_in": true,
        "starting_lineup": true
      },
      {
        "number": "14",
        "name": "Marcos Llorente",
        "substituted_in": true,
        "starting_lineup": true
      },
      {
        "number": "6",
        "name": "Koke",
        "substituted_in": true,
        "starting_lineup": true
      },
      {
        "number": "23",
        "name": "Kieran Trippier",
        "substituted_in": true,
        "starting_lineup": true
      },
      {
        "number": "21",
        "name": "Yannick Carrasco",
        "substituted_in": true,
        "starting_lineup": true
      },
      {
        "number": "11",
        "name": "Thomas Lemar",
        "substituted_in": true,
        "starting_lineup": true
      },
      {
        "number": "10",
        "name": "Ángel Correa",
        "substituted_in": true,
        "starting_lineup": true
      },
      {
        "number": "9",
        "name": "Luis Suárez",
        "substituted_in": true,
        "starting_lineup": true
      },
      {
        "number": "12",
        "name": "Renan Lodi",
        "substituted_in": true,
        "starting_lineup": false
      },
      {
        "number": "4",
        "name": "Geoffrey Kondogbia",
        "substituted_in": true,
        "starting_lineup": false
      },
      {
        "number": "8",
        "name": "Saúl Ñíguez",
        "substituted_in": true,
        "starting_lineup": false
      },
      {
        "number": "19",
        "name": "Diego Costa",
        "substituted_in": true,
        "starting_lineup": false
      }
    ]
  },
  {
    "url": "https://www.transfermarkt.pl/bayern-monachium_atlético-madryt/aufstellung/spielbericht/3461711",
    "match_id": "3461711",
    "date": "śr., 21.10.2020",
    "competition": "Unknown",
    "matchday": "Unknown",
    "home_team": "Bayern Monachium",
    "away_team": "Atlético Madryt",
    "home_players": [
      {
        "number": "1",
        "name": "Manuel Neuer",
        "substituted_in": true,
        "starting_lineup": true
      },
      {
        "number": "27",
        "name": "David Alaba",
        "substituted_in": true,
        "starting_lineup": true
      },
      {
        "number": "4",
        "name": "Niklas Süle",
        "substituted_in": true,
        "starting_lineup": true
      },
      {
        "number": "21",
        "name": "Lucas Hernández",
        "substituted_in": true,
        "starting_lineup": true
      },
      {
        "number": "5",
        "name": "Benjamin Pavard",
        "substituted_in": true,
        "starting_lineup": true
      },
      {
        "number": "6",
        "name": "Joshua Kimmich",
        "substituted_in": true,
        "starting_lineup": true
      },
      {
        "number": "18",
        "name": "Leon Goretzka",
        "substituted_in": true,
        "starting_lineup": true
      },
      {
        "number": "24",
        "name": "Corentin Tolisso",
        "substituted_in": true,
        "starting_lineup": true
      },
      {
        "number": "29",
        "name": "Kingsley Coman",
        "substituted_in": true,
        "starting_lineup": true
      },
      {
        "number": "25",
        "name": "Thomas Müller",
        "substituted_in": true,
        "starting_lineup": true
      },
      {
        "number": "9",
        "name": "Robert Lewandowski",
        "substituted_in": true,
        "starting_lineup": true
      },
      {
        "number": "8",
        "name": "Javi Martínez",
        "substituted_in": true,
        "starting_lineup": false
      },
      {
        "number": "19",
        "name": "Alphonso Davies",
        "substituted_in": true,
        "starting_lineup": false
      },
      {
        "number": "20",
        "name": "Bouna Sarr",
        "substituted_in": true,
        "starting_lineup": false
      },
      {
        "number": "11",
        "name": "Douglas Costa",
        "substituted_in": true,
        "starting_lineup": false
      },
      {
        "number": "13",
        "name": "Eric-Maxim Choupo-Moting",
        "substituted_in": true,
        "starting_lineup": false
      }
    ],
    "away_players": [
      {
        "number": "13",
        "name": "Jan Oblak",
        "substituted_in": true,
        "starting_lineup": true
      },
      {
        "number": "15",
        "name": "Stefan Savic",
        "substituted_in": true,
        "starting_lineup": true
      },
      {
        "number": "18",
        "name": "Felipe",
        "substituted_in": true,
        "starting_lineup": true
      },
      {
        "number": "12",
        "name": "Renan Lodi",
        "substituted_in": true,
        "starting_lineup": true
      },
      {
        "number": "23",
        "name": "Kieran Trippier",
        "substituted_in": true,
        "starting_lineup": true
      },
      {
        "number": "16",
        "name": "Héctor Herrera",
        "substituted_in": true,
        "starting_lineup": true
      },
      {
        "number": "6",
        "name": "Koke",
        "substituted_in": true,
        "starting_lineup": true
      },
      {
        "number": "14",
        "name": "Marcos Llorente",
        "substituted_in": true,
        "starting_lineup": true
      },
      {
        "number": "21",
        "name": "Yannick Carrasco",
        "substituted_in": true,
        "starting_lineup": true
      },
      {
        "number": "7",
        "name": "João Félix",
        "substituted_in": true,
        "starting_lineup": true
      },
      {
        "number": "9",
        "name": "Luis Suárez",
        "substituted_in": true,
        "starting_lineup": true
      },
      {
        "number": "5",
        "name": "Lucas Torreira",
        "substituted_in": true,
        "starting_lineup": false
      },
      {
        "number": "11",
        "name": "Thomas Lemar",
        "substituted_in": true,
        "starting_lineup": false
      },
      {
        "number": "20",
        "name": "Vitolo",
        "substituted_in": true,
        "starting_lineup": false
      },
      {
        "number": "10",
        "name": "Ángel Correa",
        "substituted_in": true,
        "starting_lineup": false
      }
    ]
  },
  {
    "url": "https://www.transfermarkt.pl/cd-cardassar_atlético-madryt/aufstellung/spielbericht/3487492",
    "match_id": "3487492",
    "date": "śr., 16.12.2020",
    "competition": "Unknown",
    "matchday": "Unknown",
    "home_team": "CD Cardassar",
    "away_team": "Atlético Madryt",
    "home_players": [
      {
        "number": "1",
        "name": "Ángel Sánchez",
        "substituted_in": true,
        "starting_lineup": true
      },
      {
        "number": "4",
        "name": "Tià Coll",
        "substituted_in": true,
        "starting_lineup": true
      },
      {
        "number": "5",
        "name": "Sergi Febrer",
        "substituted_in": true,
        "starting_lineup": true
      },
      {
        "number": "20",
        "name": "Abel Julve",
        "substituted_in": true,
        "starting_lineup": true
      },
      {
        "number": "3",
        "name": "Pau Soler",
        "substituted_in": true,
        "starting_lineup": true
      },
      {
        "number": "2",
        "name": "Biel Toni",
        "substituted_in": true,
        "starting_lineup": true
      },
      {
        "number": "6",
        "name": "Jaume Alzamora",
        "substituted_in": true,
        "starting_lineup": true
      },
      {
        "number": "15",
        "name": "Javi López",
        "substituted_in": true,
        "starting_lineup": true
      },
      {
        "number": "11",
        "name": "Adri Hernández",
        "substituted_in": true,
        "starting_lineup": true
      },
      {
        "number": "7",
        "name": "Jaume Fernández",
        "substituted_in": true,
        "starting_lineup": true
      },
      {
        "number": "10",
        "name": "Miguel Álvarez",
        "substituted_in": true,
        "starting_lineup": true
      },
      {
        "number": "16",
        "name": "Joan Sansó",
        "substituted_in": true,
        "starting_lineup": false
      },
      {
        "number": "8",
        "name": "Jordi Ramis",
        "substituted_in": true,
        "starting_lineup": false
      },
      {
        "number": "14",
        "name": "Jony",
        "substituted_in": true,
        "starting_lineup": false
      },
      {
        "number": "9",
        "name": "Isaac Calvo",
        "substituted_in": true,
        "starting_lineup": false
      },
      {
        "number": "18",
        "name": "Julià Llull",
        "substituted_in": true,
        "starting_lineup": false
      }
    ],
    "away_players": [
      {
        "number": "1",
        "name": "Ivo Grbic",
        "substituted_in": true,
        "starting_lineup": true
      },
      {
        "number": "22",
        "name": "Mario Hermoso",
        "substituted_in": true,
        "starting_lineup": true
      },
      {
        "number": "18",
        "name": "Felipe",
        "substituted_in": true,
        "starting_lineup": true
      },
      {
        "number": "12",
        "name": "Renan Lodi",
        "substituted_in": true,
        "starting_lineup": true
      },
      {
        "number": "29",
        "name": "Ricard Sánchez",
        "substituted_in": true,
        "starting_lineup": true
      },
      {
        "number": "4",
        "name": "Geoffrey Kondogbia",
        "substituted_in": true,
        "starting_lineup": true
      },
      {
        "number": "5",
        "name": "Lucas Torreira",
        "substituted_in": true,
        "starting_lineup": true
      },
      {
        "number": "8",
        "name": "Saúl Ñíguez",
        "substituted_in": true,
        "starting_lineup": true
      },
      {
        "number": "20",
        "name": "Vitolo",
        "substituted_in": true,
        "starting_lineup": true
      },
      {
        "number": "11",
        "name": "Thomas Lemar",
        "substituted_in": true,
        "starting_lineup": true
      },
      {
        "number": "10",
        "name": "Ángel Correa",
        "substituted_in": true,
        "starting_lineup": true
      },
      {
        "number": "35",
        "name": "Juan Manuel Sanabria",
        "substituted_in": true,
        "starting_lineup": false
      },
      {
        "number": "24",
        "name": "Sime Vrsaljko",
        "substituted_in": true,
        "starting_lineup": false
      },
      {
        "number": "17",
        "name": "Ivan Saponjic",
        "substituted_in": true,
        "starting_lineup": false
      },
      {
        "number": "27",
        "name": "Sergio Camello",
        "substituted_in": true,
        "starting_lineup": false
      }
    ]
  },
  {
    "url": "https://www.transfermarkt.pl/real-betis-balompié_atlético-madryt/aufstellung/spielbericht/3451398",
    "match_id": "3451398",
    "date": "niedz., 11.04.2021",
    "competition": "LALIGA",
    "matchday": "30. Kolejka",
    "home_team": "Real Betis Balompié",
    "away_team": "Atlético Madryt",
    "home_players": [
      {
        "number": "25",
        "name": "Claudio Bravo",
        "substituted_in": true,
        "starting_lineup": true
      },
      {
        "number": "5",
        "name": "Marc Bartra",
        "substituted_in": true,
        "starting_lineup": true
      },
      {
        "number": "23",
        "name": "Aïssa Mandi",
        "substituted_in": true,
        "starting_lineup": true
      },
      {
        "number": "15",
        "name": "Álex Moreno",
        "substituted_in": true,
        "starting_lineup": true
      },
      {
        "number": "22",
        "name": "Emerson Royal",
        "substituted_in": true,
        "starting_lineup": true
      },
      {
        "number": "21",
        "name": "Guido Rodríguez",
        "substituted_in": true,
        "starting_lineup": true
      },
      {
        "number": "10",
        "name": "Sergio Canales",
        "substituted_in": true,
        "starting_lineup": true
      },
      {
        "number": "17",
        "name": "Joaquín",
        "substituted_in": true,
        "starting_lineup": true
      },
      {
        "number": "11",
        "name": "Cristian Tello",
        "substituted_in": true,
        "starting_lineup": true
      },
      {
        "number": "24",
        "name": "Aitor Ruibal",
        "substituted_in": true,
        "starting_lineup": true
      },
      {
        "number": "8",
        "name": "Nabil Fekir",
        "substituted_in": true,
        "starting_lineup": true
      },
      {
        "number": "14",
        "name": "William Carvalho",
        "substituted_in": true,
        "starting_lineup": false
      },
      {
        "number": "7",
        "name": "Juanmi",
        "substituted_in": true,
        "starting_lineup": false
      },
      {
        "number": "20",
        "name": "Diego Lainez",
        "substituted_in": true,
        "starting_lineup": false
      }
    ],
    "away_players": [
      {
        "number": "13",
        "name": "Jan Oblak",
        "substituted_in": true,
        "starting_lineup": true
      },
      {
        "number": "22",
        "name": "Mario Hermoso",
        "substituted_in": true,
        "starting_lineup": true
      },
      {
        "number": "2",
        "name": "José María Giménez",
        "substituted_in": true,
        "starting_lineup": true
      },
      {
        "number": "15",
        "name": "Stefan Savic",
        "substituted_in": true,
        "starting_lineup": true
      },
      {
        "number": "8",
        "name": "Saúl Ñíguez",
        "substituted_in": true,
        "starting_lineup": true
      },
      {
        "number": "6",
        "name": "Koke",
        "substituted_in": true,
        "starting_lineup": true
      },
      {
        "number": "16",
        "name": "Héctor Herrera",
        "substituted_in": true,
        "starting_lineup": true
      },
      {
        "number": "23",
        "name": "Kieran Trippier",
        "substituted_in": true,
        "starting_lineup": true
      },
      {
        "number": "21",
        "name": "Yannick Carrasco",
        "substituted_in": true,
        "starting_lineup": true
      },
      {
        "number": "7",
        "name": "João Félix",
        "substituted_in": true,
        "starting_lineup": true
      },
      {
        "number": "10",
        "name": "Ángel Correa",
        "substituted_in": true,
        "starting_lineup": true
      },
      {
        "number": "12",
        "name": "Renan Lodi",
        "substituted_in": true,
        "starting_lineup": false
      },
      {
        "number": "24",
        "name": "Sime Vrsaljko",
        "substituted_in": true,
        "starting_lineup": false
      },
      {
        "number": "5",
        "name": "Lucas Torreira",
        "substituted_in": true,
        "starting_lineup": false
      },
      {
        "number": "20",
        "name": "Vitolo",
        "substituted_in": true,
        "starting_lineup": false
      }
    ]
  },
  {
    "url": "https://www.transfermarkt.pl/deportivo-alavés_atlético-madryt/aufstellung/spielbericht/3451070",
    "match_id": "3451070",
    "date": "niedz., 03.01.2021",
    "competition": "LALIGA",
    "matchday": "17. Kolejka",
    "home_team": "Deportivo Alavés",
    "away_team": "Atlético Madryt",
    "home_players": [
      {
        "number": "1",
        "name": "Fernando Pacheco",
        "substituted_in": true,
        "starting_lineup": true
      },
      {
        "number": "5",
        "name": "Víctor Laguardia",
        "substituted_in": true,
        "starting_lineup": true
      },
      {
        "number": "22",
        "name": "Florian Lejeune",
        "substituted_in": true,
        "starting_lineup": true
      },
      {
        "number": "26",
        "name": "Javi López",
        "substituted_in": true,
        "starting_lineup": true
      },
      {
        "number": "21",
        "name": "Martín Aguirregabiria",
        "substituted_in": true,
        "starting_lineup": true
      },
      {
        "number": "6",
        "name": "Rodrigo Battaglia",
        "substituted_in": true,
        "starting_lineup": true
      },
      {
        "number": "19",
        "name": "Manu García",
        "substituted_in": true,
        "starting_lineup": true
      },
      {
        "number": "24",
        "name": "Jota Peleteiro",
        "substituted_in": true,
        "starting_lineup": true
      },
      {
        "number": "29",
        "name": "Borja Sainz",
        "substituted_in": true,
        "starting_lineup": true
      },
      {
        "number": "16",
        "name": "Edgar Méndez",
        "substituted_in": true,
        "starting_lineup": true
      },
      {
        "number": "14",
        "name": "Deyverson",
        "substituted_in": true,
        "starting_lineup": true
      },
      {
        "number": "2",
        "name": "Tachi",
        "substituted_in": true,
        "starting_lineup": false
      },
      {
        "number": "17",
        "name": "Adrián Marín",
        "substituted_in": true,
        "starting_lineup": false
      },
      {
        "number": "11",
        "name": "Luis Rioja",
        "substituted_in": true,
        "starting_lineup": false
      },
      {
        "number": "7",
        "name": "Lucas Pérez",
        "substituted_in": true,
        "starting_lineup": false
      },
      {
        "number": "9",
        "name": "Joselu",
        "substituted_in": true,
        "starting_lineup": false
      }
    ],
    "away_players": [
      {
        "number": "13",
        "name": "Jan Oblak",
        "substituted_in": true,
        "starting_lineup": true
      },
      {
        "number": "22",
        "name": "Mario Hermoso",
        "substituted_in": true,
        "starting_lineup": true
      },
      {
        "number": "2",
        "name": "José María Giménez",
        "substituted_in": true,
        "starting_lineup": true
      },
      {
        "number": "18",
        "name": "Felipe",
        "substituted_in": true,
        "starting_lineup": true
      },
      {
        "number": "6",
        "name": "Koke",
        "substituted_in": true,
        "starting_lineup": true
      },
      {
        "number": "24",
        "name": "Sime Vrsaljko",
        "substituted_in": true,
        "starting_lineup": true
      },
      {
        "number": "21",
        "name": "Yannick Carrasco",
        "substituted_in": true,
        "starting_lineup": true
      },
      {
        "number": "14",
        "name": "Marcos Llorente",
        "substituted_in": true,
        "starting_lineup": true
      },
      {
        "number": "11",
        "name": "Thomas Lemar",
        "substituted_in": true,
        "starting_lineup": true
      },
      {
        "number": "10",
        "name": "Ángel Correa",
        "substituted_in": true,
        "starting_lineup": true
      },
      {
        "number": "9",
        "name": "Luis Suárez",
        "substituted_in": true,
        "starting_lineup": true
      },
      {
        "number": "12",
        "name": "Renan Lodi",
        "substituted_in": true,
        "starting_lineup": false
      },
      {
        "number": "8",
        "name": "Saúl Ñíguez",
        "substituted_in": true,
        "starting_lineup": false
      },
      {
        "number": "7",
        "name": "João Félix",
        "substituted_in": true,
        "starting_lineup": false
      }
    ]
  },
  {
    "url": "https://www.transfermarkt.pl/real-valladolid-cf_atlético-madryt/aufstellung/spielbericht/3451481",
    "match_id": "3451481",
    "date": "sob., 22.05.2021",
    "competition": "LALIGA",
    "matchday": "38. Kolejka",
    "home_team": "Real Valladolid CF",
    "away_team": "Atlético Madryt",
    "home_players": [
      {
        "number": "1",
        "name": "Jordi Masip",
        "substituted_in": true,
        "starting_lineup": true
      },
      {
        "number": "4",
        "name": "Kiko Olivas",
        "substituted_in": true,
        "starting_lineup": true
      },
      {
        "number": "15",
        "name": "Jawad El Yamiq",
        "substituted_in": true,
        "starting_lineup": true
      },
      {
        "number": "25",
        "name": "Lucas Olaza",
        "substituted_in": true,
        "starting_lineup": true
      },
      {
        "number": "18",
        "name": "Saidy Janko",
        "substituted_in": true,
        "starting_lineup": true
      },
      {
        "number": "17",
        "name": "Roque Mesa",
        "substituted_in": true,
        "starting_lineup": true
      },
      {
        "number": "20",
        "name": "Fede San Emeterio",
        "substituted_in": true,
        "starting_lineup": true
      },
      {
        "number": "19",
        "name": "Toni Villa",
        "substituted_in": true,
        "starting_lineup": true
      },
      {
        "number": "10",
        "name": "Óscar Plano",
        "substituted_in": true,
        "starting_lineup": true
      },
      {
        "number": "9",
        "name": "Shon Weissman",
        "substituted_in": true,
        "starting_lineup": true
      },
      {
        "number": "16",
        "name": "Marcos André",
        "substituted_in": true,
        "starting_lineup": true
      },
      {
        "number": "8",
        "name": "Kike Pérez",
        "substituted_in": true,
        "starting_lineup": false
      },
      {
        "number": "21",
        "name": "Míchel Herrero",
        "substituted_in": true,
        "starting_lineup": false
      },
      {
        "number": "40",
        "name": "Jota",
        "substituted_in": true,
        "starting_lineup": false
      },
      {
        "number": "11",
        "name": "Pablo Hervías",
        "substituted_in": true,
        "starting_lineup": false
      },
      {
        "number": "7",
        "name": "Sergi Guardiola",
        "substituted_in": true,
        "starting_lineup": false
      }
    ],
    "away_players": [
      {
        "number": "13",
        "name": "Jan Oblak",
        "substituted_in": true,
        "starting_lineup": true
      },
      {
        "number": "2",
        "name": "José María Giménez",
        "substituted_in": true,
        "starting_lineup": true
      },
      {
        "number": "18",
        "name": "Felipe",
        "substituted_in": true,
        "starting_lineup": true
      },
      {
        "number": "22",
        "name": "Mario Hermoso",
        "substituted_in": true,
        "starting_lineup": true
      },
      {
        "number": "23",
        "name": "Kieran Trippier",
        "substituted_in": true,
        "starting_lineup": true
      },
      {
        "number": "6",
        "name": "Koke",
        "substituted_in": true,
        "starting_lineup": true
      },
      {
        "number": "14",
        "name": "Marcos Llorente",
        "substituted_in": true,
        "starting_lineup": true
      },
      {
        "number": "8",
        "name": "Saúl Ñíguez",
        "substituted_in": true,
        "starting_lineup": true
      },
      {
        "number": "21",
        "name": "Yannick Carrasco",
        "substituted_in": true,
        "starting_lineup": true
      },
      {
        "number": "10",
        "name": "Ángel Correa",
        "substituted_in": true,
        "starting_lineup": true
      },
      {
        "number": "9",
        "name": "Luis Suárez",
        "substituted_in": true,
        "starting_lineup": true
      },
      {
        "number": "12",
        "name": "Renan Lodi",
        "substituted_in": true,
        "starting_lineup": false
      },
      {
        "number": "4",
        "name": "Geoffrey Kondogbia",
        "substituted_in": true,
        "starting_lineup": false
      },
      {
        "number": "16",
        "name": "Héctor Herrera",
        "substituted_in": true,
        "starting_lineup": false
      },
      {
        "number": "7",
        "name": "João Félix",
        "substituted_in": true,
        "starting_lineup": false
      }
    ]
  },
  {
    "url": "https://www.transfermarkt.pl/sd-huesca_atlético-madryt/aufstellung/spielbericht/3431939",
    "match_id": "3431939",
    "date": "śr., 30.09.2020",
    "competition": "LALIGA",
    "matchday": "4. Kolejka",
    "home_team": "SD Huesca",
    "away_team": "Atlético Madryt",
    "home_players": [
      {
        "number": "25",
        "name": "Andrés Fernández",
        "substituted_in": true,
        "starting_lineup": true
      },
      {
        "number": "18",
        "name": "Dimitrios Siovas",
        "substituted_in": true,
        "starting_lineup": true
      },
      {
        "number": "14",
        "name": "Jorge Pulido",
        "substituted_in": true,
        "starting_lineup": true
      },
      {
        "number": "11",
        "name": "Javi Galán",
        "substituted_in": true,
        "starting_lineup": true
      },
      {
        "number": "19",
        "name": "Pedro López",
        "substituted_in": true,
        "starting_lineup": true
      },
      {
        "number": "5",
        "name": "Pedro Mosquera",
        "substituted_in": true,
        "starting_lineup": true
      },
      {
        "number": "17",
        "name": "Mikel Rico",
        "substituted_in": true,
        "starting_lineup": true
      },
      {
        "number": "20",
        "name": "Jaime Seoane",
        "substituted_in": true,
        "starting_lineup": true
      },
      {
        "number": "24",
        "name": "Borja García",
        "substituted_in": true,
        "starting_lineup": true
      },
      {
        "number": "7",
        "name": "David Ferreiro",
        "substituted_in": true,
        "starting_lineup": true
      },
      {
        "number": "12",
        "name": "Shinji Okazaki",
        "substituted_in": true,
        "starting_lineup": true
      },
      {
        "number": "22",
        "name": "Gastón Silva",
        "substituted_in": true,
        "starting_lineup": false
      },
      {
        "number": "10",
        "name": "Sergio Gómez",
        "substituted_in": true,
        "starting_lineup": false
      },
      {
        "number": "21",
        "name": "Juan Carlos Real",
        "substituted_in": true,
        "starting_lineup": false
      },
      {
        "number": "15",
        "name": "Javi Ontiveros",
        "substituted_in": true,
        "starting_lineup": false
      },
      {
        "number": "9",
        "name": "Rafa Mir",
        "substituted_in": true,
        "starting_lineup": false
      }
    ],
    "away_players": [
      {
        "number": "13",
        "name": "Jan Oblak",
        "substituted_in": true,
        "starting_lineup": true
      },
      {
        "number": "22",
        "name": "Mario Hermoso",
        "substituted_in": true,
        "starting_lineup": true
      },
      {
        "number": "18",
        "name": "Felipe",
        "substituted_in": true,
        "starting_lineup": true
      },
      {
        "number": "12",
        "name": "Renan Lodi",
        "substituted_in": true,
        "starting_lineup": true
      },
      {
        "number": "23",
        "name": "Kieran Trippier",
        "substituted_in": true,
        "starting_lineup": true
      },
      {
        "number": "5",
        "name": "Thomas Partey",
        "substituted_in": true,
        "starting_lineup": true
      },
      {
        "number": "8",
        "name": "Saúl Ñíguez",
        "substituted_in": true,
        "starting_lineup": true
      },
      {
        "number": "14",
        "name": "Marcos Llorente",
        "substituted_in": true,
        "starting_lineup": true
      },
      {
        "number": "20",
        "name": "Vitolo",
        "substituted_in": true,
        "starting_lineup": true
      },
      {
        "number": "7",
        "name": "João Félix",
        "substituted_in": true,
        "starting_lineup": true
      },
      {
        "number": "9",
        "name": "Luis Suárez",
        "substituted_in": true,
        "starting_lineup": true
      },
      {
        "number": "6",
        "name": "Koke",
        "substituted_in": true,
        "starting_lineup": false
      },
      {
        "number": "21",
        "name": "Yannick Carrasco",
        "substituted_in": true,
        "starting_lineup": false
      },
      {
        "number": "10",
        "name": "Ángel Correa",
        "substituted_in": true,
        "starting_lineup": false
      },
      {
        "number": "19",
        "name": "Diego Costa",
        "substituted_in": true,
        "starting_lineup": false
      }
    ]
  },
  {
    "url": "https://www.transfermarkt.pl/atlético-madryt_sevilla-fc/aufstellung/spielbericht/3431905",
    "match_id": "3431905",
    "date": "wt., 12.01.2021",
    "competition": "LALIGA",
    "matchday": "1. Kolejka",
    "home_team": "Atlético Madryt",
    "away_team": "Sevilla FC",
    "home_players": [
      {
        "number": "13",
        "name": "Jan Oblak",
        "substituted_in": true,
        "starting_lineup": true
      },
      {
        "number": "22",
        "name": "Mario Hermoso",
        "substituted_in": true,
        "starting_lineup": true
      },
      {
        "number": "2",
        "name": "José María Giménez",
        "substituted_in": true,
        "starting_lineup": true
      },
      {
        "number": "15",
        "name": "Stefan Savic",
        "substituted_in": true,
        "starting_lineup": true
      },
      {
        "number": "6",
        "name": "Koke",
        "substituted_in": true,
        "starting_lineup": true
      },
      {
        "number": "14",
        "name": "Marcos Llorente",
        "substituted_in": true,
        "starting_lineup": true
      },
      {
        "number": "11",
        "name": "Thomas Lemar",
        "substituted_in": true,
        "starting_lineup": true
      },
      {
        "number": "23",
        "name": "Kieran Trippier",
        "substituted_in": true,
        "starting_lineup": true
      },
      {
        "number": "21",
        "name": "Yannick Carrasco",
        "substituted_in": true,
        "starting_lineup": true
      },
      {
        "number": "10",
        "name": "Ángel Correa",
        "substituted_in": true,
        "starting_lineup": true
      },
      {
        "number": "9",
        "name": "Luis Suárez",
        "substituted_in": true,
        "starting_lineup": true
      },
      {
        "number": "18",
        "name": "Felipe",
        "substituted_in": true,
        "starting_lineup": false
      },
      {
        "number": "5",
        "name": "Lucas Torreira",
        "substituted_in": true,
        "starting_lineup": false
      },
      {
        "number": "8",
        "name": "Saúl Ñíguez",
        "substituted_in": true,
        "starting_lineup": false
      },
      {
        "number": "7",
        "name": "João Félix",
        "substituted_in": true,
        "starting_lineup": false
      }
    ],
    "away_players": [
      {
        "number": "13",
        "name": "Yassine Bounou",
        "substituted_in": true,
        "starting_lineup": true
      },
      {
        "number": "20",
        "name": "Diego Carlos",
        "substituted_in": true,
        "starting_lineup": true
      },
      {
        "number": "12",
        "name": "Jules Koundé",
        "substituted_in": true,
        "starting_lineup": true
      },
      {
        "number": "19",
        "name": "Marcos Acuña",
        "substituted_in": true,
        "starting_lineup": true
      },
      {
        "number": "16",
        "name": "Jesús Navas",
        "substituted_in": true,
        "starting_lineup": true
      },
      {
        "number": "25",
        "name": "Fernando",
        "substituted_in": true,
        "starting_lineup": true
      },
      {
        "number": "8",
        "name": "Joan Jordán",
        "substituted_in": true,
        "starting_lineup": true
      },
      {
        "number": "10",
        "name": "Ivan Rakitic",
        "substituted_in": true,
        "starting_lineup": true
      },
      {
        "number": "5",
        "name": "Lucas Ocampos",
        "substituted_in": true,
        "starting_lineup": true
      },
      {
        "number": "7",
        "name": "Suso",
        "substituted_in": true,
        "starting_lineup": true
      },
      {
        "number": "15",
        "name": "Youssef En-Nesyri",
        "substituted_in": true,
        "starting_lineup": true
      },
      {
        "number": "21",
        "name": "Óliver Torres",
        "substituted_in": true,
        "starting_lineup": false
      },
      {
        "number": "11",
        "name": "Munir El Haddadi",
        "substituted_in": true,
        "starting_lineup": false
      },
      {
        "number": "14",
        "name": "Óscar Rodríguez",
        "substituted_in": true,
        "starting_lineup": false
      },
      {
        "number": "9",
        "name": "Luuk de Jong",
        "substituted_in": true,
        "starting_lineup": false
      }
    ]
  },
  {
    "url": "https://www.transfermarkt.pl/granada-cf_atlético-madryt/aufstellung/spielbericht/3451151",
    "match_id": "3451151",
    "date": "sob., 13.02.2021",
    "competition": "LALIGA",
    "matchday": "23. Kolejka",
    "home_team": "Granada CF",
    "away_team": "Atlético Madryt",
    "home_players": [
      {
        "number": "1",
        "name": "Rui Silva",
        "substituted_in": true,
        "starting_lineup": true
      },
      {
        "number": "6",
        "name": "Germán Sánchez",
        "substituted_in": true,
        "starting_lineup": true
      },
      {
        "number": "20",
        "name": "Jesús Vallejo",
        "substituted_in": true,
        "starting_lineup": true
      },
      {
        "number": "22",
        "name": "Domingos Duarte",
        "substituted_in": true,
        "starting_lineup": true
      },
      {
        "number": "8",
        "name": "Yan Eteki",
        "substituted_in": true,
        "starting_lineup": true
      },
      {
        "number": "19",
        "name": "Ángel Montoro",
        "substituted_in": true,
        "starting_lineup": true
      },
      {
        "number": "2",
        "name": "Dimitri Foulquier",
        "substituted_in": true,
        "starting_lineup": true
      },
      {
        "number": "15",
        "name": "Carlos Neva",
        "substituted_in": true,
        "starting_lineup": true
      },
      {
        "number": "24",
        "name": "Kenedy",
        "substituted_in": true,
        "starting_lineup": true
      },
      {
        "number": "11",
        "name": "Darwin Machís",
        "substituted_in": true,
        "starting_lineup": true
      },
      {
        "number": "23",
        "name": "Jorge Molina",
        "substituted_in": true,
        "starting_lineup": true
      },
      {
        "number": "4",
        "name": "Maxime Gonalons",
        "substituted_in": true,
        "starting_lineup": false
      },
      {
        "number": "12",
        "name": "Domingos Quina",
        "substituted_in": true,
        "starting_lineup": false
      },
      {
        "number": "21",
        "name": "Yangel Herrera",
        "substituted_in": true,
        "starting_lineup": false
      },
      {
        "number": "26",
        "name": "Alberto Soro",
        "substituted_in": true,
        "starting_lineup": false
      },
      {
        "number": "10",
        "name": "Antonio Puertas",
        "substituted_in": true,
        "starting_lineup": false
      }
    ],
    "away_players": [
      {
        "number": "13",
        "name": "Jan Oblak",
        "substituted_in": true,
        "starting_lineup": true
      },
      {
        "number": "22",
        "name": "Mario Hermoso",
        "substituted_in": true,
        "starting_lineup": true
      },
      {
        "number": "15",
        "name": "Stefan Savic",
        "substituted_in": true,
        "starting_lineup": true
      },
      {
        "number": "18",
        "name": "Felipe",
        "substituted_in": true,
        "starting_lineup": true
      },
      {
        "number": "4",
        "name": "Geoffrey Kondogbia",
        "substituted_in": true,
        "starting_lineup": true
      },
      {
        "number": "14",
        "name": "Marcos Llorente",
        "substituted_in": true,
        "starting_lineup": true
      },
      {
        "number": "6",
        "name": "Koke",
        "substituted_in": true,
        "starting_lineup": true
      },
      {
        "number": "21",
        "name": "Yannick Carrasco",
        "substituted_in": true,
        "starting_lineup": true
      },
      {
        "number": "8",
        "name": "Saúl Ñíguez",
        "substituted_in": true,
        "starting_lineup": true
      },
      {
        "number": "10",
        "name": "Ángel Correa",
        "substituted_in": true,
        "starting_lineup": true
      },
      {
        "number": "9",
        "name": "Luis Suárez",
        "substituted_in": true,
        "starting_lineup": true
      },
      {
        "number": "24",
        "name": "Sime Vrsaljko",
        "substituted_in": true,
        "starting_lineup": false
      }
    ]
  }
]