[
  {
    "url": "https://www.transfermarkt.pl/atlético-madryt_ud-las-palmas/aufstellung/spielbericht/4407695",
    "match_id": "4407695",
    "date": "niedz., 03.11.2024",
    "competition": "LALIGA",
    "matchday": "12. Kolejka",
    "home_team": "Atlético Madryt",
    "away_team": "UD Las Palmas",
    "home_players": [
      {
        "number": "13",
        "name": "Jan Oblak",
        "substituted_in": true,
        "starting_lineup": true
      },
      {
        "number": "15",
        "name": "Clément Lenglet",
        "substituted_in": true,
        "starting_lineup": true
      },
      {
        "number": "2",
        "name": "José María Giménez",
        "substituted_in": true,
        "starting_lineup": true
      },
      {
        "number": "21",
        "name": "Javi Galán",
        "substituted_in": true,
        "starting_lineup": true
      },
      {
        "number": "16",
        "name": "Nahuel Molina",
        "substituted_in": true,
        "starting_lineup": true
      },
      {
        "number": "6",
        "name": "Koke",
        "substituted_in": true,
        "starting_lineup": true
      },
      {
        "number": "8",
        "name": "Pablo Barrios",
        "substituted_in": true,
        "starting_lineup": true
      },
      {
        "number": "12",
        "name": "Samuel Lino",
        "substituted_in": true,
        "starting_lineup": true
      },
      {
        "number": "22",
        "name": "Giuliano Simeone",
        "substituted_in": true,
        "starting_lineup": true
      },
      {
        "number": "7",
        "name": "Antoine Griezmann",
        "substituted_in": true,
        "starting_lineup": true
      },
      {
        "number": "19",
        "name": "Julián Alvarez",
        "substituted_in": true,
        "starting_lineup": true
      },
      {
        "number": "23",
        "name": "Reinildo Mandava",
        "substituted_in": true,
        "starting_lineup": false
      },
      {
        "number": "20",
        "name": "Axel Witsel",
        "substituted_in": true,
        "starting_lineup": false
      },
      {
        "number": "4",
        "name": "Conor Gallagher",
        "substituted_in": true,
        "starting_lineup": false
      },
      {
        "number": "5",
        "name": "Rodrigo De Paul",
        "substituted_in": true,
        "starting_lineup": false
      },
      {
        "number": "10",
        "name": "Ángel Correa",
        "substituted_in": true,
        "starting_lineup": false
      },
      {
        "number": "9",
        "name": "Alexander Sørloth",
        "substituted_in": true,
        "starting_lineup": false
      }
    ],
    "away_players": [
      {
        "number": "1",
        "name": "Jasper Cillessen",
        "substituted_in": true,
        "starting_lineup": true
      },
      {
        "number": "15",
        "name": "Scott McKenna",
        "substituted_in": true,
        "starting_lineup": true
      },
      {
        "number": "4",
        "name": "Álex Suárez",
        "substituted_in": true,
        "starting_lineup": true
      },
      {
        "number": "23",
        "name": "Álex Muñoz",
        "substituted_in": true,
        "starting_lineup": true
      },
      {
        "number": "18",
        "name": "Viti Rozada",
        "substituted_in": true,
        "starting_lineup": true
      },
      {
        "number": "29",
        "name": "Dário Essugo",
        "substituted_in": true,
        "starting_lineup": true
      },
      {
        "number": "8",
        "name": "José Campaña",
        "substituted_in": true,
        "starting_lineup": true
      },
      {
        "number": "20",
        "name": "Kirian Rodríguez",
        "substituted_in": true,
        "starting_lineup": true
      },
      {
        "number": "10",
        "name": "Alberto Moleiro",
        "substituted_in": true,
        "starting_lineup": true
      },
      {
        "number": "19",
        "name": "Sandro Ramírez",
        "substituted_in": true,
        "starting_lineup": true
      },
      {
        "number": "37",
        "name": "Fábio Silva",
        "substituted_in": true,
        "starting_lineup": true
      },
      {
        "number": "13",
        "name": "Dinko Horkas",
        "substituted_in": true,
        "starting_lineup": false
      },
      {
        "number": "3",
        "name": "Mika Mármol",
        "substituted_in": true,
        "starting_lineup": false
      },
      {
        "number": "5",
        "name": "Javi Muñoz",
        "substituted_in": true,
        "starting_lineup": false
      },
      {
        "number": "14",
        "name": "Manu Fuster",
        "substituted_in": true,
        "starting_lineup": false
      },
      {
        "number": "16",
        "name": "Oli McBurnie",
        "substituted_in": true,
        "starting_lineup": false
      },
      {
        "number": "17",
        "name": "Jaime Mata",
        "substituted_in": true,
        "starting_lineup": false
      }
    ]
  },
  {
    "url": "https://www.transfermarkt.pl/atlético-madryt_valencia-cf/aufstellung/spielbericht/4405319",
    "match_id": "4405319",
    "date": "niedz., 15.09.2024",
    "competition": "LALIGA",
    "matchday": "5. Kolejka",
    "home_team": "Atlético Madryt",
    "away_team": "Valencia CF",
    "home_players": [
      {
        "number": "13",
        "name": "Jan Oblak",
        "substituted_in": true,
        "starting_lineup": true
      },
      {
        "number": "2",
        "name": "José María Giménez",
        "substituted_in": true,
        "starting_lineup": true
      },
      {
        "number": "3",
        "name": "César Azpilicueta",
        "substituted_in": true,
        "starting_lineup": true
      },
      {
        "number": "24",
        "name": "Robin Le Normand",
        "substituted_in": true,
        "starting_lineup": true
      },
      {
        "number": "4",
        "name": "Conor Gallagher",
        "substituted_in": true,
        "starting_lineup": true
      },
      {
        "number": "5",
        "name": "Rodrigo De Paul",
        "substituted_in": true,
        "starting_lineup": true
      },
      {
        "number": "6",
        "name": "Koke",
        "substituted_in": true,
        "starting_lineup": true
      },
      {
        "number": "14",
        "name": "Marcos Llorente",
        "substituted_in": true,
        "starting_lineup": true
      },
      {
        "number": "12",
        "name": "Samuel Lino",
        "substituted_in": true,
        "starting_lineup": true
      },
      {
        "number": "7",
        "name": "Antoine Griezmann",
        "substituted_in": true,
        "starting_lineup": true
      },
      {
        "number": "9",
        "name": "Alexander Sørloth",
        "substituted_in": true,
        "starting_lineup": true
      },
      {
        "number": "23",
        "name": "Reinildo Mandava",
        "substituted_in": true,
        "starting_lineup": false
      },
      {
        "number": "17",
        "name": "Rodrigo Riquelme",
        "substituted_in": true,
        "starting_lineup": false
      },
      {
        "number": "10",
        "name": "Ángel Correa",
        "substituted_in": true,
        "starting_lineup": false
      },
      {
        "number": "22",
        "name": "Giuliano Simeone",
        "substituted_in": true,
        "starting_lineup": false
      },
      {
        "number": "19",
        "name": "Julián Alvarez",
        "substituted_in": true,
        "starting_lineup": false
      }
    ],
    "away_players": [
      {
        "number": "25",
        "name": "Giorgi Mamardashvili",
        "substituted_in": true,
        "starting_lineup": true
      },
      {
        "number": "3",
        "name": "Cristhian Mosquera",
        "substituted_in": true,
        "starting_lineup": true
      },
      {
        "number": "15",
        "name": "César Tárrega",
        "substituted_in": true,
        "starting_lineup": true
      },
      {
        "number": "12",
        "name": "Thierry Correia",
        "substituted_in": true,
        "starting_lineup": true
      },
      {
        "number": "20",
        "name": "Dimitri Foulquier",
        "substituted_in": true,
        "starting_lineup": true
      },
      {
        "number": "6",
        "name": "Hugo Guillamón",
        "substituted_in": true,
        "starting_lineup": true
      },
      {
        "number": "18",
        "name": "Pepelu",
        "substituted_in": true,
        "starting_lineup": true
      },
      {
        "number": "8",
        "name": "Javi Guerra",
        "substituted_in": true,
        "starting_lineup": true
      },
      {
        "number": "22",
        "name": "Luis Rioja",
        "substituted_in": true,
        "starting_lineup": true
      },
      {
        "number": "16",
        "name": "Diego López",
        "substituted_in": true,
        "starting_lineup": true
      },
      {
        "number": "17",
        "name": "Dani Gómez",
        "substituted_in": true,
        "starting_lineup": true
      },
      {
        "number": "21",
        "name": "Jesús Vázquez",
        "substituted_in": true,
        "starting_lineup": false
      },
      {
        "number": "5",
        "name": "Enzo Barrenechea",
        "substituted_in": true,
        "starting_lineup": false
      },
      {
        "number": "32",
        "name": "Martín Tejón",
        "substituted_in": true,
        "starting_lineup": false
      },
      {
        "number": "7",
        "name": "Sergi Canós",
        "substituted_in": true,
        "starting_lineup": false
      },
      {
        "number": "30",
        "name": "Germán Valera",
        "substituted_in": true,
        "starting_lineup": false
      }
    ]
  },
  {
    "url": "https://www.transfermarkt.pl/atlético-madryt_fc-barcelona/aufstellung/spielbericht/4557608",
    "match_id": "4557608",
    "date": "śr., 02.04.2025",
    "competition": "Unknown",
    "matchday": "Unknown",
    "home_team": "Atlético Madryt",
    "away_team": "FC Barcelona",
    "home_players": [
      {
        "number": "1",
        "name": "Juan Musso",
        "substituted_in": true,
        "starting_lineup": true
      },
      {
        "number": "2",
        "name": "José María Giménez",
        "substituted_in": true,
        "starting_lineup": true
      },
      {
        "number": "24",
        "name": "Robin Le Normand",
        "substituted_in": true,
        "starting_lineup": true
      },
      {
        "number": "23",
        "name": "Reinildo Mandava",
        "substituted_in": true,
        "starting_lineup": true
      },
      {
        "number": "3",
        "name": "César Azpilicueta",
        "substituted_in": true,
        "starting_lineup": true
      },
      {
        "number": "5",
        "name": "Rodrigo De Paul",
        "substituted_in": true,
        "starting_lineup": true
      },
      {
        "number": "8",
        "name": "Pablo Barrios",
        "substituted_in": true,
        "starting_lineup": true
      },
      {
        "number": "14",
        "name": "Marcos Llorente",
        "substituted_in": true,
        "starting_lineup": true
      },
      {
        "number": "22",
        "name": "Giuliano Simeone",
        "substituted_in": true,
        "starting_lineup": true
      },
      {
        "number": "7",
        "name": "Antoine Griezmann",
        "substituted_in": true,
        "starting_lineup": true
      },
      {
        "number": "19",
        "name": "Julián Alvarez",
        "substituted_in": true,
        "starting_lineup": true
      },
      {
        "number": "15",
        "name": "Clément Lenglet",
        "substituted_in": true,
        "starting_lineup": false
      },
      {
        "number": "21",
        "name": "Javi Galán",
        "substituted_in": true,
        "starting_lineup": false
      },
      {
        "number": "16",
        "name": "Nahuel Molina",
        "substituted_in": true,
        "starting_lineup": false
      },
      {
        "number": "17",
        "name": "Rodrigo Riquelme",
        "substituted_in": true,
        "starting_lineup": false
      },
      {
        "number": "9",
        "name": "Alexander Sørloth",
        "substituted_in": true,
        "starting_lineup": false
      }
    ],
    "away_players": [
      {
        "number": "25",
        "name": "Wojciech Szczesny",
        "substituted_in": true,
        "starting_lineup": true
      },
      {
        "number": "5",
        "name": "Iñigo Martínez",
        "substituted_in": true,
        "starting_lineup": true
      },
      {
        "number": "2",
        "name": "Pau Cubarsí",
        "substituted_in": true,
        "starting_lineup": true
      },
      {
        "number": "3",
        "name": "Alejandro Balde",
        "substituted_in": true,
        "starting_lineup": true
      },
      {
        "number": "23",
        "name": "Jules Koundé",
        "substituted_in": true,
        "starting_lineup": true
      },
      {
        "number": "8",
        "name": "Pedri",
        "substituted_in": true,
        "starting_lineup": true
      },
      {
        "number": "21",
        "name": "Frenkie de Jong",
        "substituted_in": true,
        "starting_lineup": true
      },
      {
        "number": "16",
        "name": "Fermín López",
        "substituted_in": true,
        "starting_lineup": true
      },
      {
        "number": "11",
        "name": "Raphinha",
        "substituted_in": true,
        "starting_lineup": true
      },
      {
        "number": "19",
        "name": "Lamine Yamal",
        "substituted_in": true,
        "starting_lineup": true
      },
      {
        "number": "7",
        "name": "Ferran Torres",
        "substituted_in": true,
        "starting_lineup": true
      },
      {
        "number": "4",
        "name": "Ronald Araujo",
        "substituted_in": true,
        "starting_lineup": false
      },
      {
        "number": "24",
        "name": "Eric García",
        "substituted_in": true,
        "starting_lineup": false
      },
      {
        "number": "35",
        "name": "Gerard Martín",
        "substituted_in": true,
        "starting_lineup": false
      },
      {
        "number": "9",
        "name": "Robert Lewandowski",
        "substituted_in": true,
        "starting_lineup": false
      }
    ]
  },
  {
    "url": "https://www.transfermarkt.pl/ud-las-palmas_atlético-madryt/aufstellung/spielbericht/4407638",
    "match_id": "4407638",
    "date": "sob., 19.04.2025",
    "competition": "LALIGA",
    "matchday": "32. Kolejka",
    "home_team": "UD Las Palmas",
    "away_team": "Atlético Madryt",
    "home_players": [
      {
        "number": "13",
        "name": "Dinko Horkas",
        "substituted_in": true,
        "starting_lineup": true
      },
      {
        "number": "15",
        "name": "Scott McKenna",
        "substituted_in": true,
        "starting_lineup": true
      },
      {
        "number": "4",
        "name": "Álex Suárez",
        "substituted_in": true,
        "starting_lineup": true
      },
      {
        "number": "3",
        "name": "Mika Mármol",
        "substituted_in": true,
        "starting_lineup": true
      },
      {
        "number": "18",
        "name": "Viti Rozada",
        "substituted_in": true,
        "starting_lineup": true
      },
      {
        "number": "21",
        "name": "Stefan Bajcetic",
        "substituted_in": true,
        "starting_lineup": true
      },
      {
        "number": "29",
        "name": "Dário Essugo",
        "substituted_in": true,
        "starting_lineup": true
      },
      {
        "number": "10",
        "name": "Alberto Moleiro",
        "substituted_in": true,
        "starting_lineup": true
      },
      {
        "number": "5",
        "name": "Javi Muñoz",
        "substituted_in": true,
        "starting_lineup": true
      },
      {
        "number": "16",
        "name": "Oli McBurnie",
        "substituted_in": true,
        "starting_lineup": true
      },
      {
        "number": "37",
        "name": "Fábio Silva",
        "substituted_in": true,
        "starting_lineup": true
      },
      {
        "number": "2",
        "name": "Marvin Park",
        "substituted_in": true,
        "starting_lineup": false
      },
      {
        "number": "8",
        "name": "José Campaña",
        "substituted_in": true,
        "starting_lineup": false
      },
      {
        "number": "17",
        "name": "Jaime Mata",
        "substituted_in": true,
        "starting_lineup": false
      },
      {
        "number": "19",
        "name": "Sandro Ramírez",
        "substituted_in": true,
        "starting_lineup": false
      }
    ],
    "away_players": [
      {
        "number": "13",
        "name": "Jan Oblak",
        "substituted_in": true,
        "starting_lineup": true
      },
      {
        "number": "2",
        "name": "José María Giménez",
        "substituted_in": true,
        "starting_lineup": true
      },
      {
        "number": "24",
        "name": "Robin Le Normand",
        "substituted_in": true,
        "starting_lineup": true
      },
      {
        "number": "21",
        "name": "Javi Galán",
        "substituted_in": true,
        "starting_lineup": true
      },
      {
        "number": "14",
        "name": "Marcos Llorente",
        "substituted_in": true,
        "starting_lineup": true
      },
      {
        "number": "6",
        "name": "Koke",
        "substituted_in": true,
        "starting_lineup": true
      },
      {
        "number": "8",
        "name": "Pablo Barrios",
        "substituted_in": true,
        "starting_lineup": true
      },
      {
        "number": "4",
        "name": "Conor Gallagher",
        "substituted_in": true,
        "starting_lineup": true
      },
      {
        "number": "22",
        "name": "Giuliano Simeone",
        "substituted_in": true,
        "starting_lineup": true
      },
      {
        "number": "9",
        "name": "Alexander Sørloth",
        "substituted_in": true,
        "starting_lineup": true
      },
      {
        "number": "19",
        "name": "Julián Alvarez",
        "substituted_in": true,
        "starting_lineup": true
      },
      {
        "number": "3",
        "name": "César Azpilicueta",
        "substituted_in": true,
        "starting_lineup": false
      },
      {
        "number": "5",
        "name": "Rodrigo De Paul",
        "substituted_in": true,
        "starting_lineup": false
      },
      {
        "number": "17",
        "name": "Rodrigo Riquelme",
        "substituted_in": true,
        "starting_lineup": false
      },
      {
        "number": "10",
        "name": "Ángel Correa",
        "substituted_in": true,
        "starting_lineup": false
      },
      {
        "number": "7",
        "name": "Antoine Griezmann",
        "substituted_in": true,
        "starting_lineup": false
      }
    ]
  },
  {
    "url": "https://www.transfermarkt.pl/atlético-madryt_sevilla-fc/aufstellung/spielbericht/4407685",
    "match_id": "4407685",
    "date": "niedz., 08.12.2024",
    "competition": "LALIGA",
    "matchday": "16. Kolejka",
    "home_team": "Atlético Madryt",
    "away_team": "Sevilla FC",
    "home_players": [
      {
        "number": "13",
        "name": "Jan Oblak",
        "substituted_in": true,
        "starting_lineup": true
      },
      {
        "number": "15",
        "name": "Clément Lenglet",
        "substituted_in": true,
        "starting_lineup": true
      },
      {
        "number": "2",
        "name": "José María Giménez",
        "substituted_in": true,
        "starting_lineup": true
      },
      {
        "number": "21",
        "name": "Javi Galán",
        "substituted_in": true,
        "starting_lineup": true
      },
      {
        "number": "14",
        "name": "Marcos Llorente",
        "substituted_in": true,
        "starting_lineup": true
      },
      {
        "number": "5",
        "name": "Rodrigo De Paul",
        "substituted_in": true,
        "starting_lineup": true
      },
      {
        "number": "8",
        "name": "Pablo Barrios",
        "substituted_in": true,
        "starting_lineup": true
      },
      {
        "number": "4",
        "name": "Conor Gallagher",
        "substituted_in": true,
        "starting_lineup": true
      },
      {
        "number": "22",
        "name": "Giuliano Simeone",
        "substituted_in": true,
        "starting_lineup": true
      },
      {
        "number": "7",
        "name": "Antoine Griezmann",
        "substituted_in": true,
        "starting_lineup": true
      },
      {
        "number": "19",
        "name": "Julián Alvarez",
        "substituted_in": true,
        "starting_lineup": true
      },
      {
        "number": "20",
        "name": "Axel Witsel",
        "substituted_in": true,
        "starting_lineup": false
      },
      {
        "number": "6",
        "name": "Koke",
        "substituted_in": true,
        "starting_lineup": false
      },
      {
        "number": "12",
        "name": "Samuel Lino",
        "substituted_in": true,
        "starting_lineup": false
      },
      {
        "number": "10",
        "name": "Ángel Correa",
        "substituted_in": true,
        "starting_lineup": false
      },
      {
        "number": "9",
        "name": "Alexander Sørloth",
        "substituted_in": true,
        "starting_lineup": false
      }
    ],
    "away_players": [
      {
        "number": "1",
        "name": "Álvaro Fernández",
        "substituted_in": true,
        "starting_lineup": true
      },
      {
        "number": "22",
        "name": "Loïc Badé",
        "substituted_in": true,
        "starting_lineup": true
      },
      {
        "number": "6",
        "name": "Nemanja Gudelj",
        "substituted_in": true,
        "starting_lineup": true
      },
      {
        "number": "4",
        "name": "Kike Salas",
        "substituted_in": true,
        "starting_lineup": true
      },
      {
        "number": "32",
        "name": "José Ángel Carmona",
        "substituted_in": true,
        "starting_lineup": true
      },
      {
        "number": "18",
        "name": "Lucien Agoumé",
        "substituted_in": true,
        "starting_lineup": true
      },
      {
        "number": "26",
        "name": "Juanlu Sánchez",
        "substituted_in": true,
        "starting_lineup": true
      },
      {
        "number": "20",
        "name": "Djibril Sow",
        "substituted_in": true,
        "starting_lineup": true
      },
      {
        "number": "14",
        "name": "Peque Fernández",
        "substituted_in": true,
        "starting_lineup": true
      },
      {
        "number": "11",
        "name": "Dodi Lukébakio",
        "substituted_in": true,
        "starting_lineup": true
      },
      {
        "number": "7",
        "name": "Isaac Romero",
        "substituted_in": true,
        "starting_lineup": true
      },
      {
        "number": "23",
        "name": "Marcão",
        "substituted_in": true,
        "starting_lineup": false
      },
      {
        "number": "15",
        "name": "Gonzalo Montiel",
        "substituted_in": true,
        "starting_lineup": false
      },
      {
        "number": "17",
        "name": "Saúl Ñíguez",
        "substituted_in": true,
        "starting_lineup": false
      },
      {
        "number": "9",
        "name": "Kelechi Iheanacho",
        "substituted_in": true,
        "starting_lineup": false
      }
    ]
  },
  {
    "url": "https://www.transfermarkt.pl/getafe-cf_atlético-madryt/aufstellung/spielbericht/4407792",
    "match_id": "4407792",
    "date": "niedz., 09.03.2025",
    "competition": "LALIGA",
    "matchday": "27. Kolejka",
    "home_team": "Getafe CF",
    "away_team": "Atlético Madryt",
    "home_players": [
      {
        "number": "13",
        "name": "David Soria",
        "substituted_in": true,
        "starting_lineup": true
      },
      {
        "number": "15",
        "name": "Omar Alderete",
        "substituted_in": true,
        "starting_lineup": true
      },
      {
        "number": "22",
        "name": "Domingos Duarte",
        "substituted_in": true,
        "starting_lineup": true
      },
      {
        "number": "16",
        "name": "Diego Rico",
        "substituted_in": true,
        "starting_lineup": true
      },
      {
        "number": "2",
        "name": "Dakonam Djené",
        "substituted_in": true,
        "starting_lineup": true
      },
      {
        "number": "5",
        "name": "Luis Milla",
        "substituted_in": true,
        "starting_lineup": true
      },
      {
        "number": "8",
        "name": "Mauro Arambarri",
        "substituted_in": true,
        "starting_lineup": true
      },
      {
        "number": "11",
        "name": "Ramón Terrats",
        "substituted_in": true,
        "starting_lineup": true
      },
      {
        "number": "6",
        "name": "Christantus Uche",
        "substituted_in": true,
        "starting_lineup": true
      },
      {
        "number": "29",
        "name": "Coba da Costa",
        "substituted_in": true,
        "starting_lineup": true
      },
      {
        "number": "18",
        "name": "Álvaro Rodríguez",
        "substituted_in": true,
        "starting_lineup": true
      },
      {
        "number": "14",
        "name": "Juan Bernat",
        "substituted_in": true,
        "starting_lineup": false
      },
      {
        "number": "24",
        "name": "Juanmi",
        "substituted_in": true,
        "starting_lineup": false
      },
      {
        "number": "9",
        "name": "Borja Mayoral",
        "substituted_in": true,
        "starting_lineup": false
      }
    ],
    "away_players": [
      {
        "number": "13",
        "name": "Jan Oblak",
        "substituted_in": true,
        "starting_lineup": true
      },
      {
        "number": "2",
        "name": "José María Giménez",
        "substituted_in": true,
        "starting_lineup": true
      },
      {
        "number": "24",
        "name": "Robin Le Normand",
        "substituted_in": true,
        "starting_lineup": true
      },
      {
        "number": "21",
        "name": "Javi Galán",
        "substituted_in": true,
        "starting_lineup": true
      },
      {
        "number": "16",
        "name": "Nahuel Molina",
        "substituted_in": true,
        "starting_lineup": true
      },
      {
        "number": "14",
        "name": "Marcos Llorente",
        "substituted_in": true,
        "starting_lineup": true
      },
      {
        "number": "5",
        "name": "Rodrigo De Paul",
        "substituted_in": true,
        "starting_lineup": true
      },
      {
        "number": "12",
        "name": "Samuel Lino",
        "substituted_in": true,
        "starting_lineup": true
      },
      {
        "number": "22",
        "name": "Giuliano Simeone",
        "substituted_in": true,
        "starting_lineup": true
      },
      {
        "number": "7",
        "name": "Antoine Griezmann",
        "substituted_in": true,
        "starting_lineup": true
      },
      {
        "number": "19",
        "name": "Julián Alvarez",
        "substituted_in": true,
        "starting_lineup": true
      },
      {
        "number": "4",
        "name": "Conor Gallagher",
        "substituted_in": true,
        "starting_lineup": false
      },
      {
        "number": "8",
        "name": "Pablo Barrios",
        "substituted_in": true,
        "starting_lineup": false
      },
      {
        "number": "11",
        "name": "Thomas Lemar",
        "substituted_in": true,
        "starting_lineup": false
      },
      {
        "number": "10",
        "name": "Ángel Correa",
        "substituted_in": true,
        "starting_lineup": false
      },
      {
        "number": "9",
        "name": "Alexander Sørloth",
        "substituted_in": true,
        "starting_lineup": false
      }
    ]
  },
  {
    "url": "https://www.transfermarkt.pl/atlético-madryt_cd-leganés/aufstellung/spielbericht/4405369",
    "match_id": "4405369",
    "date": "niedz., 20.10.2024",
    "competition": "LALIGA",
    "matchday": "10. Kolejka",
    "home_team": "Atlético Madryt",
    "away_team": "CD Leganés",
    "home_players": [
      {
        "number": "13",
        "name": "Jan Oblak",
        "substituted_in": true,
        "starting_lineup": true
      },
      {
        "number": "15",
        "name": "Clément Lenglet",
        "substituted_in": true,
        "starting_lineup": true
      },
      {
        "number": "20",
        "name": "Axel Witsel",
        "substituted_in": true,
        "starting_lineup": true
      },
      {
        "number": "21",
        "name": "Javi Galán",
        "substituted_in": true,
        "starting_lineup": true
      },
      {
        "number": "16",
        "name": "Nahuel Molina",
        "substituted_in": true,
        "starting_lineup": true
      },
      {
        "number": "6",
        "name": "Koke",
        "substituted_in": true,
        "starting_lineup": true
      },
      {
        "number": "8",
        "name": "Pablo Barrios",
        "substituted_in": true,
        "starting_lineup": true
      },
      {
        "number": "7",
        "name": "Antoine Griezmann",
        "substituted_in": true,
        "starting_lineup": true
      },
      {
        "number": "17",
        "name": "Rodrigo Riquelme",
        "substituted_in": true,
        "starting_lineup": true
      },
      {
        "number": "10",
        "name": "Ángel Correa",
        "substituted_in": true,
        "starting_lineup": true
      },
      {
        "number": "9",
        "name": "Alexander Sørloth",
        "substituted_in": true,
        "starting_lineup": true
      },
      {
        "number": "2",
        "name": "José María Giménez",
        "substituted_in": true,
        "starting_lineup": false
      },
      {
        "number": "5",
        "name": "Rodrigo De Paul",
        "substituted_in": true,
        "starting_lineup": false
      },
      {
        "number": "12",
        "name": "Samuel Lino",
        "substituted_in": true,
        "starting_lineup": false
      },
      {
        "number": "22",
        "name": "Giuliano Simeone",
        "substituted_in": true,
        "starting_lineup": false
      },
      {
        "number": "19",
        "name": "Julián Alvarez",
        "substituted_in": true,
        "starting_lineup": false
      }
    ],
    "away_players": [
      {
        "number": "13",
        "name": "Marko Dmitrovic",
        "substituted_in": true,
        "starting_lineup": true
      },
      {
        "number": "22",
        "name": "Matija Nastasić",
        "substituted_in": true,
        "starting_lineup": true
      },
      {
        "number": "6",
        "name": "Sergio González",
        "substituted_in": true,
        "starting_lineup": true
      },
      {
        "number": "20",
        "name": "Javi Hernández",
        "substituted_in": true,
        "starting_lineup": true
      },
      {
        "number": "12",
        "name": "Valentin Rosier",
        "substituted_in": true,
        "starting_lineup": true
      },
      {
        "number": "5",
        "name": "Renato Tapia",
        "substituted_in": true,
        "starting_lineup": true
      },
      {
        "number": "17",
        "name": "Yvan Neyou",
        "substituted_in": true,
        "starting_lineup": true
      },
      {
        "number": "8",
        "name": "Seydouba Cissé",
        "substituted_in": true,
        "starting_lineup": true
      },
      {
        "number": "10",
        "name": "Dani Raba",
        "substituted_in": true,
        "starting_lineup": true
      },
      {
        "number": "11",
        "name": "Juan Cruz",
        "substituted_in": true,
        "starting_lineup": true
      },
      {
        "number": "9",
        "name": "Miguel de la Fuente",
        "substituted_in": true,
        "starting_lineup": true
      },
      {
        "number": "15",
        "name": "Enric Franquesa",
        "substituted_in": true,
        "starting_lineup": false
      },
      {
        "number": "21",
        "name": "Roberto López",
        "substituted_in": true,
        "starting_lineup": false
      },
      {
        "number": "23",
        "name": "Munir El Haddadi",
        "substituted_in": true,
        "starting_lineup": false
      },
      {
        "number": "18",
        "name": "Sébastien Haller",
        "substituted_in": true,
        "starting_lineup": false
      },
      {
        "number": "19",
        "name": "Diego García",
        "substituted_in": true,
        "starting_lineup": false
      }
    ]
  },
  {
    "url": "https://www.transfermarkt.pl/rcd-espanyol_atlético-madryt/aufstellung/spielbericht/4407561",
    "match_id": "4407561",
    "date": "sob., 29.03.2025",
    "competition": "LALIGA",
    "matchday": "29. Kolejka",
    "home_team": "RCD Espanyol",
    "away_team": "Atlético Madryt",
    "home_players": [
      {
        "number": "1",
        "name": "Joan García",
        "substituted_in": true,
        "starting_lineup": true
      },
      {
        "number": "6",
        "name": "Leandro Cabrera",
        "substituted_in": true,
        "starting_lineup": true
      },
      {
        "number": "4",
        "name": "Marash Kumbulla",
        "substituted_in": true,
        "starting_lineup": true
      },
      {
        "number": "22",
        "name": "Carlos Romero",
        "substituted_in": true,
        "starting_lineup": true
      },
      {
        "number": "23",
        "name": "Omar El Hilali",
        "substituted_in": true,
        "starting_lineup": true
      },
      {
        "number": "19",
        "name": "Urko González de Zárate",
        "substituted_in": true,
        "starting_lineup": true
      },
      {
        "number": "10",
        "name": "Pol Lozano",
        "substituted_in": true,
        "starting_lineup": true
      },
      {
        "number": "20",
        "name": "Alex Král",
        "substituted_in": true,
        "starting_lineup": true
      },
      {
        "number": "7",
        "name": "Javi Puado",
        "substituted_in": true,
        "starting_lineup": true
      },
      {
        "number": "17",
        "name": "Jofre Carreras",
        "substituted_in": true,
        "starting_lineup": true
      },
      {
        "number": "2",
        "name": "Roberto Fernández",
        "substituted_in": true,
        "starting_lineup": true
      },
      {
        "number": "5",
        "name": "Fernando Calero",
        "substituted_in": true,
        "starting_lineup": false
      },
      {
        "number": "8",
        "name": "Edu Expósito",
        "substituted_in": true,
        "starting_lineup": false
      },
      {
        "number": "18",
        "name": "Álvaro Aguado",
        "substituted_in": true,
        "starting_lineup": false
      },
      {
        "number": "11",
        "name": "Pere Milla",
        "substituted_in": true,
        "starting_lineup": false
      },
      {
        "number": "31",
        "name": "Antoniu Roca",
        "substituted_in": true,
        "starting_lineup": false
      },
      {
        "number": "9",
        "name": "Alejo Veliz",
        "substituted_in": true,
        "starting_lineup": false
      }
    ],
    "away_players": [
      {
        "number": "13",
        "name": "Jan Oblak",
        "substituted_in": true,
        "starting_lineup": true
      },
      {
        "number": "15",
        "name": "Clément Lenglet",
        "substituted_in": true,
        "starting_lineup": true
      },
      {
        "number": "24",
        "name": "Robin Le Normand",
        "substituted_in": true,
        "starting_lineup": true
      },
      {
        "number": "3",
        "name": "César Azpilicueta",
        "substituted_in": true,
        "starting_lineup": true
      },
      {
        "number": "14",
        "name": "Marcos Llorente",
        "substituted_in": true,
        "starting_lineup": true
      },
      {
        "number": "4",
        "name": "Conor Gallagher",
        "substituted_in": true,
        "starting_lineup": true
      },
      {
        "number": "8",
        "name": "Pablo Barrios",
        "substituted_in": true,
        "starting_lineup": true
      },
      {
        "number": "12",
        "name": "Samuel Lino",
        "substituted_in": true,
        "starting_lineup": true
      },
      {
        "number": "22",
        "name": "Giuliano Simeone",
        "substituted_in": true,
        "starting_lineup": true
      },
      {
        "number": "7",
        "name": "Antoine Griezmann",
        "substituted_in": true,
        "starting_lineup": true
      },
      {
        "number": "9",
        "name": "Alexander Sørloth",
        "substituted_in": true,
        "starting_lineup": true
      },
      {
        "number": "2",
        "name": "José María Giménez",
        "substituted_in": true,
        "starting_lineup": false
      },
      {
        "number": "23",
        "name": "Reinildo Mandava",
        "substituted_in": true,
        "starting_lineup": false
      },
      {
        "number": "16",
        "name": "Nahuel Molina",
        "substituted_in": true,
        "starting_lineup": false
      },
      {
        "number": "5",
        "name": "Rodrigo De Paul",
        "substituted_in": true,
        "starting_lineup": false
      },
      {
        "number": "17",
        "name": "Rodrigo Riquelme",
        "substituted_in": true,
        "starting_lineup": false
      },
      {
        "number": "19",
        "name": "Julián Alvarez",
        "substituted_in": true,
        "starting_lineup": false
      }
    ]
  },
  {
    "url": "https://www.transfermarkt.pl/atlético-madryt_rcd-mallorca/aufstellung/spielbericht/4407774",
    "match_id": "4407774",
    "date": "sob., 01.02.2025",
    "competition": "LALIGA",
    "matchday": "22. Kolejka",
    "home_team": "Atlético Madryt",
    "away_team": "RCD Mallorca",
    "home_players": [
      {
        "number": "13",
        "name": "Jan Oblak",
        "substituted_in": true,
        "starting_lineup": true
      },
      {
        "number": "15",
        "name": "Clément Lenglet",
        "substituted_in": true,
        "starting_lineup": true
      },
      {
        "number": "24",
        "name": "Robin Le Normand",
        "substituted_in": true,
        "starting_lineup": true
      },
      {
        "number": "23",
        "name": "Reinildo Mandava",
        "substituted_in": true,
        "starting_lineup": true
      },
      {
        "number": "14",
        "name": "Marcos Llorente",
        "substituted_in": true,
        "starting_lineup": true
      },
      {
        "number": "6",
        "name": "Koke",
        "substituted_in": true,
        "starting_lineup": true
      },
      {
        "number": "8",
        "name": "Pablo Barrios",
        "substituted_in": true,
        "starting_lineup": true
      },
      {
        "number": "12",
        "name": "Samuel Lino",
        "substituted_in": true,
        "starting_lineup": true
      },
      {
        "number": "22",
        "name": "Giuliano Simeone",
        "substituted_in": true,
        "starting_lineup": true
      },
      {
        "number": "9",
        "name": "Alexander Sørloth",
        "substituted_in": true,
        "starting_lineup": true
      },
      {
        "number": "19",
        "name": "Julián Alvarez",
        "substituted_in": true,
        "starting_lineup": true
      },
      {
        "number": "16",
        "name": "Nahuel Molina",
        "substituted_in": true,
        "starting_lineup": false
      },
      {
        "number": "4",
        "name": "Conor Gallagher",
        "substituted_in": true,
        "starting_lineup": false
      },
      {
        "number": "17",
        "name": "Rodrigo Riquelme",
        "substituted_in": true,
        "starting_lineup": false
      },
      {
        "number": "10",
        "name": "Ángel Correa",
        "substituted_in": true,
        "starting_lineup": false
      },
      {
        "number": "7",
        "name": "Antoine Griezmann",
        "substituted_in": true,
        "starting_lineup": false
      }
    ],
    "away_players": [
      {
        "number": "1",
        "name": "Dominik Greif",
        "substituted_in": true,
        "starting_lineup": true
      },
      {
        "number": "6",
        "name": "José Copete",
        "substituted_in": true,
        "starting_lineup": true
      },
      {
        "number": "21",
        "name": "Antonio Raíllo",
        "substituted_in": true,
        "starting_lineup": true
      },
      {
        "number": "24",
        "name": "Martin Valjent",
        "substituted_in": true,
        "starting_lineup": true
      },
      {
        "number": "22",
        "name": "Johan Mojica",
        "substituted_in": true,
        "starting_lineup": true
      },
      {
        "number": "2",
        "name": "Mateu Morey",
        "substituted_in": true,
        "starting_lineup": true
      },
      {
        "number": "12",
        "name": "Samú Costa",
        "substituted_in": true,
        "starting_lineup": true
      },
      {
        "number": "10",
        "name": "Sergi Darder",
        "substituted_in": true,
        "starting_lineup": true
      },
      {
        "number": "14",
        "name": "Dani Rodríguez",
        "substituted_in": true,
        "starting_lineup": true
      },
      {
        "number": "7",
        "name": "Vedat Muriqi",
        "substituted_in": true,
        "starting_lineup": true
      },
      {
        "number": "17",
        "name": "Cyle Larin",
        "substituted_in": true,
        "starting_lineup": true
      },
      {
        "number": "28",
        "name": "Jan Salas",
        "substituted_in": true,
        "starting_lineup": false
      },
      {
        "number": "20",
        "name": "Chiquinho",
        "substituted_in": true,
        "starting_lineup": false
      },
      {
        "number": "11",
        "name": "Takuma Asano",
        "substituted_in": true,
        "starting_lineup": false
      },
      {
        "number": "27",
        "name": "Robert Navarro",
        "substituted_in": true,
        "starting_lineup": false
      },
      {
        "number": "9",
        "name": "Abdón Prats",
        "substituted_in": true,
        "starting_lineup": false
      }
    ]
  },
  {
    "url": "https://www.transfermarkt.pl/atlético-madryt_rayo-vallecano/aufstellung/spielbericht/4407615",
    "match_id": "4407615",
    "date": "czw., 24.04.2025",
    "competition": "LALIGA",
    "matchday": "33. Kolejka",
    "home_team": "Atlético Madryt",
    "away_team": "Rayo Vallecano",
    "home_players": [
      {
        "number": "13",
        "name": "Jan Oblak",
        "substituted_in": true,
        "starting_lineup": true
      },
      {
        "number": "15",
        "name": "Clément Lenglet",
        "substituted_in": true,
        "starting_lineup": true
      },
      {
        "number": "24",
        "name": "Robin Le Normand",
        "substituted_in": true,
        "starting_lineup": true
      },
      {
        "number": "21",
        "name": "Javi Galán",
        "substituted_in": true,
        "starting_lineup": true
      },
      {
        "number": "14",
        "name": "Marcos Llorente",
        "substituted_in": true,
        "starting_lineup": true
      },
      {
        "number": "5",
        "name": "Rodrigo De Paul",
        "substituted_in": true,
        "starting_lineup": true
      },
      {
        "number": "8",
        "name": "Pablo Barrios",
        "substituted_in": true,
        "starting_lineup": true
      },
      {
        "number": "4",
        "name": "Conor Gallagher",
        "substituted_in": true,
        "starting_lineup": true
      },
      {
        "number": "22",
        "name": "Giuliano Simeone",
        "substituted_in": true,
        "starting_lineup": true
      },
      {
        "number": "9",
        "name": "Alexander Sørloth",
        "substituted_in": true,
        "starting_lineup": true
      },
      {
        "number": "19",
        "name": "Julián Alvarez",
        "substituted_in": true,
        "starting_lineup": true
      },
      {
        "number": "3",
        "name": "César Azpilicueta",
        "substituted_in": true,
        "starting_lineup": false
      },
      {
        "number": "16",
        "name": "Nahuel Molina",
        "substituted_in": true,
        "starting_lineup": false
      },
      {
        "number": "6",
        "name": "Koke",
        "substituted_in": true,
        "starting_lineup": false
      },
      {
        "number": "12",
        "name": "Samuel Lino",
        "substituted_in": true,
        "starting_lineup": false
      },
      {
        "number": "7",
        "name": "Antoine Griezmann",
        "substituted_in": true,
        "starting_lineup": false
      }
    ],
    "away_players": [
      {
        "number": "13",
        "name": "Augusto Batalla",
        "substituted_in": true,
        "starting_lineup": true
      },
      {
        "number": "24",
        "name": "Florian Lejeune",
        "substituted_in": true,
        "starting_lineup": true
      },
      {
        "number": "6",
        "name": "Pathé Ciss",
        "substituted_in": true,
        "starting_lineup": true
      },
      {
        "number": "22",
        "name": "Alfonso Espino",
        "substituted_in": true,
        "starting_lineup": true
      },
      {
        "number": "2",
        "name": "Andrei Rațiu",
        "substituted_in": true,
        "starting_lineup": true
      },
      {
        "number": "17",
        "name": "Unai López",
        "substituted_in": true,
        "starting_lineup": true
      },
      {
        "number": "23",
        "name": "Óscar Valentín",
        "substituted_in": true,
        "starting_lineup": true
      },
      {
        "number": "4",
        "name": "Pedro Díaz",
        "substituted_in": true,
        "starting_lineup": true
      },
      {
        "number": "18",
        "name": "Álvaro García",
        "substituted_in": true,
        "starting_lineup": true
      },
      {
        "number": "7",
        "name": "Isi Palazón",
        "substituted_in": true,
        "starting_lineup": true
      },
      {
        "number": "11",
        "name": "Randy Nteka",
        "substituted_in": true,
        "starting_lineup": true
      },
      {
        "number": "3",
        "name": "Pep Chavarría",
        "substituted_in": true,
        "starting_lineup": false
      },
      {
        "number": "15",
        "name": "Gerard Gumbau",
        "substituted_in": true,
        "starting_lineup": false
      },
      {
        "number": "19",
        "name": "Jorge de Frutos",
        "substituted_in": true,
        "starting_lineup": false
      },
      {
        "number": "21",
        "name": "Adrián Embarba",
        "substituted_in": true,
        "starting_lineup": false
      },
      {
        "number": "12",
        "name": "Sergi Guardiola",
        "substituted_in": true,
        "starting_lineup": false
      }
    ]
  },
  {
    "url": "https://www.transfermarkt.pl/atlético-madryt_rcd-espanyol/aufstellung/spielbericht/4364904",
    "match_id": "4364904",
    "date": "śr., 28.08.2024",
    "competition": "LALIGA",
    "matchday": "3. Kolejka",
    "home_team": "Atlético Madryt",
    "away_team": "RCD Espanyol",
    "home_players": [
      {
        "number": "13",
        "name": "Jan Oblak",
        "substituted_in": true,
        "starting_lineup": true
      },
      {
        "number": "3",
        "name": "César Azpilicueta",
        "substituted_in": true,
        "starting_lineup": true
      },
      {
        "number": "24",
        "name": "Robin Le Normand",
        "substituted_in": true,
        "starting_lineup": true
      },
      {
        "number": "20",
        "name": "Axel Witsel",
        "substituted_in": true,
        "starting_lineup": true
      },
      {
        "number": "17",
        "name": "Rodrigo Riquelme",
        "substituted_in": true,
        "starting_lineup": true
      },
      {
        "number": "16",
        "name": "Nahuel Molina",
        "substituted_in": true,
        "starting_lineup": true
      },
      {
        "number": "5",
        "name": "Rodrigo De Paul",
        "substituted_in": true,
        "starting_lineup": true
      },
      {
        "number": "6",
        "name": "Koke",
        "substituted_in": true,
        "starting_lineup": true
      },
      {
        "number": "12",
        "name": "Samuel Lino",
        "substituted_in": true,
        "starting_lineup": true
      },
      {
        "number": "9",
        "name": "Alexander Sørloth",
        "substituted_in": true,
        "starting_lineup": true
      },
      {
        "number": "19",
        "name": "Julián Alvarez",
        "substituted_in": true,
        "starting_lineup": true
      },
      {
        "number": "23",
        "name": "Reinildo Mandava",
        "substituted_in": true,
        "starting_lineup": false
      },
      {
        "number": "14",
        "name": "Marcos Llorente",
        "substituted_in": true,
        "starting_lineup": false
      },
      {
        "number": "8",
        "name": "Pablo Barrios",
        "substituted_in": true,
        "starting_lineup": false
      },
      {
        "number": "10",
        "name": "Ángel Correa",
        "substituted_in": true,
        "starting_lineup": false
      },
      {
        "number": "7",
        "name": "Antoine Griezmann",
        "substituted_in": true,
        "starting_lineup": false
      }
    ],
    "away_players": [
      {
        "number": "1",
        "name": "Joan García",
        "substituted_in": true,
        "starting_lineup": true
      },
      {
        "number": "4",
        "name": "Marash Kumbulla",
        "substituted_in": true,
        "starting_lineup": true
      },
      {
        "number": "5",
        "name": "Fernando Calero",
        "substituted_in": true,
        "starting_lineup": true
      },
      {
        "number": "23",
        "name": "Omar El Hilali",
        "substituted_in": true,
        "starting_lineup": true
      },
      {
        "number": "22",
        "name": "Carlos Romero",
        "substituted_in": true,
        "starting_lineup": true
      },
      {
        "number": "12",
        "name": "Álvaro Tejero",
        "substituted_in": true,
        "starting_lineup": true
      },
      {
        "number": "18",
        "name": "Álvaro Aguado",
        "substituted_in": true,
        "starting_lineup": true
      },
      {
        "number": "20",
        "name": "Alex Král",
        "substituted_in": true,
        "starting_lineup": true
      },
      {
        "number": "15",
        "name": "José Gragera",
        "substituted_in": true,
        "starting_lineup": true
      },
      {
        "number": "7",
        "name": "Javi Puado",
        "substituted_in": true,
        "starting_lineup": true
      },
      {
        "number": "9",
        "name": "Alejo Veliz",
        "substituted_in": true,
        "starting_lineup": true
      },
      {
        "number": "3",
        "name": "Sergi Gómez",
        "substituted_in": true,
        "starting_lineup": false
      },
      {
        "number": "14",
        "name": "Brian Oliván",
        "substituted_in": true,
        "starting_lineup": false
      },
      {
        "number": "10",
        "name": "Pol Lozano",
        "substituted_in": true,
        "starting_lineup": false
      },
      {
        "number": "17",
        "name": "Jofre Carreras",
        "substituted_in": true,
        "starting_lineup": false
      },
      {
        "number": "16",
        "name": "Walid Cheddira",
        "substituted_in": true,
        "starting_lineup": false
      }
    ]
  },
  {
    "url": "https://www.transfermarkt.pl/atlético-madryt_real-madryt/aufstellung/spielbericht/4547637",
    "match_id": "4547637",
    "date": "śr., 12.03.2025",
    "competition": "Unknown",
    "matchday": "Unknown",
    "home_team": "Atlético Madryt",
    "away_team": "Real Madryt",
    "home_players": [
      {
        "number": "13",
        "name": "Jan Oblak",
        "substituted_in": true,
        "starting_lineup": true
      },
      {
        "number": "15",
        "name": "Clément Lenglet",
        "substituted_in": true,
        "starting_lineup": true
      },
      {
        "number": "2",
        "name": "José María Giménez",
        "substituted_in": true,
        "starting_lineup": true
      },
      {
        "number": "23",
        "name": "Reinildo Mandava",
        "substituted_in": true,
        "starting_lineup": true
      },
      {
        "number": "14",
        "name": "Marcos Llorente",
        "substituted_in": true,
        "starting_lineup": true
      },
      {
        "number": "5",
        "name": "Rodrigo De Paul",
        "substituted_in": true,
        "starting_lineup": true
      },
      {
        "number": "8",
        "name": "Pablo Barrios",
        "substituted_in": true,
        "starting_lineup": true
      },
      {
        "number": "4",
        "name": "Conor Gallagher",
        "substituted_in": true,
        "starting_lineup": true
      },
      {
        "number": "22",
        "name": "Giuliano Simeone",
        "substituted_in": true,
        "starting_lineup": true
      },
      {
        "number": "7",
        "name": "Antoine Griezmann",
        "substituted_in": true,
        "starting_lineup": true
      },
      {
        "number": "19",
        "name": "Julián Alvarez",
        "substituted_in": true,
        "starting_lineup": true
      },
      {
        "number": "3",
        "name": "César Azpilicueta",
        "substituted_in": true,
        "starting_lineup": false
      },
      {
        "number": "24",
        "name": "Robin Le Normand",
        "substituted_in": true,
        "starting_lineup": false
      },
      {
        "number": "16",
        "name": "Nahuel Molina",
        "substituted_in": true,
        "starting_lineup": false
      },
      {
        "number": "12",
        "name": "Samuel Lino",
        "substituted_in": true,
        "starting_lineup": false
      },
      {
        "number": "10",
        "name": "Ángel Correa",
        "substituted_in": true,
        "starting_lineup": false
      },
      {
        "number": "9",
        "name": "Alexander Sørloth",
        "substituted_in": true,
        "starting_lineup": false
      }
    ],
    "away_players": [
      {
        "number": "1",
        "name": "Thibaut Courtois",
        "substituted_in": true,
        "starting_lineup": true
      },
      {
        "number": "22",
        "name": "Antonio Rüdiger",
        "substituted_in": true,
        "starting_lineup": true
      },
      {
        "number": "35",
        "name": "Raúl Asencio",
        "substituted_in": true,
        "starting_lineup": true
      },
      {
        "number": "23",
        "name": "Ferland Mendy",
        "substituted_in": true,
        "starting_lineup": true
      },
      {
        "number": "8",
        "name": "Federico Valverde",
        "substituted_in": true,
        "starting_lineup": true
      },
      {
        "number": "14",
        "name": "Aurélien Tchouaméni",
        "substituted_in": true,
        "starting_lineup": true
      },
      {
        "number": "10",
        "name": "Luka Modrić",
        "substituted_in": true,
        "starting_lineup": true
      },
      {
        "number": "5",
        "name": "Jude Bellingham",
        "substituted_in": true,
        "starting_lineup": true
      },
      {
        "number": "11",
        "name": "Rodrygo",
        "substituted_in": true,
        "starting_lineup": true
      },
      {
        "number": "7",
        "name": "Vinicius Junior",
        "substituted_in": true,
        "starting_lineup": true
      },
      {
        "number": "9",
        "name": "Kylian Mbappé",
        "substituted_in": true,
        "starting_lineup": true
      },
      {
        "number": "20",
        "name": "Fran García",
        "substituted_in": true,
        "starting_lineup": false
      },
      {
        "number": "17",
        "name": "Lucas Vázquez",
        "substituted_in": true,
        "starting_lineup": false
      },
      {
        "number": "6",
        "name": "Eduardo Camavinga",
        "substituted_in": true,
        "starting_lineup": false
      },
      {
        "number": "21",
        "name": "Brahim Díaz",
        "substituted_in": true,
        "starting_lineup": false
      },
      {
        "number": "16",
        "name": "Endrick",
        "substituted_in": true,
        "starting_lineup": false
      }
    ]
  },
  {
    "url": "https://www.transfermarkt.pl/elche-cf_atlético-madryt/aufstellung/spielbericht/4527516",
    "match_id": "4527516",
    "date": "śr., 15.01.2025",
    "competition": "Unknown",
    "matchday": "Unknown",
    "home_team": "Elche CF",
    "away_team": "Atlético Madryt",
    "home_players": [
      {
        "number": "1",
        "name": "Miguel San Román",
        "substituted_in": true,
        "starting_lineup": true
      },
      {
        "number": "6",
        "name": "Pedro Bigas",
        "substituted_in": true,
        "starting_lineup": true
      },
      {
        "number": "4",
        "name": "Bambo Diaby",
        "substituted_in": true,
        "starting_lineup": true
      },
      {
        "number": "12",
        "name": "José Salinas",
        "substituted_in": true,
        "starting_lineup": true
      },
      {
        "number": "5",
        "name": "John Donald",
        "substituted_in": true,
        "starting_lineup": true
      },
      {
        "number": "31",
        "name": "Gerard Hernández",
        "substituted_in": true,
        "starting_lineup": true
      },
      {
        "number": "30",
        "name": "Rodrigo Mendoza",
        "substituted_in": true,
        "starting_lineup": true
      },
      {
        "number": "11",
        "name": "Elbasan Rashani",
        "substituted_in": true,
        "starting_lineup": true
      },
      {
        "number": "10",
        "name": "Nicolás Fernández Mercau",
        "substituted_in": true,
        "starting_lineup": true
      },
      {
        "number": "9",
        "name": "Agustín Álvarez",
        "substituted_in": true,
        "starting_lineup": true
      },
      {
        "number": "18",
        "name": "Sory Kaba",
        "substituted_in": true,
        "starting_lineup": true
      },
      {
        "number": "2",
        "name": "Mario Gaspar",
        "substituted_in": true,
        "starting_lineup": false
      },
      {
        "number": "16",
        "name": "Álex Martín",
        "substituted_in": true,
        "starting_lineup": false
      },
      {
        "number": "22",
        "name": "David Affengruber",
        "substituted_in": true,
        "starting_lineup": false
      },
      {
        "number": "8",
        "name": "Raúl Guti",
        "substituted_in": true,
        "starting_lineup": false
      },
      {
        "number": "14",
        "name": "Aleix Febas",
        "substituted_in": true,
        "starting_lineup": false
      }
    ],
    "away_players": [
      {
        "number": "1",
        "name": "Juan Musso",
        "substituted_in": true,
        "starting_lineup": true
      },
      {
        "number": "3",
        "name": "César Azpilicueta",
        "substituted_in": true,
        "starting_lineup": true
      },
      {
        "number": "24",
        "name": "Robin Le Normand",
        "substituted_in": true,
        "starting_lineup": true
      },
      {
        "number": "20",
        "name": "Axel Witsel",
        "substituted_in": true,
        "starting_lineup": true
      },
      {
        "number": "17",
        "name": "Rodrigo Riquelme",
        "substituted_in": true,
        "starting_lineup": true
      },
      {
        "number": "14",
        "name": "Marcos Llorente",
        "substituted_in": true,
        "starting_lineup": true
      },
      {
        "number": "4",
        "name": "Conor Gallagher",
        "substituted_in": true,
        "starting_lineup": true
      },
      {
        "number": "6",
        "name": "Koke",
        "substituted_in": true,
        "starting_lineup": true
      },
      {
        "number": "12",
        "name": "Samuel Lino",
        "substituted_in": true,
        "starting_lineup": true
      },
      {
        "number": "10",
        "name": "Ángel Correa",
        "substituted_in": true,
        "starting_lineup": true
      },
      {
        "number": "9",
        "name": "Alexander Sørloth",
        "substituted_in": true,
        "starting_lineup": true
      },
      {
        "number": "23",
        "name": "Reinildo Mandava",
        "substituted_in": true,
        "starting_lineup": false
      },
      {
        "number": "16",
        "name": "Nahuel Molina",
        "substituted_in": true,
        "starting_lineup": false
      },
      {
        "number": "5",
        "name": "Rodrigo De Paul",
        "substituted_in": true,
        "starting_lineup": false
      },
      {
        "number": "11",
        "name": "Thomas Lemar",
        "substituted_in": true,
        "starting_lineup": false
      },
      {
        "number": "19",
        "name": "Julián Alvarez",
        "substituted_in": true,
        "starting_lineup": false
      }
    ]
  },
  {
    "url": "https://www.transfermarkt.pl/valencia-cf_atlético-madryt/aufstellung/spielbericht/4407538",
    "match_id": "4407538",
    "date": "sob., 22.02.2025",
    "competition": "LALIGA",
    "matchday": "25. Kolejka",
    "home_team": "Valencia CF",
    "away_team": "Atlético Madryt",
    "home_players": [
      {
        "number": "25",
        "name": "Giorgi Mamardashvili",
        "substituted_in": true,
        "starting_lineup": true
      },
      {
        "number": "3",
        "name": "Cristhian Mosquera",
        "substituted_in": true,
        "starting_lineup": true
      },
      {
        "number": "15",
        "name": "César Tárrega",
        "substituted_in": true,
        "starting_lineup": true
      },
      {
        "number": "20",
        "name": "Dimitri Foulquier",
        "substituted_in": true,
        "starting_lineup": true
      },
      {
        "number": "5",
        "name": "Enzo Barrenechea",
        "substituted_in": true,
        "starting_lineup": true
      },
      {
        "number": "18",
        "name": "Pepelu",
        "substituted_in": true,
        "starting_lineup": true
      },
      {
        "number": "22",
        "name": "Luis Rioja",
        "substituted_in": true,
        "starting_lineup": true
      },
      {
        "number": "14",
        "name": "José Gayà",
        "substituted_in": true,
        "starting_lineup": true
      },
      {
        "number": "8",
        "name": "Javi Guerra",
        "substituted_in": true,
        "starting_lineup": true
      },
      {
        "number": "17",
        "name": "Iván Jaime",
        "substituted_in": true,
        "starting_lineup": true
      },
      {
        "number": "12",
        "name": "Umar Sadiq",
        "substituted_in": true,
        "starting_lineup": true
      },
      {
        "number": "10",
        "name": "André Almeida",
        "substituted_in": true,
        "starting_lineup": false
      },
      {
        "number": "16",
        "name": "Diego López",
        "substituted_in": true,
        "starting_lineup": false
      },
      {
        "number": "23",
        "name": "Fran Pérez",
        "substituted_in": true,
        "starting_lineup": false
      },
      {
        "number": "9",
        "name": "Hugo Duro",
        "substituted_in": true,
        "starting_lineup": false
      },
      {
        "number": "11",
        "name": "Rafa Mir",
        "substituted_in": true,
        "starting_lineup": false
      }
    ],
    "away_players": [
      {
        "number": "13",
        "name": "Jan Oblak",
        "substituted_in": true,
        "starting_lineup": true
      },
      {
        "number": "15",
        "name": "Clément Lenglet",
        "substituted_in": true,
        "starting_lineup": true
      },
      {
        "number": "24",
        "name": "Robin Le Normand",
        "substituted_in": true,
        "starting_lineup": true
      },
      {
        "number": "3",
        "name": "César Azpilicueta",
        "substituted_in": true,
        "starting_lineup": true
      },
      {
        "number": "16",
        "name": "Nahuel Molina",
        "substituted_in": true,
        "starting_lineup": true
      },
      {
        "number": "14",
        "name": "Marcos Llorente",
        "substituted_in": true,
        "starting_lineup": true
      },
      {
        "number": "5",
        "name": "Rodrigo De Paul",
        "substituted_in": true,
        "starting_lineup": true
      },
      {
        "number": "12",
        "name": "Samuel Lino",
        "substituted_in": true,
        "starting_lineup": true
      },
      {
        "number": "22",
        "name": "Giuliano Simeone",
        "substituted_in": true,
        "starting_lineup": true
      },
      {
        "number": "7",
        "name": "Antoine Griezmann",
        "substituted_in": true,
        "starting_lineup": true
      },
      {
        "number": "19",
        "name": "Julián Alvarez",
        "substituted_in": true,
        "starting_lineup": true
      },
      {
        "number": "2",
        "name": "José María Giménez",
        "substituted_in": true,
        "starting_lineup": false
      },
      {
        "number": "21",
        "name": "Javi Galán",
        "substituted_in": true,
        "starting_lineup": false
      },
      {
        "number": "4",
        "name": "Conor Gallagher",
        "substituted_in": true,
        "starting_lineup": false
      },
      {
        "number": "10",
        "name": "Ángel Correa",
        "substituted_in": true,
        "starting_lineup": false
      },
      {
        "number": "9",
        "name": "Alexander Sørloth",
        "substituted_in": true,
        "starting_lineup": false
      }
    ]
  },
  {
    "url": "https://www.transfermarkt.pl/atlético-madryt_losc-lille/aufstellung/spielbericht/4445074",
    "match_id": "4445074",
    "date": "śr., 23.10.2024",
    "competition": "Unknown",
    "matchday": "Unknown",
    "home_team": "Atlético Madryt",
    "away_team": "LOSC Lille",
    "home_players": [
      {
        "number": "13",
        "name": "Jan Oblak",
        "substituted_in": true,
        "starting_lineup": true
      },
      {
        "number": "2",
        "name": "José María Giménez",
        "substituted_in": true,
        "starting_lineup": true
      },
      {
        "number": "20",
        "name": "Axel Witsel",
        "substituted_in": true,
        "starting_lineup": true
      },
      {
        "number": "21",
        "name": "Javi Galán",
        "substituted_in": true,
        "starting_lineup": true
      },
      {
        "number": "16",
        "name": "Nahuel Molina",
        "substituted_in": true,
        "starting_lineup": true
      },
      {
        "number": "6",
        "name": "Koke",
        "substituted_in": true,
        "starting_lineup": true
      },
      {
        "number": "4",
        "name": "Conor Gallagher",
        "substituted_in": true,
        "starting_lineup": true
      },
      {
        "number": "5",
        "name": "Rodrigo De Paul",
        "substituted_in": true,
        "starting_lineup": true
      },
      {
        "number": "19",
        "name": "Julián Alvarez",
        "substituted_in": true,
        "starting_lineup": true
      },
      {
        "number": "7",
        "name": "Antoine Griezmann",
        "substituted_in": true,
        "starting_lineup": true
      },
      {
        "number": "9",
        "name": "Alexander Sørloth",
        "substituted_in": true,
        "starting_lineup": true
      },
      {
        "number": "23",
        "name": "Reinildo Mandava",
        "substituted_in": true,
        "starting_lineup": false
      },
      {
        "number": "12",
        "name": "Samuel Lino",
        "substituted_in": true,
        "starting_lineup": false
      },
      {
        "number": "10",
        "name": "Ángel Correa",
        "substituted_in": true,
        "starting_lineup": false
      },
      {
        "number": "22",
        "name": "Giuliano Simeone",
        "substituted_in": true,
        "starting_lineup": false
      }
    ],
    "away_players": [
      {
        "number": "30",
        "name": "Lucas Chevalier",
        "substituted_in": true,
        "starting_lineup": true
      },
      {
        "number": "4",
        "name": "Alexsandro",
        "substituted_in": true,
        "starting_lineup": true
      },
      {
        "number": "2",
        "name": "Aïssa Mandi",
        "substituted_in": true,
        "starting_lineup": true
      },
      {
        "number": "36",
        "name": "Ousmane Touré",
        "substituted_in": true,
        "starting_lineup": true
      },
      {
        "number": "17",
        "name": "Ngal'ayel Mukau",
        "substituted_in": true,
        "starting_lineup": true
      },
      {
        "number": "21",
        "name": "Benjamin André",
        "substituted_in": true,
        "starting_lineup": true
      },
      {
        "number": "12",
        "name": "Thomas Meunier",
        "substituted_in": true,
        "starting_lineup": true
      },
      {
        "number": "5",
        "name": "Gabriel Gudmundsson",
        "substituted_in": true,
        "starting_lineup": true
      },
      {
        "number": "19",
        "name": "Matías Fernández-Pardo",
        "substituted_in": true,
        "starting_lineup": true
      },
      {
        "number": "10",
        "name": "Rémy Cabella",
        "substituted_in": true,
        "starting_lineup": true
      },
      {
        "number": "27",
        "name": "Mohamed Bayo",
        "substituted_in": true,
        "starting_lineup": true
      },
      {
        "number": "18",
        "name": "Bafodé Diakité",
        "substituted_in": true,
        "starting_lineup": false
      },
      {
        "number": "8",
        "name": "Angel Gomes",
        "substituted_in": true,
        "starting_lineup": false
      },
      {
        "number": "11",
        "name": "Osame Sahraoui",
        "substituted_in": true,
        "starting_lineup": false
      },
      {
        "number": "23",
        "name": "Edon Zhegrova",
        "substituted_in": true,
        "starting_lineup": false
      },
      {
        "number": "9",
        "name": "Jonathan David",
        "substituted_in": true,
        "starting_lineup": false
      }
    ]
  }
]