[
  {
    "url": "https://www.transfermarkt.pl/atlético-madryt_villarreal-cf/aufstellung/spielbericht/3605058",
    "match_id": "3605058",
    "date": "niedz., 29.08.2021",
    "competition": "LALIGA",
    "matchday": "3. Kolejka",
    "home_team": "Atlético Madryt",
    "away_team": "Villarreal CF",
    "home_players": [
      {
        "number": "13",
        "name": "Jan Oblak",
        "substituted_in": true,
        "starting_lineup": true
      },
      {
        "number": "22",
        "name": "Mario Hermoso",
        "substituted_in": true,
        "starting_lineup": true
      },
      {
        "number": "2",
        "name": "José María Giménez",
        "substituted_in": true,
        "starting_lineup": true
      },
      {
        "number": "15",
        "name": "Stefan Savic",
        "substituted_in": true,
        "starting_lineup": true
      },
      {
        "number": "6",
        "name": "Koke",
        "substituted_in": true,
        "starting_lineup": true
      },
      {
        "number": "14",
        "name": "Marcos Llorente",
        "substituted_in": true,
        "starting_lineup": true
      },
      {
        "number": "11",
        "name": "Thomas Lemar",
        "substituted_in": true,
        "starting_lineup": true
      },
      {
        "number": "23",
        "name": "Kieran Trippier",
        "substituted_in": true,
        "starting_lineup": true
      },
      {
        "number": "21",
        "name": "Yannick Carrasco",
        "substituted_in": true,
        "starting_lineup": true
      },
      {
        "number": "10",
        "name": "Ángel Correa",
        "substituted_in": true,
        "starting_lineup": true
      },
      {
        "number": "9",
        "name": "Luis Suárez",
        "substituted_in": true,
        "starting_lineup": true
      },
      {
        "number": "12",
        "name": "Renan Lodi",
        "substituted_in": true,
        "starting_lineup": false
      },
      {
        "number": "4",
        "name": "Geoffrey Kondogbia",
        "substituted_in": true,
        "starting_lineup": false
      },
      {
        "number": "8",
        "name": "Saúl Ñíguez",
        "substituted_in": true,
        "starting_lineup": false
      },
      {
        "number": "5",
        "name": "Rodrigo De Paul",
        "substituted_in": true,
        "starting_lineup": false
      },
      {
        "number": "19",
        "name": "Matheus Cunha",
        "substituted_in": true,
        "starting_lineup": false
      }
    ],
    "away_players": [
      {
        "number": "13",
        "name": "Gerónimo Rulli",
        "substituted_in": true,
        "starting_lineup": true
      },
      {
        "number": "3",
        "name": "Raúl Albiol",
        "substituted_in": true,
        "starting_lineup": true
      },
      {
        "number": "22",
        "name": "Aïssa Mandi",
        "substituted_in": true,
        "starting_lineup": true
      },
      {
        "number": "12",
        "name": "Pervis Estupiñán",
        "substituted_in": true,
        "starting_lineup": true
      },
      {
        "number": "8",
        "name": "Juan Foyth",
        "substituted_in": true,
        "starting_lineup": true
      },
      {
        "number": "6",
        "name": "Étienne Capoue",
        "substituted_in": true,
        "starting_lineup": true
      },
      {
        "number": "14",
        "name": "Manu Trigueros",
        "substituted_in": true,
        "starting_lineup": true
      },
      {
        "number": "18",
        "name": "Alberto Moreno",
        "substituted_in": true,
        "starting_lineup": true
      },
      {
        "number": "30",
        "name": "Yéremy Pino",
        "substituted_in": true,
        "starting_lineup": true
      },
      {
        "number": "7",
        "name": "Gerard Moreno",
        "substituted_in": true,
        "starting_lineup": true
      },
      {
        "number": "16",
        "name": "Boulaye Dia",
        "substituted_in": true,
        "starting_lineup": true
      },
      {
        "number": "2",
        "name": "Mario Gaspar",
        "substituted_in": true,
        "starting_lineup": false
      },
      {
        "number": "24",
        "name": "Alfonso Pedraza",
        "substituted_in": true,
        "starting_lineup": false
      },
      {
        "number": "19",
        "name": "Francis Coquelin",
        "substituted_in": true,
        "starting_lineup": false
      },
      {
        "number": "15",
        "name": "Arnaut Danjuma",
        "substituted_in": true,
        "starting_lineup": false
      }
    ]
  },
  {
    "url": "https://www.transfermarkt.pl/athletic-bilbao_atlético-madryt/aufstellung/spielbericht/3611470",
    "match_id": "3611470",
    "date": "sob., 30.04.2022",
    "competition": "LALIGA",
    "matchday": "34. Kolejka",
    "home_team": "Athletic Bilbao",
    "away_team": "Atlético Madryt",
    "home_players": [
      {
        "number": "1",
        "name": "Unai Simón",
        "substituted_in": true,
        "starting_lineup": true
      },
      {
        "number": "4",
        "name": "Iñigo Martínez",
        "substituted_in": true,
        "starting_lineup": true
      },
      {
        "number": "5",
        "name": "Yeray Álvarez",
        "substituted_in": true,
        "starting_lineup": true
      },
      {
        "number": "17",
        "name": "Yuri Berchiche",
        "substituted_in": true,
        "starting_lineup": true
      },
      {
        "number": "18",
        "name": "Óscar de Marcos",
        "substituted_in": true,
        "starting_lineup": true
      },
      {
        "number": "6",
        "name": "Mikel Vesga",
        "substituted_in": true,
        "starting_lineup": true
      },
      {
        "number": "14",
        "name": "Dani García",
        "substituted_in": true,
        "starting_lineup": true
      },
      {
        "number": "10",
        "name": "Iker Muniain",
        "substituted_in": true,
        "starting_lineup": true
      },
      {
        "number": "30",
        "name": "Nico Williams",
        "substituted_in": true,
        "starting_lineup": true
      },
      {
        "number": "22",
        "name": "Raúl García",
        "substituted_in": true,
        "starting_lineup": true
      },
      {
        "number": "9",
        "name": "Iñaki Williams",
        "substituted_in": true,
        "starting_lineup": true
      },
      {
        "number": "12",
        "name": "Dani Vivian",
        "substituted_in": true,
        "starting_lineup": false
      },
      {
        "number": "24",
        "name": "Mikel Balenziaga",
        "substituted_in": true,
        "starting_lineup": false
      },
      {
        "number": "16",
        "name": "Unai Vencedor",
        "substituted_in": true,
        "starting_lineup": false
      },
      {
        "number": "19",
        "name": "Oier Zarraga",
        "substituted_in": true,
        "starting_lineup": false
      },
      {
        "number": "7",
        "name": "Álex Berenguer",
        "substituted_in": true,
        "starting_lineup": false
      }
    ],
    "away_players": [
      {
        "number": "13",
        "name": "Jan Oblak",
        "substituted_in": true,
        "starting_lineup": true
      },
      {
        "number": "22",
        "name": "Mario Hermoso",
        "substituted_in": true,
        "starting_lineup": true
      },
      {
        "number": "2",
        "name": "José María Giménez",
        "substituted_in": true,
        "starting_lineup": true
      },
      {
        "number": "23",
        "name": "Reinildo Mandava",
        "substituted_in": true,
        "starting_lineup": true
      },
      {
        "number": "12",
        "name": "Renan Lodi",
        "substituted_in": true,
        "starting_lineup": true
      },
      {
        "number": "14",
        "name": "Marcos Llorente",
        "substituted_in": true,
        "starting_lineup": true
      },
      {
        "number": "4",
        "name": "Geoffrey Kondogbia",
        "substituted_in": true,
        "starting_lineup": true
      },
      {
        "number": "16",
        "name": "Héctor Herrera",
        "substituted_in": true,
        "starting_lineup": true
      },
      {
        "number": "8",
        "name": "Antoine Griezmann",
        "substituted_in": true,
        "starting_lineup": true
      },
      {
        "number": "21",
        "name": "Yannick Carrasco",
        "substituted_in": true,
        "starting_lineup": true
      },
      {
        "number": "9",
        "name": "Luis Suárez",
        "substituted_in": true,
        "starting_lineup": true
      },
      {
        "number": "24",
        "name": "Sime Vrsaljko",
        "substituted_in": true,
        "starting_lineup": false
      },
      {
        "number": "5",
        "name": "Rodrigo De Paul",
        "substituted_in": true,
        "starting_lineup": false
      },
      {
        "number": "6",
        "name": "Koke",
        "substituted_in": true,
        "starting_lineup": false
      },
      {
        "number": "10",
        "name": "Ángel Correa",
        "substituted_in": true,
        "starting_lineup": false
      },
      {
        "number": "19",
        "name": "Matheus Cunha",
        "substituted_in": true,
        "starting_lineup": false
      }
    ]
  },
  {
    "url": "https://www.transfermarkt.pl/celta-de-vigo_atlético-madryt/aufstellung/spielbericht/3605040",
    "match_id": "3605040",
    "date": "niedz., 15.08.2021",
    "competition": "LALIGA",
    "matchday": "1. Kolejka",
    "home_team": "Celta de Vigo",
    "away_team": "Atlético Madryt",
    "home_players": [
      {
        "number": "1",
        "name": "Matías Dituro",
        "substituted_in": true,
        "starting_lineup": true
      },
      {
        "number": "19",
        "name": "José Fontán",
        "substituted_in": true,
        "starting_lineup": true
      },
      {
        "number": "4",
        "name": "Néstor Araújo",
        "substituted_in": true,
        "starting_lineup": true
      },
      {
        "number": "17",
        "name": "Javi Galán",
        "substituted_in": true,
        "starting_lineup": true
      },
      {
        "number": "2",
        "name": "Hugo Mallo",
        "substituted_in": true,
        "starting_lineup": true
      },
      {
        "number": "14",
        "name": "Renato Tapia",
        "substituted_in": true,
        "starting_lineup": true
      },
      {
        "number": "23",
        "name": "Brais Méndez",
        "substituted_in": true,
        "starting_lineup": true
      },
      {
        "number": "6",
        "name": "Denis Suárez",
        "substituted_in": true,
        "starting_lineup": true
      },
      {
        "number": "9",
        "name": "Nolito",
        "substituted_in": true,
        "starting_lineup": true
      },
      {
        "number": "10",
        "name": "Iago Aspas",
        "substituted_in": true,
        "starting_lineup": true
      },
      {
        "number": "22",
        "name": "Santi Mina",
        "substituted_in": true,
        "starting_lineup": true
      },
      {
        "number": "8",
        "name": "Fran Beltrán",
        "substituted_in": true,
        "starting_lineup": false
      },
      {
        "number": "21",
        "name": "Augusto Solari",
        "substituted_in": true,
        "starting_lineup": false
      },
      {
        "number": "16",
        "name": "Miguel Baeza",
        "substituted_in": true,
        "starting_lineup": false
      },
      {
        "number": "11",
        "name": "Franco Cervi",
        "substituted_in": true,
        "starting_lineup": false
      }
    ],
    "away_players": [
      {
        "number": "13",
        "name": "Jan Oblak",
        "substituted_in": true,
        "starting_lineup": true
      },
      {
        "number": "22",
        "name": "Mario Hermoso",
        "substituted_in": true,
        "starting_lineup": true
      },
      {
        "number": "2",
        "name": "José María Giménez",
        "substituted_in": true,
        "starting_lineup": true
      },
      {
        "number": "15",
        "name": "Stefan Savic",
        "substituted_in": true,
        "starting_lineup": true
      },
      {
        "number": "4",
        "name": "Geoffrey Kondogbia",
        "substituted_in": true,
        "starting_lineup": true
      },
      {
        "number": "6",
        "name": "Koke",
        "substituted_in": true,
        "starting_lineup": true
      },
      {
        "number": "11",
        "name": "Thomas Lemar",
        "substituted_in": true,
        "starting_lineup": true
      },
      {
        "number": "14",
        "name": "Marcos Llorente",
        "substituted_in": true,
        "starting_lineup": true
      },
      {
        "number": "8",
        "name": "Saúl Ñíguez",
        "substituted_in": true,
        "starting_lineup": true
      },
      {
        "number": "21",
        "name": "Yannick Carrasco",
        "substituted_in": true,
        "starting_lineup": true
      },
      {
        "number": "10",
        "name": "Ángel Correa",
        "substituted_in": true,
        "starting_lineup": true
      },
      {
        "number": "12",
        "name": "Renan Lodi",
        "substituted_in": true,
        "starting_lineup": false
      },
      {
        "number": "23",
        "name": "Kieran Trippier",
        "substituted_in": true,
        "starting_lineup": false
      },
      {
        "number": "24",
        "name": "Sime Vrsaljko",
        "substituted_in": true,
        "starting_lineup": false
      },
      {
        "number": "5",
        "name": "Rodrigo De Paul",
        "substituted_in": true,
        "starting_lineup": false
      },
      {
        "number": "9",
        "name": "Luis Suárez",
        "substituted_in": true,
        "starting_lineup": false
      }
    ]
  },
  {
    "url": "https://www.transfermarkt.pl/fc-barcelona_atlético-madryt/aufstellung/spielbericht/3610321",
    "match_id": "3610321",
    "date": "niedz., 06.02.2022",
    "competition": "LALIGA",
    "matchday": "23. Kolejka",
    "home_team": "FC Barcelona",
    "away_team": "Atlético Madryt",
    "home_players": [
      {
        "number": "1",
        "name": "Marc-André ter Stegen",
        "substituted_in": true,
        "starting_lineup": true
      },
      {
        "number": "3",
        "name": "Gerard Piqué",
        "substituted_in": true,
        "starting_lineup": true
      },
      {
        "number": "4",
        "name": "Ronald Araujo",
        "substituted_in": true,
        "starting_lineup": true
      },
      {
        "number": "18",
        "name": "Jordi Alba",
        "substituted_in": true,
        "starting_lineup": true
      },
      {
        "number": "8",
        "name": "Dani Alves",
        "substituted_in": true,
        "starting_lineup": true
      },
      {
        "number": "5",
        "name": "Sergio Busquets",
        "substituted_in": true,
        "starting_lineup": true
      },
      {
        "number": "16",
        "name": "Pedri",
        "substituted_in": true,
        "starting_lineup": true
      },
      {
        "number": "21",
        "name": "Frenkie de Jong",
        "substituted_in": true,
        "starting_lineup": true
      },
      {
        "number": "30",
        "name": "Gavi",
        "substituted_in": true,
        "starting_lineup": true
      },
      {
        "number": "11",
        "name": "Adama Traoré",
        "substituted_in": true,
        "starting_lineup": true
      },
      {
        "number": "19",
        "name": "Ferran Torres",
        "substituted_in": true,
        "starting_lineup": true
      },
      {
        "number": "2",
        "name": "Sergiño Dest",
        "substituted_in": true,
        "starting_lineup": false
      },
      {
        "number": "14",
        "name": "Nico González",
        "substituted_in": true,
        "starting_lineup": false
      },
      {
        "number": "25",
        "name": "Pierre-Emerick Aubameyang",
        "substituted_in": true,
        "starting_lineup": false
      }
    ],
    "away_players": [
      {
        "number": "13",
        "name": "Jan Oblak",
        "substituted_in": true,
        "starting_lineup": true
      },
      {
        "number": "2",
        "name": "José María Giménez",
        "substituted_in": true,
        "starting_lineup": true
      },
      {
        "number": "15",
        "name": "Stefan Savic",
        "substituted_in": true,
        "starting_lineup": true
      },
      {
        "number": "22",
        "name": "Mario Hermoso",
        "substituted_in": true,
        "starting_lineup": true
      },
      {
        "number": "24",
        "name": "Sime Vrsaljko",
        "substituted_in": true,
        "starting_lineup": true
      },
      {
        "number": "5",
        "name": "Rodrigo De Paul",
        "substituted_in": true,
        "starting_lineup": true
      },
      {
        "number": "6",
        "name": "Koke",
        "substituted_in": true,
        "starting_lineup": true
      },
      {
        "number": "21",
        "name": "Yannick Carrasco",
        "substituted_in": true,
        "starting_lineup": true
      },
      {
        "number": "11",
        "name": "Thomas Lemar",
        "substituted_in": true,
        "starting_lineup": true
      },
      {
        "number": "7",
        "name": "João Félix",
        "substituted_in": true,
        "starting_lineup": true
      },
      {
        "number": "9",
        "name": "Luis Suárez",
        "substituted_in": true,
        "starting_lineup": true
      },
      {
        "number": "23",
        "name": "Reinildo Mandava",
        "substituted_in": true,
        "starting_lineup": false
      },
      {
        "number": "16",
        "name": "Héctor Herrera",
        "substituted_in": true,
        "starting_lineup": false
      },
      {
        "number": "17",
        "name": "Daniel Wass",
        "substituted_in": true,
        "starting_lineup": false
      },
      {
        "number": "10",
        "name": "Ángel Correa",
        "substituted_in": true,
        "starting_lineup": false
      },
      {
        "number": "19",
        "name": "Matheus Cunha",
        "substituted_in": true,
        "starting_lineup": false
      }
    ]
  },
  {
    "url": "https://www.transfermarkt.pl/atlético-madryt_cádiz-cf/aufstellung/spielbericht/3610430",
    "match_id": "3610430",
    "date": "pt., 11.03.2022",
    "competition": "LALIGA",
    "matchday": "28. Kolejka",
    "home_team": "Atlético Madryt",
    "away_team": "Cádiz CF",
    "home_players": [
      {
        "number": "13",
        "name": "Jan Oblak",
        "substituted_in": true,
        "starting_lineup": true
      },
      {
        "number": "2",
        "name": "José María Giménez",
        "substituted_in": true,
        "starting_lineup": true
      },
      {
        "number": "15",
        "name": "Stefan Savic",
        "substituted_in": true,
        "starting_lineup": true
      },
      {
        "number": "23",
        "name": "Reinildo Mandava",
        "substituted_in": true,
        "starting_lineup": true
      },
      {
        "number": "16",
        "name": "Héctor Herrera",
        "substituted_in": true,
        "starting_lineup": true
      },
      {
        "number": "5",
        "name": "Rodrigo De Paul",
        "substituted_in": true,
        "starting_lineup": true
      },
      {
        "number": "6",
        "name": "Koke",
        "substituted_in": true,
        "starting_lineup": true
      },
      {
        "number": "14",
        "name": "Marcos Llorente",
        "substituted_in": true,
        "starting_lineup": true
      },
      {
        "number": "21",
        "name": "Yannick Carrasco",
        "substituted_in": true,
        "starting_lineup": true
      },
      {
        "number": "8",
        "name": "Antoine Griezmann",
        "substituted_in": true,
        "starting_lineup": true
      },
      {
        "number": "7",
        "name": "João Félix",
        "substituted_in": true,
        "starting_lineup": true
      },
      {
        "number": "18",
        "name": "Felipe",
        "substituted_in": true,
        "starting_lineup": false
      },
      {
        "number": "12",
        "name": "Renan Lodi",
        "substituted_in": true,
        "starting_lineup": false
      },
      {
        "number": "26",
        "name": "Javi Serrano",
        "substituted_in": true,
        "starting_lineup": false
      },
      {
        "number": "10",
        "name": "Ángel Correa",
        "substituted_in": true,
        "starting_lineup": false
      },
      {
        "number": "9",
        "name": "Luis Suárez",
        "substituted_in": true,
        "starting_lineup": false
      }
    ],
    "away_players": [
      {
        "number": "1",
        "name": "Conan Ledesma",
        "substituted_in": true,
        "starting_lineup": true
      },
      {
        "number": "32",
        "name": "Víctor Chust",
        "substituted_in": true,
        "starting_lineup": true
      },
      {
        "number": "23",
        "name": "Luis Hernández",
        "substituted_in": true,
        "starting_lineup": true
      },
      {
        "number": "22",
        "name": "Alfonso Espino",
        "substituted_in": true,
        "starting_lineup": true
      },
      {
        "number": "15",
        "name": "Carlos Akapo",
        "substituted_in": true,
        "starting_lineup": true
      },
      {
        "number": "4",
        "name": "Rubén Alcaraz",
        "substituted_in": true,
        "starting_lineup": true
      },
      {
        "number": "24",
        "name": "Fede San Emeterio",
        "substituted_in": true,
        "starting_lineup": true
      },
      {
        "number": "11",
        "name": "Oussama Idrissi",
        "substituted_in": true,
        "starting_lineup": true
      },
      {
        "number": "21",
        "name": "Rubén Sobrino",
        "substituted_in": true,
        "starting_lineup": true
      },
      {
        "number": "18",
        "name": "Álvaro Negredo",
        "substituted_in": true,
        "starting_lineup": true
      },
      {
        "number": "9",
        "name": "Choco Lozano",
        "substituted_in": true,
        "starting_lineup": true
      },
      {
        "number": "20",
        "name": "Iza Carcelén",
        "substituted_in": true,
        "starting_lineup": false
      },
      {
        "number": "8",
        "name": "Álex Fernández",
        "substituted_in": true,
        "starting_lineup": false
      },
      {
        "number": "10",
        "name": "Alberto Perea",
        "substituted_in": true,
        "starting_lineup": false
      },
      {
        "number": "25",
        "name": "Lucas Pérez",
        "substituted_in": true,
        "starting_lineup": false
      }
    ]
  },
  {
    "url": "https://www.transfermarkt.pl/getafe-cf_atlético-madryt/aufstellung/spielbericht/3605215",
    "match_id": "3605215",
    "date": "wt., 21.09.2021",
    "competition": "LALIGA",
    "matchday": "6. Kolejka",
    "home_team": "Getafe CF",
    "away_team": "Atlético Madryt",
    "home_players": [
      {
        "number": "13",
        "name": "David Soria",
        "substituted_in": true,
        "starting_lineup": true
      },
      {
        "number": "15",
        "name": "Jorge Cuenca",
        "substituted_in": true,
        "starting_lineup": true
      },
      {
        "number": "2",
        "name": "Dakonam Djené",
        "substituted_in": true,
        "starting_lineup": true
      },
      {
        "number": "23",
        "name": "Stefan Mitrovic",
        "substituted_in": true,
        "starting_lineup": true
      },
      {
        "number": "17",
        "name": "Mathías Olivera",
        "substituted_in": true,
        "starting_lineup": true
      },
      {
        "number": "21",
        "name": "Juan Iglesias",
        "substituted_in": true,
        "starting_lineup": true
      },
      {
        "number": "5",
        "name": "Florentino",
        "substituted_in": true,
        "starting_lineup": true
      },
      {
        "number": "20",
        "name": "Nemanja Maksimovic",
        "substituted_in": true,
        "starting_lineup": true
      },
      {
        "number": "11",
        "name": "Carles Aleñá",
        "substituted_in": true,
        "starting_lineup": true
      },
      {
        "number": "7",
        "name": "Jaime Mata",
        "substituted_in": true,
        "starting_lineup": true
      },
      {
        "number": "9",
        "name": "José Juan Macías",
        "substituted_in": true,
        "starting_lineup": true
      },
      {
        "number": "14",
        "name": "Jonathan Silva",
        "substituted_in": true,
        "starting_lineup": false
      },
      {
        "number": "10",
        "name": "Enes Ünal",
        "substituted_in": true,
        "starting_lineup": false
      },
      {
        "number": "19",
        "name": "Darío Poveda",
        "substituted_in": true,
        "starting_lineup": false
      }
    ],
    "away_players": [
      {
        "number": "13",
        "name": "Jan Oblak",
        "substituted_in": true,
        "starting_lineup": true
      },
      {
        "number": "2",
        "name": "José María Giménez",
        "substituted_in": true,
        "starting_lineup": true
      },
      {
        "number": "15",
        "name": "Stefan Savic",
        "substituted_in": true,
        "starting_lineup": true
      },
      {
        "number": "12",
        "name": "Renan Lodi",
        "substituted_in": true,
        "starting_lineup": true
      },
      {
        "number": "23",
        "name": "Kieran Trippier",
        "substituted_in": true,
        "starting_lineup": true
      },
      {
        "number": "16",
        "name": "Héctor Herrera",
        "substituted_in": true,
        "starting_lineup": true
      },
      {
        "number": "14",
        "name": "Marcos Llorente",
        "substituted_in": true,
        "starting_lineup": true
      },
      {
        "number": "21",
        "name": "Yannick Carrasco",
        "substituted_in": true,
        "starting_lineup": true
      },
      {
        "number": "10",
        "name": "Ángel Correa",
        "substituted_in": true,
        "starting_lineup": true
      },
      {
        "number": "8",
        "name": "Antoine Griezmann",
        "substituted_in": true,
        "starting_lineup": true
      },
      {
        "number": "9",
        "name": "Luis Suárez",
        "substituted_in": true,
        "starting_lineup": true
      },
      {
        "number": "22",
        "name": "Mario Hermoso",
        "substituted_in": true,
        "starting_lineup": false
      },
      {
        "number": "24",
        "name": "Sime Vrsaljko",
        "substituted_in": true,
        "starting_lineup": false
      },
      {
        "number": "5",
        "name": "Rodrigo De Paul",
        "substituted_in": true,
        "starting_lineup": false
      },
      {
        "number": "19",
        "name": "Matheus Cunha",
        "substituted_in": true,
        "starting_lineup": false
      }
    ]
  },
  {
    "url": "https://www.transfermarkt.pl/atlético-madryt_fc-barcelona/aufstellung/spielbericht/3605295",
    "match_id": "3605295",
    "date": "sob., 02.10.2021",
    "competition": "LALIGA",
    "matchday": "8. Kolejka",
    "home_team": "Atlético Madryt",
    "away_team": "FC Barcelona",
    "home_players": [
      {
        "number": "13",
        "name": "Jan Oblak",
        "substituted_in": true,
        "starting_lineup": true
      },
      {
        "number": "22",
        "name": "Mario Hermoso",
        "substituted_in": true,
        "starting_lineup": true
      },
      {
        "number": "2",
        "name": "José María Giménez",
        "substituted_in": true,
        "starting_lineup": true
      },
      {
        "number": "15",
        "name": "Stefan Savic",
        "substituted_in": true,
        "starting_lineup": true
      },
      {
        "number": "6",
        "name": "Koke",
        "substituted_in": true,
        "starting_lineup": true
      },
      {
        "number": "14",
        "name": "Marcos Llorente",
        "substituted_in": true,
        "starting_lineup": true
      },
      {
        "number": "21",
        "name": "Yannick Carrasco",
        "substituted_in": true,
        "starting_lineup": true
      },
      {
        "number": "5",
        "name": "Rodrigo De Paul",
        "substituted_in": true,
        "starting_lineup": true
      },
      {
        "number": "11",
        "name": "Thomas Lemar",
        "substituted_in": true,
        "starting_lineup": true
      },
      {
        "number": "7",
        "name": "João Félix",
        "substituted_in": true,
        "starting_lineup": true
      },
      {
        "number": "9",
        "name": "Luis Suárez",
        "substituted_in": true,
        "starting_lineup": true
      },
      {
        "number": "18",
        "name": "Felipe",
        "substituted_in": true,
        "starting_lineup": false
      },
      {
        "number": "12",
        "name": "Renan Lodi",
        "substituted_in": true,
        "starting_lineup": false
      },
      {
        "number": "23",
        "name": "Kieran Trippier",
        "substituted_in": true,
        "starting_lineup": false
      },
      {
        "number": "10",
        "name": "Ángel Correa",
        "substituted_in": true,
        "starting_lineup": false
      },
      {
        "number": "8",
        "name": "Antoine Griezmann",
        "substituted_in": true,
        "starting_lineup": false
      }
    ],
    "away_players": [
      {
        "number": "1",
        "name": "Marc-André ter Stegen",
        "substituted_in": true,
        "starting_lineup": true
      },
      {
        "number": "3",
        "name": "Gerard Piqué",
        "substituted_in": true,
        "starting_lineup": true
      },
      {
        "number": "4",
        "name": "Ronald Araujo",
        "substituted_in": true,
        "starting_lineup": true
      },
      {
        "number": "2",
        "name": "Sergiño Dest",
        "substituted_in": true,
        "starting_lineup": true
      },
      {
        "number": "22",
        "name": "Óscar Mingueza",
        "substituted_in": true,
        "starting_lineup": true
      },
      {
        "number": "5",
        "name": "Sergio Busquets",
        "substituted_in": true,
        "starting_lineup": true
      },
      {
        "number": "28",
        "name": "Nico González",
        "substituted_in": true,
        "starting_lineup": true
      },
      {
        "number": "21",
        "name": "Frenkie de Jong",
        "substituted_in": true,
        "starting_lineup": true
      },
      {
        "number": "14",
        "name": "Philippe Coutinho",
        "substituted_in": true,
        "starting_lineup": true
      },
      {
        "number": "30",
        "name": "Gavi",
        "substituted_in": true,
        "starting_lineup": true
      },
      {
        "number": "9",
        "name": "Memphis Depay",
        "substituted_in": true,
        "starting_lineup": true
      },
      {
        "number": "15",
        "name": "Clément Lenglet",
        "substituted_in": true,
        "starting_lineup": false
      },
      {
        "number": "6",
        "name": "Riqui Puig",
        "substituted_in": true,
        "starting_lineup": false
      },
      {
        "number": "20",
        "name": "Sergi Roberto",
        "substituted_in": true,
        "starting_lineup": false
      },
      {
        "number": "10",
        "name": "Ansu Fati",
        "substituted_in": true,
        "starting_lineup": false
      },
      {
        "number": "17",
        "name": "Luuk de Jong",
        "substituted_in": true,
        "starting_lineup": false
      }
    ]
  },
  {
    "url": "https://www.transfermarkt.pl/rayo-vallecano_atlético-madryt/aufstellung/spielbericht/3610566",
    "match_id": "3610566",
    "date": "sob., 19.03.2022",
    "competition": "LALIGA",
    "matchday": "29. Kolejka",
    "home_team": "Rayo Vallecano",
    "away_team": "Atlético Madryt",
    "home_players": [
      {
        "number": "13",
        "name": "Stole Dimitrievski",
        "substituted_in": true,
        "starting_lineup": true
      },
      {
        "number": "5",
        "name": "Alejandro Catena",
        "substituted_in": true,
        "starting_lineup": true
      },
      {
        "number": "4",
        "name": "Mario Suárez",
        "substituted_in": true,
        "starting_lineup": true
      },
      {
        "number": "33",
        "name": "Fran García",
        "substituted_in": true,
        "starting_lineup": true
      },
      {
        "number": "20",
        "name": "Iván Balliu",
        "substituted_in": true,
        "starting_lineup": true
      },
      {
        "number": "6",
        "name": "Santi Comesaña",
        "substituted_in": true,
        "starting_lineup": true
      },
      {
        "number": "23",
        "name": "Óscar Valentín",
        "substituted_in": true,
        "starting_lineup": true
      },
      {
        "number": "8",
        "name": "Óscar Trejo",
        "substituted_in": true,
        "starting_lineup": true
      },
      {
        "number": "18",
        "name": "Álvaro García",
        "substituted_in": true,
        "starting_lineup": true
      },
      {
        "number": "10",
        "name": "Bebé",
        "substituted_in": true,
        "starting_lineup": true
      },
      {
        "number": "16",
        "name": "Sergi Guardiola",
        "substituted_in": true,
        "starting_lineup": true
      },
      {
        "number": "21",
        "name": "Pathé Ciss",
        "substituted_in": true,
        "starting_lineup": false
      },
      {
        "number": "9",
        "name": "Randy Nteka",
        "substituted_in": true,
        "starting_lineup": false
      },
      {
        "number": "7",
        "name": "Isi Palazón",
        "substituted_in": true,
        "starting_lineup": false
      },
      {
        "number": "11",
        "name": "Mamadou Sylla",
        "substituted_in": true,
        "starting_lineup": false
      }
    ],
    "away_players": [
      {
        "number": "13",
        "name": "Jan Oblak",
        "substituted_in": true,
        "starting_lineup": true
      },
      {
        "number": "2",
        "name": "José María Giménez",
        "substituted_in": true,
        "starting_lineup": true
      },
      {
        "number": "15",
        "name": "Stefan Savic",
        "substituted_in": true,
        "starting_lineup": true
      },
      {
        "number": "23",
        "name": "Reinildo Mandava",
        "substituted_in": true,
        "starting_lineup": true
      },
      {
        "number": "6",
        "name": "Koke",
        "substituted_in": true,
        "starting_lineup": true
      },
      {
        "number": "5",
        "name": "Rodrigo De Paul",
        "substituted_in": true,
        "starting_lineup": true
      },
      {
        "number": "16",
        "name": "Héctor Herrera",
        "substituted_in": true,
        "starting_lineup": true
      },
      {
        "number": "14",
        "name": "Marcos Llorente",
        "substituted_in": true,
        "starting_lineup": true
      },
      {
        "number": "12",
        "name": "Renan Lodi",
        "substituted_in": true,
        "starting_lineup": true
      },
      {
        "number": "8",
        "name": "Antoine Griezmann",
        "substituted_in": true,
        "starting_lineup": true
      },
      {
        "number": "7",
        "name": "João Félix",
        "substituted_in": true,
        "starting_lineup": true
      },
      {
        "number": "22",
        "name": "Mario Hermoso",
        "substituted_in": true,
        "starting_lineup": false
      },
      {
        "number": "18",
        "name": "Felipe",
        "substituted_in": true,
        "starting_lineup": false
      },
      {
        "number": "4",
        "name": "Geoffrey Kondogbia",
        "substituted_in": true,
        "starting_lineup": false
      },
      {
        "number": "10",
        "name": "Ángel Correa",
        "substituted_in": true,
        "starting_lineup": false
      },
      {
        "number": "9",
        "name": "Luis Suárez",
        "substituted_in": true,
        "starting_lineup": false
      }
    ]
  },
  {
    "url": "https://www.transfermarkt.pl/atlético-madryt_granada-cf/aufstellung/spielbericht/3611459",
    "match_id": "3611459",
    "date": "śr., 20.04.2022",
    "competition": "LALIGA",
    "matchday": "33. Kolejka",
    "home_team": "Atlético Madryt",
    "away_team": "Granada CF",
    "home_players": [
      {
        "number": "13",
        "name": "Jan Oblak",
        "substituted_in": true,
        "starting_lineup": true
      },
      {
        "number": "22",
        "name": "Mario Hermoso",
        "substituted_in": true,
        "starting_lineup": true
      },
      {
        "number": "15",
        "name": "Stefan Savic",
        "substituted_in": true,
        "starting_lineup": true
      },
      {
        "number": "23",
        "name": "Reinildo Mandava",
        "substituted_in": true,
        "starting_lineup": true
      },
      {
        "number": "26",
        "name": "Javi Serrano",
        "substituted_in": true,
        "starting_lineup": true
      },
      {
        "number": "5",
        "name": "Rodrigo De Paul",
        "substituted_in": true,
        "starting_lineup": true
      },
      {
        "number": "6",
        "name": "Koke",
        "substituted_in": true,
        "starting_lineup": true
      },
      {
        "number": "14",
        "name": "Marcos Llorente",
        "substituted_in": true,
        "starting_lineup": true
      },
      {
        "number": "21",
        "name": "Yannick Carrasco",
        "substituted_in": true,
        "starting_lineup": true
      },
      {
        "number": "10",
        "name": "Ángel Correa",
        "substituted_in": true,
        "starting_lineup": true
      },
      {
        "number": "8",
        "name": "Antoine Griezmann",
        "substituted_in": true,
        "starting_lineup": true
      },
      {
        "number": "12",
        "name": "Renan Lodi",
        "substituted_in": true,
        "starting_lineup": false
      },
      {
        "number": "24",
        "name": "Sime Vrsaljko",
        "substituted_in": true,
        "starting_lineup": false
      },
      {
        "number": "27",
        "name": "Giuliano Simeone",
        "substituted_in": true,
        "starting_lineup": false
      },
      {
        "number": "19",
        "name": "Matheus Cunha",
        "substituted_in": true,
        "starting_lineup": false
      },
      {
        "number": "9",
        "name": "Luis Suárez",
        "substituted_in": true,
        "starting_lineup": false
      }
    ],
    "away_players": [
      {
        "number": "1",
        "name": "Luís Maximiano",
        "substituted_in": true,
        "starting_lineup": true
      },
      {
        "number": "22",
        "name": "Domingos Duarte",
        "substituted_in": true,
        "starting_lineup": true
      },
      {
        "number": "16",
        "name": "Víctor Díaz",
        "substituted_in": true,
        "starting_lineup": true
      },
      {
        "number": "3",
        "name": "Sergio Escudero",
        "substituted_in": true,
        "starting_lineup": true
      },
      {
        "number": "17",
        "name": "Quini",
        "substituted_in": true,
        "starting_lineup": true
      },
      {
        "number": "18",
        "name": "Njegos Petrovic",
        "substituted_in": true,
        "starting_lineup": true
      },
      {
        "number": "5",
        "name": "Luis Milla",
        "substituted_in": true,
        "starting_lineup": true
      },
      {
        "number": "35",
        "name": "Álex Collado",
        "substituted_in": true,
        "starting_lineup": true
      },
      {
        "number": "11",
        "name": "Darwin Machís",
        "substituted_in": true,
        "starting_lineup": true
      },
      {
        "number": "10",
        "name": "Antonio Puertas",
        "substituted_in": true,
        "starting_lineup": true
      },
      {
        "number": "9",
        "name": "Luis Suárez",
        "substituted_in": true,
        "starting_lineup": true
      },
      {
        "number": "19",
        "name": "Ángel Montoro",
        "substituted_in": true,
        "starting_lineup": false
      },
      {
        "number": "24",
        "name": "Myrto Uzuni",
        "substituted_in": true,
        "starting_lineup": false
      },
      {
        "number": "12",
        "name": "Dani Raba",
        "substituted_in": true,
        "starting_lineup": false
      },
      {
        "number": "20",
        "name": "Carlos Bacca",
        "substituted_in": true,
        "starting_lineup": false
      }
    ]
  },
  {
    "url": "https://www.transfermarkt.pl/valencia-cf_atlético-madryt/aufstellung/spielbericht/3607549",
    "match_id": "3607549",
    "date": "niedz., 07.11.2021",
    "competition": "LALIGA",
    "matchday": "13. Kolejka",
    "home_team": "Valencia CF",
    "away_team": "Atlético Madryt",
    "home_players": [
      {
        "number": "13",
        "name": "Jasper Cillessen",
        "substituted_in": true,
        "starting_lineup": true
      },
      {
        "number": "15",
        "name": "Omar Alderete",
        "substituted_in": true,
        "starting_lineup": true
      },
      {
        "number": "12",
        "name": "Mouctar Diakhaby",
        "substituted_in": true,
        "starting_lineup": true
      },
      {
        "number": "14",
        "name": "José Gayà",
        "substituted_in": true,
        "starting_lineup": true
      },
      {
        "number": "20",
        "name": "Dimitri Foulquier",
        "substituted_in": true,
        "starting_lineup": true
      },
      {
        "number": "6",
        "name": "Hugo Guillamón",
        "substituted_in": true,
        "starting_lineup": true
      },
      {
        "number": "8",
        "name": "Uros Racic",
        "substituted_in": true,
        "starting_lineup": true
      },
      {
        "number": "18",
        "name": "Daniel Wass",
        "substituted_in": true,
        "starting_lineup": true
      },
      {
        "number": "10",
        "name": "Carlos Soler",
        "substituted_in": true,
        "starting_lineup": true
      },
      {
        "number": "11",
        "name": "Hélder Costa",
        "substituted_in": true,
        "starting_lineup": true
      },
      {
        "number": "7",
        "name": "Gonçalo Guedes",
        "substituted_in": true,
        "starting_lineup": true
      },
      {
        "number": "27",
        "name": "Koba Koindredi",
        "substituted_in": true,
        "starting_lineup": false
      },
      {
        "number": "4",
        "name": "Yunus Musah",
        "substituted_in": true,
        "starting_lineup": false
      },
      {
        "number": "21",
        "name": "Manu Vallejo",
        "substituted_in": true,
        "starting_lineup": false
      },
      {
        "number": "19",
        "name": "Hugo Duro",
        "substituted_in": true,
        "starting_lineup": false
      },
      {
        "number": "22",
        "name": "Marcos André",
        "substituted_in": true,
        "starting_lineup": false
      }
    ],
    "away_players": [
      {
        "number": "13",
        "name": "Jan Oblak",
        "substituted_in": true,
        "starting_lineup": true
      },
      {
        "number": "22",
        "name": "Mario Hermoso",
        "substituted_in": true,
        "starting_lineup": true
      },
      {
        "number": "2",
        "name": "José María Giménez",
        "substituted_in": true,
        "starting_lineup": true
      },
      {
        "number": "15",
        "name": "Stefan Savic",
        "substituted_in": true,
        "starting_lineup": true
      },
      {
        "number": "5",
        "name": "Rodrigo De Paul",
        "substituted_in": true,
        "starting_lineup": true
      },
      {
        "number": "6",
        "name": "Koke",
        "substituted_in": true,
        "starting_lineup": true
      },
      {
        "number": "23",
        "name": "Kieran Trippier",
        "substituted_in": true,
        "starting_lineup": true
      },
      {
        "number": "21",
        "name": "Yannick Carrasco",
        "substituted_in": true,
        "starting_lineup": true
      },
      {
        "number": "10",
        "name": "Ángel Correa",
        "substituted_in": true,
        "starting_lineup": true
      },
      {
        "number": "8",
        "name": "Antoine Griezmann",
        "substituted_in": true,
        "starting_lineup": true
      },
      {
        "number": "9",
        "name": "Luis Suárez",
        "substituted_in": true,
        "starting_lineup": true
      },
      {
        "number": "24",
        "name": "Sime Vrsaljko",
        "substituted_in": true,
        "starting_lineup": false
      },
      {
        "number": "4",
        "name": "Geoffrey Kondogbia",
        "substituted_in": true,
        "starting_lineup": false
      },
      {
        "number": "16",
        "name": "Héctor Herrera",
        "substituted_in": true,
        "starting_lineup": false
      },
      {
        "number": "7",
        "name": "João Félix",
        "substituted_in": true,
        "starting_lineup": false
      }
    ]
  },
  {
    "url": "https://www.transfermarkt.pl/atlético-madryt_fc-liverpool/aufstellung/spielbericht/3651079",
    "match_id": "3651079",
    "date": "wt., 19.10.2021",
    "competition": "Unknown",
    "matchday": "Unknown",
    "home_team": "Atlético Madryt",
    "away_team": "FC Liverpool",
    "home_players": [
      {
        "number": "13",
        "name": "Jan Oblak",
        "substituted_in": true,
        "starting_lineup": true
      },
      {
        "number": "18",
        "name": "Felipe",
        "substituted_in": true,
        "starting_lineup": true
      },
      {
        "number": "4",
        "name": "Geoffrey Kondogbia",
        "substituted_in": true,
        "starting_lineup": true
      },
      {
        "number": "22",
        "name": "Mario Hermoso",
        "substituted_in": true,
        "starting_lineup": true
      },
      {
        "number": "23",
        "name": "Kieran Trippier",
        "substituted_in": true,
        "starting_lineup": true
      },
      {
        "number": "6",
        "name": "Koke",
        "substituted_in": true,
        "starting_lineup": true
      },
      {
        "number": "5",
        "name": "Rodrigo De Paul",
        "substituted_in": true,
        "starting_lineup": true
      },
      {
        "number": "11",
        "name": "Thomas Lemar",
        "substituted_in": true,
        "starting_lineup": true
      },
      {
        "number": "21",
        "name": "Yannick Carrasco",
        "substituted_in": true,
        "starting_lineup": true
      },
      {
        "number": "8",
        "name": "Antoine Griezmann",
        "substituted_in": true,
        "starting_lineup": true
      },
      {
        "number": "7",
        "name": "João Félix",
        "substituted_in": true,
        "starting_lineup": true
      },
      {
        "number": "2",
        "name": "José María Giménez",
        "substituted_in": true,
        "starting_lineup": false
      },
      {
        "number": "12",
        "name": "Renan Lodi",
        "substituted_in": true,
        "starting_lineup": false
      },
      {
        "number": "14",
        "name": "Marcos Llorente",
        "substituted_in": true,
        "starting_lineup": false
      },
      {
        "number": "10",
        "name": "Ángel Correa",
        "substituted_in": true,
        "starting_lineup": false
      },
      {
        "number": "9",
        "name": "Luis Suárez",
        "substituted_in": true,
        "starting_lineup": false
      }
    ],
    "away_players": [
      {
        "number": "1",
        "name": "Alisson",
        "substituted_in": true,
        "starting_lineup": true
      },
      {
        "number": "4",
        "name": "Virgil van Dijk",
        "substituted_in": true,
        "starting_lineup": true
      },
      {
        "number": "32",
        "name": "Joël Matip",
        "substituted_in": true,
        "starting_lineup": true
      },
      {
        "number": "26",
        "name": "Andrew Robertson",
        "substituted_in": true,
        "starting_lineup": true
      },
      {
        "number": "66",
        "name": "Trent Alexander-Arnold",
        "substituted_in": true,
        "starting_lineup": true
      },
      {
        "number": "14",
        "name": "Jordan Henderson",
        "substituted_in": true,
        "starting_lineup": true
      },
      {
        "number": "7",
        "name": "James Milner",
        "substituted_in": true,
        "starting_lineup": true
      },
      {
        "number": "8",
        "name": "Naby Keïta",
        "substituted_in": true,
        "starting_lineup": true
      },
      {
        "number": "10",
        "name": "Sadio Mané",
        "substituted_in": true,
        "starting_lineup": true
      },
      {
        "number": "11",
        "name": "Mohamed Salah",
        "substituted_in": true,
        "starting_lineup": true
      },
      {
        "number": "9",
        "name": "Roberto Firmino",
        "substituted_in": true,
        "starting_lineup": true
      },
      {
        "number": "12",
        "name": "Joe Gomez",
        "substituted_in": true,
        "starting_lineup": false
      },
      {
        "number": "76",
        "name": "Neco Williams",
        "substituted_in": true,
        "starting_lineup": false
      },
      {
        "number": "3",
        "name": "Fabinho",
        "substituted_in": true,
        "starting_lineup": false
      },
      {
        "number": "15",
        "name": "Alex Oxlade-Chamberlain",
        "substituted_in": true,
        "starting_lineup": false
      },
      {
        "number": "20",
        "name": "Diogo Jota",
        "substituted_in": true,
        "starting_lineup": false
      }
    ]
  },
  {
    "url": "https://www.transfermarkt.pl/elche-cf_atlético-madryt/aufstellung/spielbericht/3611498",
    "match_id": "3611498",
    "date": "śr., 11.05.2022",
    "competition": "LALIGA",
    "matchday": "36. Kolejka",
    "home_team": "Elche CF",
    "away_team": "Atlético Madryt",
    "home_players": [
      {
        "number": "13",
        "name": "Edgar Badia",
        "substituted_in": true,
        "starting_lineup": true
      },
      {
        "number": "6",
        "name": "Pedro Bigas",
        "substituted_in": true,
        "starting_lineup": true
      },
      {
        "number": "3",
        "name": "Enzo Roco",
        "substituted_in": true,
        "starting_lineup": true
      },
      {
        "number": "22",
        "name": "Johan Mojica",
        "substituted_in": true,
        "starting_lineup": true
      },
      {
        "number": "14",
        "name": "Helibelton Palacios",
        "substituted_in": true,
        "starting_lineup": true
      },
      {
        "number": "2",
        "name": "Gerard Gumbau",
        "substituted_in": true,
        "starting_lineup": true
      },
      {
        "number": "21",
        "name": "Omar Mascarell",
        "substituted_in": true,
        "starting_lineup": true
      },
      {
        "number": "10",
        "name": "Pere Milla",
        "substituted_in": true,
        "starting_lineup": true
      },
      {
        "number": "16",
        "name": "Fidel",
        "substituted_in": true,
        "starting_lineup": true
      },
      {
        "number": "11",
        "name": "Tete Morente",
        "substituted_in": true,
        "starting_lineup": true
      },
      {
        "number": "9",
        "name": "Lucas Boyé",
        "substituted_in": true,
        "starting_lineup": true
      },
      {
        "number": "24",
        "name": "Kike Pérez",
        "substituted_in": true,
        "starting_lineup": false
      },
      {
        "number": "8",
        "name": "Raúl Guti",
        "substituted_in": true,
        "starting_lineup": false
      },
      {
        "number": "15",
        "name": "Javier Pastore",
        "substituted_in": true,
        "starting_lineup": false
      },
      {
        "number": "17",
        "name": "Josan",
        "substituted_in": true,
        "starting_lineup": false
      },
      {
        "number": "7",
        "name": "Guido Carrillo",
        "substituted_in": true,
        "starting_lineup": false
      }
    ],
    "away_players": [
      {
        "number": "13",
        "name": "Jan Oblak",
        "substituted_in": true,
        "starting_lineup": true
      },
      {
        "number": "2",
        "name": "José María Giménez",
        "substituted_in": true,
        "starting_lineup": true
      },
      {
        "number": "15",
        "name": "Stefan Savic",
        "substituted_in": true,
        "starting_lineup": true
      },
      {
        "number": "23",
        "name": "Reinildo Mandava",
        "substituted_in": true,
        "starting_lineup": true
      },
      {
        "number": "24",
        "name": "Sime Vrsaljko",
        "substituted_in": true,
        "starting_lineup": true
      },
      {
        "number": "4",
        "name": "Geoffrey Kondogbia",
        "substituted_in": true,
        "starting_lineup": true
      },
      {
        "number": "5",
        "name": "Rodrigo De Paul",
        "substituted_in": true,
        "starting_lineup": true
      },
      {
        "number": "6",
        "name": "Koke",
        "substituted_in": true,
        "starting_lineup": true
      },
      {
        "number": "21",
        "name": "Yannick Carrasco",
        "substituted_in": true,
        "starting_lineup": true
      },
      {
        "number": "8",
        "name": "Antoine Griezmann",
        "substituted_in": true,
        "starting_lineup": true
      },
      {
        "number": "19",
        "name": "Matheus Cunha",
        "substituted_in": true,
        "starting_lineup": true
      },
      {
        "number": "18",
        "name": "Felipe",
        "substituted_in": true,
        "starting_lineup": false
      },
      {
        "number": "12",
        "name": "Renan Lodi",
        "substituted_in": true,
        "starting_lineup": false
      },
      {
        "number": "16",
        "name": "Héctor Herrera",
        "substituted_in": true,
        "starting_lineup": false
      },
      {
        "number": "10",
        "name": "Ángel Correa",
        "substituted_in": true,
        "starting_lineup": false
      },
      {
        "number": "9",
        "name": "Luis Suárez",
        "substituted_in": true,
        "starting_lineup": false
      }
    ]
  },
  {
    "url": "https://www.transfermarkt.pl/atlético-madryt_deportivo-alavés/aufstellung/spielbericht/3610569",
    "match_id": "3610569",
    "date": "sob., 02.04.2022",
    "competition": "LALIGA",
    "matchday": "30. Kolejka",
    "home_team": "Atlético Madryt",
    "away_team": "Deportivo Alavés",
    "home_players": [
      {
        "number": "13",
        "name": "Jan Oblak",
        "substituted_in": true,
        "starting_lineup": true
      },
      {
        "number": "2",
        "name": "José María Giménez",
        "substituted_in": true,
        "starting_lineup": true
      },
      {
        "number": "15",
        "name": "Stefan Savic",
        "substituted_in": true,
        "starting_lineup": true
      },
      {
        "number": "23",
        "name": "Reinildo Mandava",
        "substituted_in": true,
        "starting_lineup": true
      },
      {
        "number": "24",
        "name": "Sime Vrsaljko",
        "substituted_in": true,
        "starting_lineup": true
      },
      {
        "number": "4",
        "name": "Geoffrey Kondogbia",
        "substituted_in": true,
        "starting_lineup": true
      },
      {
        "number": "14",
        "name": "Marcos Llorente",
        "substituted_in": true,
        "starting_lineup": true
      },
      {
        "number": "12",
        "name": "Renan Lodi",
        "substituted_in": true,
        "starting_lineup": true
      },
      {
        "number": "11",
        "name": "Thomas Lemar",
        "substituted_in": true,
        "starting_lineup": true
      },
      {
        "number": "8",
        "name": "Antoine Griezmann",
        "substituted_in": true,
        "starting_lineup": true
      },
      {
        "number": "7",
        "name": "João Félix",
        "substituted_in": true,
        "starting_lineup": true
      },
      {
        "number": "18",
        "name": "Felipe",
        "substituted_in": true,
        "starting_lineup": false
      },
      {
        "number": "5",
        "name": "Rodrigo De Paul",
        "substituted_in": true,
        "starting_lineup": false
      },
      {
        "number": "21",
        "name": "Yannick Carrasco",
        "substituted_in": true,
        "starting_lineup": false
      },
      {
        "number": "19",
        "name": "Matheus Cunha",
        "substituted_in": true,
        "starting_lineup": false
      },
      {
        "number": "9",
        "name": "Luis Suárez",
        "substituted_in": true,
        "starting_lineup": false
      }
    ],
    "away_players": [
      {
        "number": "1",
        "name": "Fernando Pacheco",
        "substituted_in": true,
        "starting_lineup": true
      },
      {
        "number": "5",
        "name": "Víctor Laguardia",
        "substituted_in": true,
        "starting_lineup": true
      },
      {
        "number": "22",
        "name": "Florian Lejeune",
        "substituted_in": true,
        "starting_lineup": true
      },
      {
        "number": "3",
        "name": "Rubén Duarte",
        "substituted_in": true,
        "starting_lineup": true
      },
      {
        "number": "2",
        "name": "Nahuel Tenaglia",
        "substituted_in": true,
        "starting_lineup": true
      },
      {
        "number": "20",
        "name": "Pere Pons",
        "substituted_in": true,
        "starting_lineup": true
      },
      {
        "number": "8",
        "name": "Tomás Pina",
        "substituted_in": true,
        "starting_lineup": true
      },
      {
        "number": "16",
        "name": "Gonzalo Escalante",
        "substituted_in": true,
        "starting_lineup": true
      },
      {
        "number": "11",
        "name": "Luis Rioja",
        "substituted_in": true,
        "starting_lineup": true
      },
      {
        "number": "17",
        "name": "Edgar Méndez",
        "substituted_in": true,
        "starting_lineup": true
      },
      {
        "number": "9",
        "name": "Joselu",
        "substituted_in": true,
        "starting_lineup": true
      },
      {
        "number": "23",
        "name": "Ximo Navarro",
        "substituted_in": true,
        "starting_lineup": false
      },
      {
        "number": "6",
        "name": "Mamadou Loum",
        "substituted_in": true,
        "starting_lineup": false
      },
      {
        "number": "18",
        "name": "Facundo Pellistri",
        "substituted_in": true,
        "starting_lineup": false
      },
      {
        "number": "7",
        "name": "Manu Vallejo",
        "substituted_in": true,
        "starting_lineup": false
      },
      {
        "number": "24",
        "name": "Miguel de la Fuente",
        "substituted_in": true,
        "starting_lineup": false
      }
    ]
  },
  {
    "url": "https://www.transfermarkt.pl/fc-liverpool_atlético-madryt/aufstellung/spielbericht/3651104",
    "match_id": "3651104",
    "date": "śr., 03.11.2021",
    "competition": "Unknown",
    "matchday": "Unknown",
    "home_team": "FC Liverpool",
    "away_team": "Atlético Madryt",
    "home_players": [
      {
        "number": "1",
        "name": "Alisson",
        "substituted_in": true,
        "starting_lineup": true
      },
      {
        "number": "4",
        "name": "Virgil van Dijk",
        "substituted_in": true,
        "starting_lineup": true
      },
      {
        "number": "32",
        "name": "Joël Matip",
        "substituted_in": true,
        "starting_lineup": true
      },
      {
        "number": "21",
        "name": "Konstantinos Tsimikas",
        "substituted_in": true,
        "starting_lineup": true
      },
      {
        "number": "66",
        "name": "Trent Alexander-Arnold",
        "substituted_in": true,
        "starting_lineup": true
      },
      {
        "number": "3",
        "name": "Fabinho",
        "substituted_in": true,
        "starting_lineup": true
      },
      {
        "number": "14",
        "name": "Jordan Henderson",
        "substituted_in": true,
        "starting_lineup": true
      },
      {
        "number": "15",
        "name": "Alex Oxlade-Chamberlain",
        "substituted_in": true,
        "starting_lineup": true
      },
      {
        "number": "10",
        "name": "Sadio Mané",
        "substituted_in": true,
        "starting_lineup": true
      },
      {
        "number": "11",
        "name": "Mohamed Salah",
        "substituted_in": true,
        "starting_lineup": true
      },
      {
        "number": "20",
        "name": "Diogo Jota",
        "substituted_in": true,
        "starting_lineup": true
      },
      {
        "number": "47",
        "name": "Nat Phillips",
        "substituted_in": true,
        "starting_lineup": false
      },
      {
        "number": "6",
        "name": "Thiago Alcántara",
        "substituted_in": true,
        "starting_lineup": false
      },
      {
        "number": "18",
        "name": "Takumi Minamino",
        "substituted_in": true,
        "starting_lineup": false
      },
      {
        "number": "9",
        "name": "Roberto Firmino",
        "substituted_in": true,
        "starting_lineup": false
      },
      {
        "number": "27",
        "name": "Divock Origi",
        "substituted_in": true,
        "starting_lineup": false
      }
    ],
    "away_players": [
      {
        "number": "13",
        "name": "Jan Oblak",
        "substituted_in": true,
        "starting_lineup": true
      },
      {
        "number": "22",
        "name": "Mario Hermoso",
        "substituted_in": true,
        "starting_lineup": true
      },
      {
        "number": "2",
        "name": "José María Giménez",
        "substituted_in": true,
        "starting_lineup": true
      },
      {
        "number": "18",
        "name": "Felipe",
        "substituted_in": true,
        "starting_lineup": true
      },
      {
        "number": "5",
        "name": "Rodrigo De Paul",
        "substituted_in": true,
        "starting_lineup": true
      },
      {
        "number": "6",
        "name": "Koke",
        "substituted_in": true,
        "starting_lineup": true
      },
      {
        "number": "23",
        "name": "Kieran Trippier",
        "substituted_in": true,
        "starting_lineup": true
      },
      {
        "number": "21",
        "name": "Yannick Carrasco",
        "substituted_in": true,
        "starting_lineup": true
      },
      {
        "number": "10",
        "name": "Ángel Correa",
        "substituted_in": true,
        "starting_lineup": true
      },
      {
        "number": "7",
        "name": "João Félix",
        "substituted_in": true,
        "starting_lineup": true
      },
      {
        "number": "9",
        "name": "Luis Suárez",
        "substituted_in": true,
        "starting_lineup": true
      },
      {
        "number": "12",
        "name": "Renan Lodi",
        "substituted_in": true,
        "starting_lineup": false
      },
      {
        "number": "24",
        "name": "Sime Vrsaljko",
        "substituted_in": true,
        "starting_lineup": false
      },
      {
        "number": "16",
        "name": "Héctor Herrera",
        "substituted_in": true,
        "starting_lineup": false
      },
      {
        "number": "26",
        "name": "Javi Serrano",
        "substituted_in": true,
        "starting_lineup": false
      },
      {
        "number": "19",
        "name": "Matheus Cunha",
        "substituted_in": true,
        "starting_lineup": false
      }
    ]
  },
  {
    "url": "https://www.transfermarkt.pl/atlético-madryt_athletic-bilbao/aufstellung/spielbericht/3605205",
    "match_id": "3605205",
    "date": "sob., 18.09.2021",
    "competition": "LALIGA",
    "matchday": "5. Kolejka",
    "home_team": "Atlético Madryt",
    "away_team": "Athletic Bilbao",
    "home_players": [
      {
        "number": "13",
        "name": "Jan Oblak",
        "substituted_in": true,
        "starting_lineup": true
      },
      {
        "number": "22",
        "name": "Mario Hermoso",
        "substituted_in": true,
        "starting_lineup": true
      },
      {
        "number": "2",
        "name": "José María Giménez",
        "substituted_in": true,
        "starting_lineup": true
      },
      {
        "number": "15",
        "name": "Stefan Savic",
        "substituted_in": true,
        "starting_lineup": true
      },
      {
        "number": "4",
        "name": "Geoffrey Kondogbia",
        "substituted_in": true,
        "starting_lineup": true
      },
      {
        "number": "14",
        "name": "Marcos Llorente",
        "substituted_in": true,
        "starting_lineup": true
      },
      {
        "number": "5",
        "name": "Rodrigo De Paul",
        "substituted_in": true,
        "starting_lineup": true
      },
      {
        "number": "23",
        "name": "Kieran Trippier",
        "substituted_in": true,
        "starting_lineup": true
      },
      {
        "number": "12",
        "name": "Renan Lodi",
        "substituted_in": true,
        "starting_lineup": true
      },
      {
        "number": "10",
        "name": "Ángel Correa",
        "substituted_in": true,
        "starting_lineup": true
      },
      {
        "number": "8",
        "name": "Antoine Griezmann",
        "substituted_in": true,
        "starting_lineup": true
      },
      {
        "number": "16",
        "name": "Héctor Herrera",
        "substituted_in": true,
        "starting_lineup": false
      },
      {
        "number": "21",
        "name": "Yannick Carrasco",
        "substituted_in": true,
        "starting_lineup": false
      },
      {
        "number": "7",
        "name": "João Félix",
        "substituted_in": true,
        "starting_lineup": false
      },
      {
        "number": "19",
        "name": "Matheus Cunha",
        "substituted_in": true,
        "starting_lineup": false
      },
      {
        "number": "9",
        "name": "Luis Suárez",
        "substituted_in": true,
        "starting_lineup": false
      }
    ],
    "away_players": [
      {
        "number": "1",
        "name": "Unai Simón",
        "substituted_in": true,
        "starting_lineup": true
      },
      {
        "number": "4",
        "name": "Iñigo Martínez",
        "substituted_in": true,
        "starting_lineup": true
      },
      {
        "number": "12",
        "name": "Dani Vivian",
        "substituted_in": true,
        "starting_lineup": true
      },
      {
        "number": "24",
        "name": "Mikel Balenziaga",
        "substituted_in": true,
        "starting_lineup": true
      },
      {
        "number": "15",
        "name": "Iñigo Lekue",
        "substituted_in": true,
        "starting_lineup": true
      },
      {
        "number": "14",
        "name": "Dani García",
        "substituted_in": true,
        "starting_lineup": true
      },
      {
        "number": "16",
        "name": "Unai Vencedor",
        "substituted_in": true,
        "starting_lineup": true
      },
      {
        "number": "7",
        "name": "Álex Berenguer",
        "substituted_in": true,
        "starting_lineup": true
      },
      {
        "number": "10",
        "name": "Iker Muniain",
        "substituted_in": true,
        "starting_lineup": true
      },
      {
        "number": "22",
        "name": "Raúl García",
        "substituted_in": true,
        "starting_lineup": true
      },
      {
        "number": "9",
        "name": "Iñaki Williams",
        "substituted_in": true,
        "starting_lineup": true
      },
      {
        "number": "6",
        "name": "Mikel Vesga",
        "substituted_in": true,
        "starting_lineup": false
      },
      {
        "number": "19",
        "name": "Oier Zarraga",
        "substituted_in": true,
        "starting_lineup": false
      },
      {
        "number": "11",
        "name": "Jon Morcillo",
        "substituted_in": true,
        "starting_lineup": false
      },
      {
        "number": "30",
        "name": "Nico Williams",
        "substituted_in": true,
        "starting_lineup": false
      },
      {
        "number": "20",
        "name": "Asier Villalibre",
        "substituted_in": true,
        "starting_lineup": false
      }
    ]
  }
]