[
  {
    "url": "https://www.transfermarkt.pl/fc-barcelona_rcd-espanyol/aufstellung/spielbericht/58777",
    "match_id": "58777",
    "date": "sob., 09.06.2007",
    "competition": "LALIGA",
    "matchday": "37. Kolejka",
    "home_team": "FC Barcelona",
    "away_team": "RCD Espanyol",
    "home_players": [
      {
        "number": "1",
        "name": "Víctor Valdés",
        "substituted_in": true,
        "starting_lineup": true
      },
      {
        "number": "5",
        "name": "Carles Puyol",
        "substituted_in": true,
        "starting_lineup": true
      },
      {
        "number": "21",
        "name": "Lilian Thuram",
        "substituted_in": true,
        "starting_lineup": true
      },
      {
        "number": "12",
        "name": "Giovanni van Bronckhorst",
        "substituted_in": true,
        "starting_lineup": true
      },
      {
        "number": "11",
        "name": "Gianluca Zambrotta",
        "substituted_in": true,
        "starting_lineup": true
      },
      {
        "number": "6",
        "name": "Xavi",
        "substituted_in": true,
        "starting_lineup": true
      },
      {
        "number": "24",
        "name": "Andrés Iniesta",
        "substituted_in": true,
        "starting_lineup": true
      },
      {
        "number": "20",
        "name": "Deco",
        "substituted_in": true,
        "starting_lineup": true
      },
      {
        "number": "7",
        "name": "Eidur Gudjohnsen",
        "substituted_in": true,
        "starting_lineup": true
      },
      {
        "number": "19",
        "name": "Lionel Messi",
        "substituted_in": true,
        "starting_lineup": true
      },
      {
        "number": "9",
        "name": "Samuel Eto'o",
        "substituted_in": true,
        "starting_lineup": true
      },
      {
        "number": "23",
        "name": "Oleguer",
        "substituted_in": true,
        "starting_lineup": false
      },
      {
        "number": "3",
        "name": "Thiago Motta",
        "substituted_in": true,
        "starting_lineup": false
      }
    ],
    "away_players": [
      {
        "number": "25",
        "name": "Carlos Kameni",
        "substituted_in": true,
        "starting_lineup": true
      },
      {
        "number": "19",
        "name": "Marc Torrejón",
        "substituted_in": true,
        "starting_lineup": true
      },
      {
        "number": "21",
        "name": "Dani Jarque",
        "substituted_in": true,
        "starting_lineup": true
      },
      {
        "number": "4",
        "name": "Mari Lacruz",
        "substituted_in": true,
        "starting_lineup": true
      },
      {
        "number": "30",
        "name": "Javi Chica",
        "substituted_in": true,
        "starting_lineup": true
      },
      {
        "number": "22",
        "name": "Moisés Hurtado",
        "substituted_in": true,
        "starting_lineup": true
      },
      {
        "number": "10",
        "name": "Luis García",
        "substituted_in": true,
        "starting_lineup": true
      },
      {
        "number": "11",
        "name": "Albert Riera",
        "substituted_in": true,
        "starting_lineup": true
      },
      {
        "number": "9",
        "name": "Iván de la Peña",
        "substituted_in": true,
        "starting_lineup": true
      },
      {
        "number": "20",
        "name": "Ferrán Corominas",
        "substituted_in": true,
        "starting_lineup": true
      },
      {
        "number": "23",
        "name": "Raúl Tamudo",
        "substituted_in": true,
        "starting_lineup": true
      },
      {
        "number": "16",
        "name": "Jônatas",
        "substituted_in": true,
        "starting_lineup": false
      },
      {
        "number": "31",
        "name": "Ángel Martínez",
        "substituted_in": true,
        "starting_lineup": false
      },
      {
        "number": "18",
        "name": "Francisco Rufete",
        "substituted_in": true,
        "starting_lineup": false
      }
    ]
  },
  {
    "url": "https://www.transfermarkt.pl/fc-barcelona_atlético-madryt/aufstellung/spielbericht/58567",
    "match_id": "58567",
    "date": "śr., 20.12.2006",
    "competition": "LALIGA",
    "matchday": "16. Kolejka",
    "home_team": "FC Barcelona",
    "away_team": "Atlético Madryt",
    "home_players": [
      {
        "number": "1",
        "name": "Víctor Valdés",
        "substituted_in": true,
        "starting_lineup": true
      },
      {
        "number": "5",
        "name": "Carles Puyol",
        "substituted_in": true,
        "starting_lineup": true
      },
      {
        "number": "23",
        "name": "Oleguer",
        "substituted_in": true,
        "starting_lineup": true
      },
      {
        "number": "2",
        "name": "Juliano Belletti",
        "substituted_in": true,
        "starting_lineup": true
      },
      {
        "number": "21",
        "name": "Lilian Thuram",
        "substituted_in": true,
        "starting_lineup": true
      },
      {
        "number": "3",
        "name": "Thiago Motta",
        "substituted_in": true,
        "starting_lineup": true
      },
      {
        "number": "24",
        "name": "Andrés Iniesta",
        "substituted_in": true,
        "starting_lineup": true
      },
      {
        "number": "6",
        "name": "Xavi",
        "substituted_in": true,
        "starting_lineup": true
      },
      {
        "number": "10",
        "name": "Ronaldinho",
        "substituted_in": true,
        "starting_lineup": true
      },
      {
        "number": "20",
        "name": "Deco",
        "substituted_in": true,
        "starting_lineup": true
      },
      {
        "number": "7",
        "name": "Eidur Gudjohnsen",
        "substituted_in": true,
        "starting_lineup": true
      },
      {
        "number": "8",
        "name": "Ludovic Giuly",
        "substituted_in": true,
        "starting_lineup": false
      },
      {
        "number": "18",
        "name": "Santiago Ezquerro",
        "substituted_in": true,
        "starting_lineup": false
      }
    ],
    "away_players": [
      {
        "number": "25",
        "name": "Leo Franco",
        "substituted_in": true,
        "starting_lineup": true
      },
      {
        "number": "14",
        "name": "Zé Castro",
        "substituted_in": true,
        "starting_lineup": true
      },
      {
        "number": "22",
        "name": "Pablo Ibáñez",
        "substituted_in": true,
        "starting_lineup": true
      },
      {
        "number": "3",
        "name": "Antonio López",
        "substituted_in": true,
        "starting_lineup": true
      },
      {
        "number": "2",
        "name": "Georgios Seitaridis",
        "substituted_in": true,
        "starting_lineup": true
      },
      {
        "number": "5",
        "name": "Peter Luccin",
        "substituted_in": true,
        "starting_lineup": true
      },
      {
        "number": "20",
        "name": "Maniche",
        "substituted_in": true,
        "starting_lineup": true
      },
      {
        "number": "15",
        "name": "José Manuel Jurado",
        "substituted_in": true,
        "starting_lineup": true
      },
      {
        "number": "7",
        "name": "Luciano Galletti",
        "substituted_in": true,
        "starting_lineup": true
      },
      {
        "number": "10",
        "name": "Sergio Agüero",
        "substituted_in": true,
        "starting_lineup": true
      },
      {
        "number": "9",
        "name": "Fernando Torres",
        "substituted_in": true,
        "starting_lineup": true
      },
      {
        "number": "4",
        "name": "Mariano Pernía",
        "substituted_in": true,
        "starting_lineup": false
      },
      {
        "number": "18",
        "name": "Juan Valera",
        "substituted_in": true,
        "starting_lineup": false
      },
      {
        "number": "23",
        "name": "Mista",
        "substituted_in": true,
        "starting_lineup": false
      }
    ]
  },
  {
    "url": "https://www.transfermarkt.pl/fc-barcelona_real-sociedad/aufstellung/spielbericht/58548",
    "match_id": "58548",
    "date": "niedz., 10.12.2006",
    "competition": "LALIGA",
    "matchday": "14. Kolejka",
    "home_team": "FC Barcelona",
    "away_team": "Real Sociedad",
    "home_players": [
      {
        "number": "1",
        "name": "Víctor Valdés",
        "substituted_in": true,
        "starting_lineup": true
      },
      {
        "number": "5",
        "name": "Carles Puyol",
        "substituted_in": true,
        "starting_lineup": true
      },
      {
        "number": "21",
        "name": "Lilian Thuram",
        "substituted_in": true,
        "starting_lineup": true
      },
      {
        "number": "16",
        "name": "Sylvinho",
        "substituted_in": true,
        "starting_lineup": true
      },
      {
        "number": "2",
        "name": "Juliano Belletti",
        "substituted_in": true,
        "starting_lineup": true
      },
      {
        "number": "15",
        "name": "Edmílson",
        "substituted_in": true,
        "starting_lineup": true
      },
      {
        "number": "6",
        "name": "Xavi",
        "substituted_in": true,
        "starting_lineup": true
      },
      {
        "number": "20",
        "name": "Deco",
        "substituted_in": true,
        "starting_lineup": true
      },
      {
        "number": "10",
        "name": "Ronaldinho",
        "substituted_in": true,
        "starting_lineup": true
      },
      {
        "number": "8",
        "name": "Ludovic Giuly",
        "substituted_in": true,
        "starting_lineup": true
      },
      {
        "number": "7",
        "name": "Eidur Gudjohnsen",
        "substituted_in": true,
        "starting_lineup": true
      },
      {
        "number": "23",
        "name": "Oleguer",
        "substituted_in": true,
        "starting_lineup": false
      },
      {
        "number": "24",
        "name": "Andrés Iniesta",
        "substituted_in": true,
        "starting_lineup": false
      },
      {
        "number": "18",
        "name": "Santiago Ezquerro",
        "substituted_in": true,
        "starting_lineup": false
      }
    ],
    "away_players": [
      {
        "number": "25",
        "name": "Claudio Bravo",
        "substituted_in": true,
        "starting_lineup": true
      },
      {
        "number": "3",
        "name": "Mikel González",
        "substituted_in": true,
        "starting_lineup": true
      },
      {
        "number": "5",
        "name": "Juanito",
        "substituted_in": true,
        "starting_lineup": true
      },
      {
        "number": "14",
        "name": "Aitor López Rekarte",
        "substituted_in": true,
        "starting_lineup": true
      },
      {
        "number": "2",
        "name": "Gerardo García",
        "substituted_in": true,
        "starting_lineup": true
      },
      {
        "number": "11",
        "name": "Mikel Aranburu",
        "substituted_in": true,
        "starting_lineup": true
      },
      {
        "number": "4",
        "name": "Diego Rivas",
        "substituted_in": true,
        "starting_lineup": true
      },
      {
        "number": "24",
        "name": "Xabi Prieto",
        "substituted_in": true,
        "starting_lineup": true
      },
      {
        "number": "7",
        "name": "Jesuli",
        "substituted_in": true,
        "starting_lineup": true
      },
      {
        "number": "16",
        "name": "Gari Uranga",
        "substituted_in": true,
        "starting_lineup": true
      },
      {
        "number": "9",
        "name": "Darko Kovacevic",
        "substituted_in": true,
        "starting_lineup": true
      },
      {
        "number": "19",
        "name": "Javier Garrido",
        "substituted_in": true,
        "starting_lineup": false
      },
      {
        "number": "8",
        "name": "Gaizka Garitano",
        "substituted_in": true,
        "starting_lineup": false
      },
      {
        "number": "-",
        "name": "Imanol Agirretxe",
        "substituted_in": true,
        "starting_lineup": false
      }
    ]
  },
  {
    "url": "https://www.transfermarkt.pl/internacional-porto-alegre_fc-barcelona/aufstellung/spielbericht/991944",
    "match_id": "991944",
    "date": "niedz., 17.12.2006",
    "competition": "Unknown",
    "matchday": "Unknown",
    "home_team": "Internacional Porto Alegre",
    "away_team": "FC Barcelona",
    "home_players": [
      {
        "number": "1",
        "name": "Clemer",
        "substituted_in": true,
        "starting_lineup": true
      },
      {
        "number": "4",
        "name": "Fabiano Eller",
        "substituted_in": true,
        "starting_lineup": true
      },
      {
        "number": "3",
        "name": "Índio",
        "substituted_in": true,
        "starting_lineup": true
      },
      {
        "number": "15",
        "name": "Rubens Cardoso",
        "substituted_in": true,
        "starting_lineup": true
      },
      {
        "number": "2",
        "name": "Ceará",
        "substituted_in": true,
        "starting_lineup": true
      },
      {
        "number": "5",
        "name": "Wellington Monteiro",
        "substituted_in": true,
        "starting_lineup": true
      },
      {
        "number": "8",
        "name": "Edinho",
        "substituted_in": true,
        "starting_lineup": true
      },
      {
        "number": "7",
        "name": "Alex",
        "substituted_in": true,
        "starting_lineup": true
      },
      {
        "number": "11",
        "name": "Alexandre Pato",
        "substituted_in": true,
        "starting_lineup": true
      },
      {
        "number": "10",
        "name": "Iarley",
        "substituted_in": true,
        "starting_lineup": true
      },
      {
        "number": "9",
        "name": "Fernandão",
        "substituted_in": true,
        "starting_lineup": true
      },
      {
        "number": "17",
        "name": "Fabián Vargas",
        "substituted_in": true,
        "starting_lineup": false
      },
      {
        "number": "16",
        "name": "Adriano Gabirú",
        "substituted_in": true,
        "starting_lineup": false
      },
      {
        "number": "18",
        "name": "Luiz Adriano",
        "substituted_in": true,
        "starting_lineup": false
      }
    ],
    "away_players": [
      {
        "number": "1",
        "name": "Víctor Valdés",
        "substituted_in": true,
        "starting_lineup": true
      },
      {
        "number": "4",
        "name": "Rafa Márquez",
        "substituted_in": true,
        "starting_lineup": true
      },
      {
        "number": "5",
        "name": "Carles Puyol",
        "substituted_in": true,
        "starting_lineup": true
      },
      {
        "number": "12",
        "name": "Giovanni van Bronckhorst",
        "substituted_in": true,
        "starting_lineup": true
      },
      {
        "number": "11",
        "name": "Gianluca Zambrotta",
        "substituted_in": true,
        "starting_lineup": true
      },
      {
        "number": "3",
        "name": "Thiago Motta",
        "substituted_in": true,
        "starting_lineup": true
      },
      {
        "number": "24",
        "name": "Andrés Iniesta",
        "substituted_in": true,
        "starting_lineup": true
      },
      {
        "number": "20",
        "name": "Deco",
        "substituted_in": true,
        "starting_lineup": true
      },
      {
        "number": "10",
        "name": "Ronaldinho",
        "substituted_in": true,
        "starting_lineup": true
      },
      {
        "number": "8",
        "name": "Ludovic Giuly",
        "substituted_in": true,
        "starting_lineup": true
      },
      {
        "number": "7",
        "name": "Eidur Gudjohnsen",
        "substituted_in": true,
        "starting_lineup": true
      },
      {
        "number": "2",
        "name": "Juliano Belletti",
        "substituted_in": true,
        "starting_lineup": false
      },
      {
        "number": "6",
        "name": "Xavi",
        "substituted_in": true,
        "starting_lineup": false
      },
      {
        "number": "18",
        "name": "Santiago Ezquerro",
        "substituted_in": true,
        "starting_lineup": false
      }
    ]
  },
  {
    "url": "https://www.transfermarkt.pl/deportivo-alavés_fc-barcelona/aufstellung/spielbericht/2283284",
    "match_id": "2283284",
    "date": "śr., 10.01.2007",
    "competition": "Unknown",
    "matchday": "Unknown",
    "home_team": "Deportivo Alavés",
    "away_team": "FC Barcelona",
    "home_players": [
      {
        "number": "13",
        "name": "Nicolas Ardouin",
        "substituted_in": true,
        "starting_lineup": true
      },
      {
        "number": "6",
        "name": "Gaspar Gálvez",
        "substituted_in": true,
        "starting_lineup": true
      },
      {
        "number": "16",
        "name": "Ian Uranga",
        "substituted_in": true,
        "starting_lineup": true
      },
      {
        "number": "24",
        "name": "Pablo Casar",
        "substituted_in": true,
        "starting_lineup": true
      },
      {
        "number": "2",
        "name": "David Coromina",
        "substituted_in": true,
        "starting_lineup": true
      },
      {
        "number": "4",
        "name": "Mehdi Lacen",
        "substituted_in": true,
        "starting_lineup": true
      },
      {
        "number": "15",
        "name": "Santiago Carpintero",
        "substituted_in": true,
        "starting_lineup": true
      },
      {
        "number": "10",
        "name": "Quique de Lucas",
        "substituted_in": true,
        "starting_lineup": true
      },
      {
        "number": "14",
        "name": "Arthuro",
        "substituted_in": true,
        "starting_lineup": true
      },
      {
        "number": "22",
        "name": "John Aloisi",
        "substituted_in": true,
        "starting_lineup": true
      },
      {
        "number": "19",
        "name": "Gabriel Gómez",
        "substituted_in": true,
        "starting_lineup": true
      },
      {
        "number": "3",
        "name": "Ángel Sánchez",
        "substituted_in": true,
        "starting_lineup": false
      },
      {
        "number": "11",
        "name": "Élton",
        "substituted_in": true,
        "starting_lineup": false
      },
      {
        "number": "20",
        "name": "Bartholomew Ogbeche",
        "substituted_in": true,
        "starting_lineup": false
      }
    ],
    "away_players": [
      {
        "number": "25",
        "name": "Albert Jorquera",
        "substituted_in": true,
        "starting_lineup": true
      },
      {
        "number": "4",
        "name": "Rafa Márquez",
        "substituted_in": true,
        "starting_lineup": true
      },
      {
        "number": "5",
        "name": "Carles Puyol",
        "substituted_in": true,
        "starting_lineup": true
      },
      {
        "number": "16",
        "name": "Sylvinho",
        "substituted_in": true,
        "starting_lineup": true
      },
      {
        "number": "2",
        "name": "Juliano Belletti",
        "substituted_in": true,
        "starting_lineup": true
      },
      {
        "number": "15",
        "name": "Edmílson",
        "substituted_in": true,
        "starting_lineup": true
      },
      {
        "number": "24",
        "name": "Andrés Iniesta",
        "substituted_in": true,
        "starting_lineup": true
      },
      {
        "number": "6",
        "name": "Xavi",
        "substituted_in": true,
        "starting_lineup": true
      },
      {
        "number": "18",
        "name": "Santiago Ezquerro",
        "substituted_in": true,
        "starting_lineup": true
      },
      {
        "number": "8",
        "name": "Ludovic Giuly",
        "substituted_in": true,
        "starting_lineup": true
      },
      {
        "number": "22",
        "name": "Javier Saviola",
        "substituted_in": true,
        "starting_lineup": true
      },
      {
        "number": "12",
        "name": "Giovanni van Bronckhorst",
        "substituted_in": true,
        "starting_lineup": false
      },
      {
        "number": "3",
        "name": "Thiago Motta",
        "substituted_in": true,
        "starting_lineup": false
      },
      {
        "number": "7",
        "name": "Eidur Gudjohnsen",
        "substituted_in": true,
        "starting_lineup": false
      }
    ]
  },
  {
    "url": "https://www.transfermarkt.pl/fc-barcelona_levski-sofia/aufstellung/spielbericht/64816",
    "match_id": "64816",
    "date": "wt., 12.09.2006",
    "competition": "Unknown",
    "matchday": "Unknown",
    "home_team": "FC Barcelona",
    "away_team": "Levski Sofia",
    "home_players": [
      {
        "number": "1",
        "name": "Víctor Valdés",
        "substituted_in": true,
        "starting_lineup": true
      },
      {
        "number": "5",
        "name": "Carles Puyol",
        "substituted_in": true,
        "starting_lineup": true
      },
      {
        "number": "21",
        "name": "Lilian Thuram",
        "substituted_in": true,
        "starting_lineup": true
      },
      {
        "number": "12",
        "name": "Giovanni van Bronckhorst",
        "substituted_in": true,
        "starting_lineup": true
      },
      {
        "number": "2",
        "name": "Juliano Belletti",
        "substituted_in": true,
        "starting_lineup": true
      },
      {
        "number": "3",
        "name": "Thiago Motta",
        "substituted_in": true,
        "starting_lineup": true
      },
      {
        "number": "20",
        "name": "Deco",
        "substituted_in": true,
        "starting_lineup": true
      },
      {
        "number": "8",
        "name": "Ludovic Giuly",
        "substituted_in": true,
        "starting_lineup": true
      },
      {
        "number": "10",
        "name": "Ronaldinho",
        "substituted_in": true,
        "starting_lineup": true
      },
      {
        "number": "24",
        "name": "Andrés Iniesta",
        "substituted_in": true,
        "starting_lineup": true
      },
      {
        "number": "9",
        "name": "Samuel Eto'o",
        "substituted_in": true,
        "starting_lineup": true
      },
      {
        "number": "23",
        "name": "Oleguer",
        "substituted_in": true,
        "starting_lineup": false
      },
      {
        "number": "6",
        "name": "Xavi",
        "substituted_in": true,
        "starting_lineup": false
      },
      {
        "number": "7",
        "name": "Eidur Gudjohnsen",
        "substituted_in": true,
        "starting_lineup": false
      }
    ],
    "away_players": [
      {
        "number": "1",
        "name": "Georgi Petkov",
        "substituted_in": true,
        "starting_lineup": true
      },
      {
        "number": "4",
        "name": "Igor Tomasic",
        "substituted_in": true,
        "starting_lineup": true
      },
      {
        "number": "11",
        "name": "Elin Topuzakov",
        "substituted_in": true,
        "starting_lineup": true
      },
      {
        "number": "20",
        "name": "Stanislav Angelov",
        "substituted_in": true,
        "starting_lineup": true
      },
      {
        "number": "3",
        "name": "Zhivko Milanov",
        "substituted_in": true,
        "starting_lineup": true
      },
      {
        "number": "6",
        "name": "Richard Eromoigbe",
        "substituted_in": true,
        "starting_lineup": true
      },
      {
        "number": "7",
        "name": "Daniel Borimirov",
        "substituted_in": true,
        "starting_lineup": true
      },
      {
        "number": "27",
        "name": "Cédric Bardon",
        "substituted_in": true,
        "starting_lineup": true
      },
      {
        "number": "10",
        "name": "Hristo Yovov",
        "substituted_in": true,
        "starting_lineup": true
      },
      {
        "number": "21",
        "name": "Dimitar Telkiyski",
        "substituted_in": true,
        "starting_lineup": true
      },
      {
        "number": "28",
        "name": "Emil Angelov",
        "substituted_in": true,
        "starting_lineup": true
      },
      {
        "number": "14",
        "name": "Veselin Minev",
        "substituted_in": true,
        "starting_lineup": false
      },
      {
        "number": "18",
        "name": "Miroslav Ivanov",
        "substituted_in": true,
        "starting_lineup": false
      },
      {
        "number": "9",
        "name": "Georgi Ivanov",
        "substituted_in": true,
        "starting_lineup": false
      }
    ]
  },
  {
    "url": "https://www.transfermarkt.pl/fc-barcelona_real-zaragoza/aufstellung/spielbericht/58507",
    "match_id": "58507",
    "date": "niedz., 12.11.2006",
    "competition": "LALIGA",
    "matchday": "10. Kolejka",
    "home_team": "FC Barcelona",
    "away_team": "Real Zaragoza",
    "home_players": [
      {
        "number": "1",
        "name": "Víctor Valdés",
        "substituted_in": true,
        "starting_lineup": true
      },
      {
        "number": "5",
        "name": "Carles Puyol",
        "substituted_in": true,
        "starting_lineup": true
      },
      {
        "number": "15",
        "name": "Edmílson",
        "substituted_in": true,
        "starting_lineup": true
      },
      {
        "number": "16",
        "name": "Sylvinho",
        "substituted_in": true,
        "starting_lineup": true
      },
      {
        "number": "11",
        "name": "Gianluca Zambrotta",
        "substituted_in": true,
        "starting_lineup": true
      },
      {
        "number": "4",
        "name": "Rafa Márquez",
        "substituted_in": true,
        "starting_lineup": true
      },
      {
        "number": "24",
        "name": "Andrés Iniesta",
        "substituted_in": true,
        "starting_lineup": true
      },
      {
        "number": "20",
        "name": "Deco",
        "substituted_in": true,
        "starting_lineup": true
      },
      {
        "number": "10",
        "name": "Ronaldinho",
        "substituted_in": true,
        "starting_lineup": true
      },
      {
        "number": "19",
        "name": "Lionel Messi",
        "substituted_in": true,
        "starting_lineup": true
      },
      {
        "number": "7",
        "name": "Eidur Gudjohnsen",
        "substituted_in": true,
        "starting_lineup": true
      },
      {
        "number": "3",
        "name": "Thiago Motta",
        "substituted_in": true,
        "starting_lineup": false
      },
      {
        "number": "8",
        "name": "Ludovic Giuly",
        "substituted_in": true,
        "starting_lineup": false
      },
      {
        "number": "22",
        "name": "Javier Saviola",
        "substituted_in": true,
        "starting_lineup": false
      }
    ],
    "away_players": [
      {
        "number": "1",
        "name": "César Sánchez",
        "substituted_in": true,
        "starting_lineup": true
      },
      {
        "number": "6",
        "name": "Gabriel Milito",
        "substituted_in": true,
        "starting_lineup": true
      },
      {
        "number": "23",
        "name": "Sergio Fernández",
        "substituted_in": true,
        "starting_lineup": true
      },
      {
        "number": "11",
        "name": "Juanfran",
        "substituted_in": true,
        "starting_lineup": true
      },
      {
        "number": "2",
        "name": "Carlos Diogo",
        "substituted_in": true,
        "starting_lineup": true
      },
      {
        "number": "16",
        "name": "Albert Celades",
        "substituted_in": true,
        "starting_lineup": true
      },
      {
        "number": "21",
        "name": "Alberto Zapater",
        "substituted_in": true,
        "starting_lineup": true
      },
      {
        "number": "8",
        "name": "Pablo Aimar",
        "substituted_in": true,
        "starting_lineup": true
      },
      {
        "number": "10",
        "name": "Andrés D'Alessandro",
        "substituted_in": true,
        "starting_lineup": true
      },
      {
        "number": "17",
        "name": "Ewerthon",
        "substituted_in": true,
        "starting_lineup": true
      },
      {
        "number": "22",
        "name": "Diego Milito",
        "substituted_in": true,
        "starting_lineup": true
      },
      {
        "number": "18",
        "name": "Gerard Piqué",
        "substituted_in": true,
        "starting_lineup": false
      },
      {
        "number": "14",
        "name": "Leonardo Ponzio",
        "substituted_in": true,
        "starting_lineup": false
      },
      {
        "number": "15",
        "name": "Ángel Lafita",
        "substituted_in": true,
        "starting_lineup": false
      }
    ]
  },
  {
    "url": "https://www.transfermarkt.pl/rcd-espanyol_fc-barcelona/aufstellung/spielbericht/1097467",
    "match_id": "1097467",
    "date": "czw., 17.08.2006",
    "competition": "Unknown",
    "matchday": "Unknown",
    "home_team": "RCD Espanyol",
    "away_team": "FC Barcelona",
    "home_players": [
      {
        "number": "1",
        "name": "Gorka Iraizoz",
        "substituted_in": true,
        "starting_lineup": true
      },
      {
        "number": "21",
        "name": "Dani Jarque",
        "substituted_in": true,
        "starting_lineup": true
      },
      {
        "number": "4",
        "name": "Mari Lacruz",
        "substituted_in": true,
        "starting_lineup": true
      },
      {
        "number": "3",
        "name": "David García",
        "substituted_in": true,
        "starting_lineup": true
      },
      {
        "number": "8",
        "name": "Pablo Zabaleta",
        "substituted_in": true,
        "starting_lineup": true
      },
      {
        "number": "6",
        "name": "Eduardo Costa",
        "substituted_in": true,
        "starting_lineup": true
      },
      {
        "number": "15",
        "name": "Frédson",
        "substituted_in": true,
        "starting_lineup": true
      },
      {
        "number": "18",
        "name": "Francisco Rufete",
        "substituted_in": true,
        "starting_lineup": true
      },
      {
        "number": "9",
        "name": "Iván de la Peña",
        "substituted_in": true,
        "starting_lineup": true
      },
      {
        "number": "10",
        "name": "Luis García",
        "substituted_in": true,
        "starting_lineup": true
      },
      {
        "number": "23",
        "name": "Raúl Tamudo",
        "substituted_in": true,
        "starting_lineup": true
      },
      {
        "number": "11",
        "name": "Albert Riera",
        "substituted_in": true,
        "starting_lineup": false
      },
      {
        "number": "7",
        "name": "Walter Pandiani",
        "substituted_in": true,
        "starting_lineup": false
      },
      {
        "number": "20",
        "name": "Ferrán Corominas",
        "substituted_in": true,
        "starting_lineup": false
      }
    ],
    "away_players": [
      {
        "number": "1",
        "name": "Víctor Valdés",
        "substituted_in": true,
        "starting_lineup": true
      },
      {
        "number": "4",
        "name": "Rafa Márquez",
        "substituted_in": true,
        "starting_lineup": true
      },
      {
        "number": "5",
        "name": "Carles Puyol",
        "substituted_in": true,
        "starting_lineup": true
      },
      {
        "number": "16",
        "name": "Sylvinho",
        "substituted_in": true,
        "starting_lineup": true
      },
      {
        "number": "23",
        "name": "Oleguer",
        "substituted_in": true,
        "starting_lineup": true
      },
      {
        "number": "3",
        "name": "Thiago Motta",
        "substituted_in": true,
        "starting_lineup": true
      },
      {
        "number": "6",
        "name": "Xavi",
        "substituted_in": true,
        "starting_lineup": true
      },
      {
        "number": "20",
        "name": "Deco",
        "substituted_in": true,
        "starting_lineup": true
      },
      {
        "number": "10",
        "name": "Ronaldinho",
        "substituted_in": true,
        "starting_lineup": true
      },
      {
        "number": "8",
        "name": "Ludovic Giuly",
        "substituted_in": true,
        "starting_lineup": true
      },
      {
        "number": "9",
        "name": "Samuel Eto'o",
        "substituted_in": true,
        "starting_lineup": true
      },
      {
        "number": "11",
        "name": "Gianluca Zambrotta",
        "substituted_in": true,
        "starting_lineup": false
      },
      {
        "number": "24",
        "name": "Andrés Iniesta",
        "substituted_in": true,
        "starting_lineup": false
      },
      {
        "number": "19",
        "name": "Lionel Messi",
        "substituted_in": true,
        "starting_lineup": false
      }
    ]
  },
  {
    "url": "https://www.transfermarkt.pl/valencia-cf_fc-barcelona/aufstellung/spielbericht/58644",
    "match_id": "58644",
    "date": "niedz., 18.02.2007",
    "competition": "LALIGA",
    "matchday": "23. Kolejka",
    "home_team": "Valencia CF",
    "away_team": "FC Barcelona",
    "home_players": [
      {
        "number": "25",
        "name": "Ludovic Butelle",
        "substituted_in": true,
        "starting_lineup": true
      },
      {
        "number": "4",
        "name": "Roberto Ayala",
        "substituted_in": true,
        "starting_lineup": true
      },
      {
        "number": "20",
        "name": "Raúl Albiol",
        "substituted_in": true,
        "starting_lineup": true
      },
      {
        "number": "24",
        "name": "Emiliano Moretti",
        "substituted_in": true,
        "starting_lineup": true
      },
      {
        "number": "2",
        "name": "Miguel",
        "substituted_in": true,
        "starting_lineup": true
      },
      {
        "number": "5",
        "name": "Carlos Marchena",
        "substituted_in": true,
        "starting_lineup": true
      },
      {
        "number": "6",
        "name": "David Albelda",
        "substituted_in": true,
        "starting_lineup": true
      },
      {
        "number": "21",
        "name": "David Silva",
        "substituted_in": true,
        "starting_lineup": true
      },
      {
        "number": "10",
        "name": "Miguel Ángel Angulo",
        "substituted_in": true,
        "starting_lineup": true
      },
      {
        "number": "7",
        "name": "David Villa",
        "substituted_in": true,
        "starting_lineup": true
      },
      {
        "number": "9",
        "name": "Fernando Morientes",
        "substituted_in": true,
        "starting_lineup": true
      },
      {
        "number": "35",
        "name": "Miguel Pallardó",
        "substituted_in": true,
        "starting_lineup": false
      },
      {
        "number": "17",
        "name": "Joaquín",
        "substituted_in": true,
        "starting_lineup": false
      },
      {
        "number": "18",
        "name": "Jorge López",
        "substituted_in": true,
        "starting_lineup": false
      }
    ],
    "away_players": [
      {
        "number": "1",
        "name": "Víctor Valdés",
        "substituted_in": true,
        "starting_lineup": true
      },
      {
        "number": "4",
        "name": "Rafa Márquez",
        "substituted_in": true,
        "starting_lineup": true
      },
      {
        "number": "5",
        "name": "Carles Puyol",
        "substituted_in": true,
        "starting_lineup": true
      },
      {
        "number": "11",
        "name": "Gianluca Zambrotta",
        "substituted_in": true,
        "starting_lineup": true
      },
      {
        "number": "23",
        "name": "Oleguer",
        "substituted_in": true,
        "starting_lineup": true
      },
      {
        "number": "15",
        "name": "Edmílson",
        "substituted_in": true,
        "starting_lineup": true
      },
      {
        "number": "6",
        "name": "Xavi",
        "substituted_in": true,
        "starting_lineup": true
      },
      {
        "number": "20",
        "name": "Deco",
        "substituted_in": true,
        "starting_lineup": true
      },
      {
        "number": "10",
        "name": "Ronaldinho",
        "substituted_in": true,
        "starting_lineup": true
      },
      {
        "number": "24",
        "name": "Andrés Iniesta",
        "substituted_in": true,
        "starting_lineup": true
      },
      {
        "number": "7",
        "name": "Eidur Gudjohnsen",
        "substituted_in": true,
        "starting_lineup": true
      },
      {
        "number": "19",
        "name": "Lionel Messi",
        "substituted_in": true,
        "starting_lineup": false
      },
      {
        "number": "8",
        "name": "Ludovic Giuly",
        "substituted_in": true,
        "starting_lineup": false
      }
    ]
  },
  {
    "url": "https://www.transfermarkt.pl/fc-barcelona_chelsea-fc/aufstellung/spielbericht/66316",
    "match_id": "66316",
    "date": "wt., 31.10.2006",
    "competition": "Unknown",
    "matchday": "Unknown",
    "home_team": "FC Barcelona",
    "away_team": "Chelsea FC",
    "home_players": [
      {
        "number": "1",
        "name": "Víctor Valdés",
        "substituted_in": true,
        "starting_lineup": true
      },
      {
        "number": "4",
        "name": "Rafa Márquez",
        "substituted_in": true,
        "starting_lineup": true
      },
      {
        "number": "5",
        "name": "Carles Puyol",
        "substituted_in": true,
        "starting_lineup": true
      },
      {
        "number": "12",
        "name": "Giovanni van Bronckhorst",
        "substituted_in": true,
        "starting_lineup": true
      },
      {
        "number": "11",
        "name": "Gianluca Zambrotta",
        "substituted_in": true,
        "starting_lineup": true
      },
      {
        "number": "3",
        "name": "Thiago Motta",
        "substituted_in": true,
        "starting_lineup": true
      },
      {
        "number": "6",
        "name": "Xavi",
        "substituted_in": true,
        "starting_lineup": true
      },
      {
        "number": "20",
        "name": "Deco",
        "substituted_in": true,
        "starting_lineup": true
      },
      {
        "number": "10",
        "name": "Ronaldinho",
        "substituted_in": true,
        "starting_lineup": true
      },
      {
        "number": "19",
        "name": "Lionel Messi",
        "substituted_in": true,
        "starting_lineup": true
      },
      {
        "number": "7",
        "name": "Eidur Gudjohnsen",
        "substituted_in": true,
        "starting_lineup": true
      },
      {
        "number": "15",
        "name": "Edmílson",
        "substituted_in": true,
        "starting_lineup": false
      },
      {
        "number": "24",
        "name": "Andrés Iniesta",
        "substituted_in": true,
        "starting_lineup": false
      },
      {
        "number": "8",
        "name": "Ludovic Giuly",
        "substituted_in": true,
        "starting_lineup": false
      }
    ],
    "away_players": [
      {
        "number": "40",
        "name": "Hilário",
        "substituted_in": true,
        "starting_lineup": true
      },
      {
        "number": "6",
        "name": "Ricardo Carvalho",
        "substituted_in": true,
        "starting_lineup": true
      },
      {
        "number": "26",
        "name": "John Terry",
        "substituted_in": true,
        "starting_lineup": true
      },
      {
        "number": "3",
        "name": "Ashley Cole",
        "substituted_in": true,
        "starting_lineup": true
      },
      {
        "number": "9",
        "name": "Khalid Boulahrouz",
        "substituted_in": true,
        "starting_lineup": true
      },
      {
        "number": "4",
        "name": "Claude Makélélé",
        "substituted_in": true,
        "starting_lineup": true
      },
      {
        "number": "13",
        "name": "Michael Ballack",
        "substituted_in": true,
        "starting_lineup": true
      },
      {
        "number": "5",
        "name": "Michael Essien",
        "substituted_in": true,
        "starting_lineup": true
      },
      {
        "number": "8",
        "name": "Frank Lampard",
        "substituted_in": true,
        "starting_lineup": true
      },
      {
        "number": "16",
        "name": "Arjen Robben",
        "substituted_in": true,
        "starting_lineup": true
      },
      {
        "number": "11",
        "name": "Didier Drogba",
        "substituted_in": true,
        "starting_lineup": true
      },
      {
        "number": "20",
        "name": "Paulo Ferreira",
        "substituted_in": true,
        "starting_lineup": false
      },
      {
        "number": "10",
        "name": "Joe Cole",
        "substituted_in": true,
        "starting_lineup": false
      },
      {
        "number": "21",
        "name": "Salomon Kalou",
        "substituted_in": true,
        "starting_lineup": false
      }
    ]
  }
]