[
  {
    "url": "https://www.transfermarkt.pl/fc-barcelona_real-zaragoza/aufstellung/spielbericht/2421924",
    "match_id": "2421924",
    "date": "śr., 01.02.2006",
    "competition": "Unknown",
    "matchday": "Unknown",
    "home_team": "FC Barcelona",
    "away_team": "Real Zaragoza",
    "home_players": [
      {
        "number": "25",
        "name": "Albert Jorquera",
        "substituted_in": true,
        "starting_lineup": true
      },
      {
        "number": "4",
        "name": "Rafa Márquez",
        "substituted_in": true,
        "starting_lineup": true
      },
      {
        "number": "5",
        "name": "Carles Puyol",
        "substituted_in": true,
        "starting_lineup": true
      },
      {
        "number": "12",
        "name": "Giovanni van Bronckhorst",
        "substituted_in": true,
        "starting_lineup": true
      },
      {
        "number": "23",
        "name": "Oleguer",
        "substituted_in": true,
        "starting_lineup": true
      },
      {
        "number": "15",
        "name": "Edmílson",
        "substituted_in": true,
        "starting_lineup": true
      },
      {
        "number": "24",
        "name": "Andrés Iniesta",
        "substituted_in": true,
        "starting_lineup": true
      },
      {
        "number": "20",
        "name": "Deco",
        "substituted_in": true,
        "starting_lineup": true
      },
      {
        "number": "10",
        "name": "Ronaldinho",
        "substituted_in": true,
        "starting_lineup": true
      },
      {
        "number": "8",
        "name": "Ludovic Giuly",
        "substituted_in": true,
        "starting_lineup": true
      },
      {
        "number": "30",
        "name": "Lionel Messi",
        "substituted_in": true,
        "starting_lineup": true
      },
      {
        "number": "16",
        "name": "Sylvinho",
        "substituted_in": true,
        "starting_lineup": false
      },
      {
        "number": "17",
        "name": "Mark van Bommel",
        "substituted_in": true,
        "starting_lineup": false
      },
      {
        "number": "7",
        "name": "Henrik Larsson",
        "substituted_in": true,
        "starting_lineup": false
      }
    ],
    "away_players": [
      {
        "number": "-",
        "name": "César Sánchez",
        "substituted_in": true,
        "starting_lineup": true
      },
      {
        "number": "-",
        "name": "Gabriel Milito",
        "substituted_in": true,
        "starting_lineup": true
      },
      {
        "number": "-",
        "name": "Álvaro",
        "substituted_in": true,
        "starting_lineup": true
      },
      {
        "number": "-",
        "name": "Delio Toledo",
        "substituted_in": true,
        "starting_lineup": true
      },
      {
        "number": "-",
        "name": "Leonardo Ponzio",
        "substituted_in": true,
        "starting_lineup": true
      },
      {
        "number": "-",
        "name": "Albert Celades",
        "substituted_in": true,
        "starting_lineup": true
      },
      {
        "number": "-",
        "name": "Alberto Zapater",
        "substituted_in": true,
        "starting_lineup": true
      },
      {
        "number": "-",
        "name": "Óscar González",
        "substituted_in": true,
        "starting_lineup": true
      },
      {
        "number": "-",
        "name": "Cani",
        "substituted_in": true,
        "starting_lineup": true
      },
      {
        "number": "-",
        "name": "Ewerthon",
        "substituted_in": true,
        "starting_lineup": true
      },
      {
        "number": "-",
        "name": "Diego Milito",
        "substituted_in": true,
        "starting_lineup": true
      },
      {
        "number": "-",
        "name": "Carlos Cuartero",
        "substituted_in": true,
        "starting_lineup": false
      },
      {
        "number": "-",
        "name": "José María Movilla",
        "substituted_in": true,
        "starting_lineup": false
      },
      {
        "number": "-",
        "name": "David Generelo",
        "substituted_in": true,
        "starting_lineup": false
      }
    ]
  },
  {
    "url": "https://www.transfermarkt.pl/fc-barcelona_fc-arsenal/aufstellung/spielbericht/53463",
    "match_id": "53463",
    "date": "śr., 17.05.2006",
    "competition": "Unknown",
    "matchday": "Unknown",
    "home_team": "FC Barcelona",
    "away_team": "FC Arsenal",
    "home_players": [
      {
        "number": "1",
        "name": "Víctor Valdés",
        "substituted_in": true,
        "starting_lineup": true
      },
      {
        "number": "4",
        "name": "Rafa Márquez",
        "substituted_in": true,
        "starting_lineup": true
      },
      {
        "number": "5",
        "name": "Carles Puyol",
        "substituted_in": true,
        "starting_lineup": true
      },
      {
        "number": "12",
        "name": "Giovanni van Bronckhorst",
        "substituted_in": true,
        "starting_lineup": true
      },
      {
        "number": "23",
        "name": "Oleguer",
        "substituted_in": true,
        "starting_lineup": true
      },
      {
        "number": "15",
        "name": "Edmílson",
        "substituted_in": true,
        "starting_lineup": true
      },
      {
        "number": "17",
        "name": "Mark van Bommel",
        "substituted_in": true,
        "starting_lineup": true
      },
      {
        "number": "20",
        "name": "Deco",
        "substituted_in": true,
        "starting_lineup": true
      },
      {
        "number": "10",
        "name": "Ronaldinho",
        "substituted_in": true,
        "starting_lineup": true
      },
      {
        "number": "8",
        "name": "Ludovic Giuly",
        "substituted_in": true,
        "starting_lineup": true
      },
      {
        "number": "9",
        "name": "Samuel Eto'o",
        "substituted_in": true,
        "starting_lineup": true
      },
      {
        "number": "2",
        "name": "Juliano Belletti",
        "substituted_in": true,
        "starting_lineup": false
      },
      {
        "number": "24",
        "name": "Andrés Iniesta",
        "substituted_in": true,
        "starting_lineup": false
      },
      {
        "number": "7",
        "name": "Henrik Larsson",
        "substituted_in": true,
        "starting_lineup": false
      }
    ],
    "away_players": [
      {
        "number": "1",
        "name": "Jens Lehmann",
        "substituted_in": true,
        "starting_lineup": true
      },
      {
        "number": "23",
        "name": "Sol Campbell",
        "substituted_in": true,
        "starting_lineup": true
      },
      {
        "number": "28",
        "name": "Kolo Touré",
        "substituted_in": true,
        "starting_lineup": true
      },
      {
        "number": "3",
        "name": "Ashley Cole",
        "substituted_in": true,
        "starting_lineup": true
      },
      {
        "number": "27",
        "name": "Emmanuel Eboué",
        "substituted_in": true,
        "starting_lineup": true
      },
      {
        "number": "19",
        "name": "Gilberto Silva",
        "substituted_in": true,
        "starting_lineup": true
      },
      {
        "number": "15",
        "name": "Cesc Fàbregas",
        "substituted_in": true,
        "starting_lineup": true
      },
      {
        "number": "8",
        "name": "Freddie Ljungberg",
        "substituted_in": true,
        "starting_lineup": true
      },
      {
        "number": "7",
        "name": "Robert Pirès",
        "substituted_in": true,
        "starting_lineup": true
      },
      {
        "number": "13",
        "name": "Aleksandr Hleb",
        "substituted_in": true,
        "starting_lineup": true
      },
      {
        "number": "14",
        "name": "Thierry Henry",
        "substituted_in": true,
        "starting_lineup": true
      },
      {
        "number": "24",
        "name": "Manuel Almunia",
        "substituted_in": true,
        "starting_lineup": false
      },
      {
        "number": "16",
        "name": "Mathieu Flamini",
        "substituted_in": true,
        "starting_lineup": false
      },
      {
        "number": "9",
        "name": "José Antonio Reyes",
        "substituted_in": true,
        "starting_lineup": false
      }
    ]
  },
  {
    "url": "https://www.transfermarkt.pl/racing-santander_fc-barcelona/aufstellung/spielbericht/36057",
    "match_id": "36057",
    "date": "niedz., 09.04.2006",
    "competition": "LALIGA",
    "matchday": "32. Kolejka",
    "home_team": "Racing Santander",
    "away_team": "FC Barcelona",
    "home_players": [
      {
        "number": "1",
        "name": "Dudu Aouate",
        "substituted_in": true,
        "starting_lineup": true
      },
      {
        "number": "3",
        "name": "Oriol Lozano",
        "substituted_in": true,
        "starting_lineup": true
      },
      {
        "number": "22",
        "name": "José Moratón",
        "substituted_in": true,
        "starting_lineup": true
      },
      {
        "number": "21",
        "name": "Ayoze Díaz",
        "substituted_in": true,
        "starting_lineup": true
      },
      {
        "number": "14",
        "name": "Pablo Pinillos",
        "substituted_in": true,
        "starting_lineup": true
      },
      {
        "number": "24",
        "name": "Sergio Matabuena",
        "substituted_in": true,
        "starting_lineup": true
      },
      {
        "number": "6",
        "name": "Vitolo",
        "substituted_in": true,
        "starting_lineup": true
      },
      {
        "number": "2",
        "name": "Damià Abella",
        "substituted_in": true,
        "starting_lineup": true
      },
      {
        "number": "11",
        "name": "Óscar Serrano",
        "substituted_in": true,
        "starting_lineup": true
      },
      {
        "number": "23",
        "name": "Felipe Melo",
        "substituted_in": true,
        "starting_lineup": true
      },
      {
        "number": "20",
        "name": "Antoñito",
        "substituted_in": true,
        "starting_lineup": true
      },
      {
        "number": "35",
        "name": "Antonio Tomás",
        "substituted_in": true,
        "starting_lineup": false
      },
      {
        "number": "27",
        "name": "Raúl Martín",
        "substituted_in": true,
        "starting_lineup": false
      },
      {
        "number": "15",
        "name": "Mauricio Pinilla",
        "substituted_in": true,
        "starting_lineup": false
      }
    ],
    "away_players": [
      {
        "number": "1",
        "name": "Víctor Valdés",
        "substituted_in": true,
        "starting_lineup": true
      },
      {
        "number": "5",
        "name": "Carles Puyol",
        "substituted_in": true,
        "starting_lineup": true
      },
      {
        "number": "26",
        "name": "Rodri",
        "substituted_in": true,
        "starting_lineup": true
      },
      {
        "number": "16",
        "name": "Sylvinho",
        "substituted_in": true,
        "starting_lineup": true
      },
      {
        "number": "2",
        "name": "Juliano Belletti",
        "substituted_in": true,
        "starting_lineup": true
      },
      {
        "number": "17",
        "name": "Mark van Bommel",
        "substituted_in": true,
        "starting_lineup": true
      },
      {
        "number": "24",
        "name": "Andrés Iniesta",
        "substituted_in": true,
        "starting_lineup": true
      },
      {
        "number": "20",
        "name": "Deco",
        "substituted_in": true,
        "starting_lineup": true
      },
      {
        "number": "7",
        "name": "Henrik Larsson",
        "substituted_in": true,
        "starting_lineup": true
      },
      {
        "number": "8",
        "name": "Ludovic Giuly",
        "substituted_in": true,
        "starting_lineup": true
      },
      {
        "number": "9",
        "name": "Samuel Eto'o",
        "substituted_in": true,
        "starting_lineup": true
      },
      {
        "number": "15",
        "name": "Edmílson",
        "substituted_in": true,
        "starting_lineup": false
      },
      {
        "number": "18",
        "name": "Gabri",
        "substituted_in": true,
        "starting_lineup": false
      },
      {
        "number": "11",
        "name": "Maxi López",
        "substituted_in": true,
        "starting_lineup": false
      }
    ]
  },
  {
    "url": "https://www.transfermarkt.pl/fc-barcelona_deportivo-alavés/aufstellung/spielbericht/36025",
    "match_id": "36025",
    "date": "niedz., 22.01.2006",
    "competition": "LALIGA",
    "matchday": "20. Kolejka",
    "home_team": "FC Barcelona",
    "away_team": "Deportivo Alavés",
    "home_players": [
      {
        "number": "1",
        "name": "Víctor Valdés",
        "substituted_in": true,
        "starting_lineup": true
      },
      {
        "number": "4",
        "name": "Rafa Márquez",
        "substituted_in": true,
        "starting_lineup": true
      },
      {
        "number": "5",
        "name": "Carles Puyol",
        "substituted_in": true,
        "starting_lineup": true
      },
      {
        "number": "16",
        "name": "Sylvinho",
        "substituted_in": true,
        "starting_lineup": true
      },
      {
        "number": "23",
        "name": "Oleguer",
        "substituted_in": true,
        "starting_lineup": true
      },
      {
        "number": "15",
        "name": "Edmílson",
        "substituted_in": true,
        "starting_lineup": true
      },
      {
        "number": "24",
        "name": "Andrés Iniesta",
        "substituted_in": true,
        "starting_lineup": true
      },
      {
        "number": "17",
        "name": "Mark van Bommel",
        "substituted_in": true,
        "starting_lineup": true
      },
      {
        "number": "10",
        "name": "Ronaldinho",
        "substituted_in": true,
        "starting_lineup": true
      },
      {
        "number": "8",
        "name": "Ludovic Giuly",
        "substituted_in": true,
        "starting_lineup": true
      },
      {
        "number": "7",
        "name": "Henrik Larsson",
        "substituted_in": true,
        "starting_lineup": true
      },
      {
        "number": "2",
        "name": "Juliano Belletti",
        "substituted_in": true,
        "starting_lineup": false
      },
      {
        "number": "30",
        "name": "Lionel Messi",
        "substituted_in": true,
        "starting_lineup": false
      },
      {
        "number": "11",
        "name": "Maxi López",
        "substituted_in": true,
        "starting_lineup": false
      }
    ],
    "away_players": [
      {
        "number": "-",
        "name": "Franco Costanzo",
        "substituted_in": true,
        "starting_lineup": true
      },
      {
        "number": "-",
        "name": "Josu Sarriegi",
        "substituted_in": true,
        "starting_lineup": true
      },
      {
        "number": "-",
        "name": "Juanito",
        "substituted_in": true,
        "starting_lineup": true
      },
      {
        "number": "-",
        "name": "David Coromina",
        "substituted_in": true,
        "starting_lineup": true
      },
      {
        "number": "-",
        "name": "Edu Alonso",
        "substituted_in": true,
        "starting_lineup": true
      },
      {
        "number": "-",
        "name": "Santiago Carpintero",
        "substituted_in": true,
        "starting_lineup": true
      },
      {
        "number": "-",
        "name": "Jandro Castro",
        "substituted_in": true,
        "starting_lineup": true
      },
      {
        "number": "-",
        "name": "Blagoy Georgiev",
        "substituted_in": true,
        "starting_lineup": true
      },
      {
        "number": "-",
        "name": "Nenê",
        "substituted_in": true,
        "starting_lineup": true
      },
      {
        "number": "-",
        "name": "John Aloisi",
        "substituted_in": true,
        "starting_lineup": true
      },
      {
        "number": "-",
        "name": "Rodolfo Bodipo",
        "substituted_in": true,
        "starting_lineup": true
      },
      {
        "number": "-",
        "name": "Élton",
        "substituted_in": true,
        "starting_lineup": false
      },
      {
        "number": "-",
        "name": "Rubén Navarro",
        "substituted_in": true,
        "starting_lineup": false
      }
    ]
  },
  {
    "url": "https://www.transfermarkt.pl/fc-barcelona_ac-milan/aufstellung/spielbericht/53457",
    "match_id": "53457",
    "date": "śr., 26.04.2006",
    "competition": "Unknown",
    "matchday": "Unknown",
    "home_team": "FC Barcelona",
    "away_team": "AC Milan",
    "home_players": [
      {
        "number": "1",
        "name": "Víctor Valdés",
        "substituted_in": true,
        "starting_lineup": true
      },
      {
        "number": "4",
        "name": "Rafa Márquez",
        "substituted_in": true,
        "starting_lineup": true
      },
      {
        "number": "5",
        "name": "Carles Puyol",
        "substituted_in": true,
        "starting_lineup": true
      },
      {
        "number": "12",
        "name": "Giovanni van Bronckhorst",
        "substituted_in": true,
        "starting_lineup": true
      },
      {
        "number": "2",
        "name": "Juliano Belletti",
        "substituted_in": true,
        "starting_lineup": true
      },
      {
        "number": "15",
        "name": "Edmílson",
        "substituted_in": true,
        "starting_lineup": true
      },
      {
        "number": "24",
        "name": "Andrés Iniesta",
        "substituted_in": true,
        "starting_lineup": true
      },
      {
        "number": "20",
        "name": "Deco",
        "substituted_in": true,
        "starting_lineup": true
      },
      {
        "number": "10",
        "name": "Ronaldinho",
        "substituted_in": true,
        "starting_lineup": true
      },
      {
        "number": "8",
        "name": "Ludovic Giuly",
        "substituted_in": true,
        "starting_lineup": true
      },
      {
        "number": "9",
        "name": "Samuel Eto'o",
        "substituted_in": true,
        "starting_lineup": true
      },
      {
        "number": "17",
        "name": "Mark van Bommel",
        "substituted_in": true,
        "starting_lineup": false
      },
      {
        "number": "7",
        "name": "Henrik Larsson",
        "substituted_in": true,
        "starting_lineup": false
      }
    ],
    "away_players": [
      {
        "number": "1",
        "name": "Dida",
        "substituted_in": true,
        "starting_lineup": true
      },
      {
        "number": "4",
        "name": "Kakhaber Kaladze",
        "substituted_in": true,
        "starting_lineup": true
      },
      {
        "number": "5",
        "name": "Alessandro Costacurta",
        "substituted_in": true,
        "starting_lineup": true
      },
      {
        "number": "27",
        "name": "Serginho",
        "substituted_in": true,
        "starting_lineup": true
      },
      {
        "number": "31",
        "name": "Jaap Stam",
        "substituted_in": true,
        "starting_lineup": true
      },
      {
        "number": "21",
        "name": "Andrea Pirlo",
        "substituted_in": true,
        "starting_lineup": true
      },
      {
        "number": "8",
        "name": "Gennaro Gattuso",
        "substituted_in": true,
        "starting_lineup": true
      },
      {
        "number": "20",
        "name": "Clarence Seedorf",
        "substituted_in": true,
        "starting_lineup": true
      },
      {
        "number": "22",
        "name": "Kaká",
        "substituted_in": true,
        "starting_lineup": true
      },
      {
        "number": "7",
        "name": "Andriy Shevchenko",
        "substituted_in": true,
        "starting_lineup": true
      },
      {
        "number": "9",
        "name": "Filippo Inzaghi",
        "substituted_in": true,
        "starting_lineup": true
      },
      {
        "number": "2",
        "name": "Cafu",
        "substituted_in": true,
        "starting_lineup": false
      },
      {
        "number": "10",
        "name": "Rui Costa",
        "substituted_in": true,
        "starting_lineup": false
      },
      {
        "number": "11",
        "name": "Alberto Gilardino",
        "substituted_in": true,
        "starting_lineup": false
      }
    ]
  },
  {
    "url": "https://www.transfermarkt.pl/fc-barcelona_valencia-cf/aufstellung/spielbericht/35975",
    "match_id": "35975",
    "date": "śr., 21.09.2005",
    "competition": "LALIGA",
    "matchday": "4. Kolejka",
    "home_team": "FC Barcelona",
    "away_team": "Valencia CF",
    "home_players": [
      {
        "number": "1",
        "name": "Víctor Valdés",
        "substituted_in": true,
        "starting_lineup": true
      },
      {
        "number": "4",
        "name": "Rafa Márquez",
        "substituted_in": true,
        "starting_lineup": true
      },
      {
        "number": "5",
        "name": "Carles Puyol",
        "substituted_in": true,
        "starting_lineup": true
      },
      {
        "number": "12",
        "name": "Giovanni van Bronckhorst",
        "substituted_in": true,
        "starting_lineup": true
      },
      {
        "number": "23",
        "name": "Oleguer",
        "substituted_in": true,
        "starting_lineup": true
      },
      {
        "number": "15",
        "name": "Edmílson",
        "substituted_in": true,
        "starting_lineup": true
      },
      {
        "number": "6",
        "name": "Xavi",
        "substituted_in": true,
        "starting_lineup": true
      },
      {
        "number": "20",
        "name": "Deco",
        "substituted_in": true,
        "starting_lineup": true
      },
      {
        "number": "10",
        "name": "Ronaldinho",
        "substituted_in": true,
        "starting_lineup": true
      },
      {
        "number": "8",
        "name": "Ludovic Giuly",
        "substituted_in": true,
        "starting_lineup": true
      },
      {
        "number": "9",
        "name": "Samuel Eto'o",
        "substituted_in": true,
        "starting_lineup": true
      },
      {
        "number": "2",
        "name": "Juliano Belletti",
        "substituted_in": true,
        "starting_lineup": false
      },
      {
        "number": "24",
        "name": "Andrés Iniesta",
        "substituted_in": true,
        "starting_lineup": false
      }
    ],
    "away_players": [
      {
        "number": "1",
        "name": "Santiago Cañizares",
        "substituted_in": true,
        "starting_lineup": true
      },
      {
        "number": "4",
        "name": "Roberto Ayala",
        "substituted_in": true,
        "starting_lineup": true
      },
      {
        "number": "5",
        "name": "Carlos Marchena",
        "substituted_in": true,
        "starting_lineup": true
      },
      {
        "number": "24",
        "name": "Emiliano Moretti",
        "substituted_in": true,
        "starting_lineup": true
      },
      {
        "number": "12",
        "name": "Marco Caneira",
        "substituted_in": true,
        "starting_lineup": true
      },
      {
        "number": "6",
        "name": "David Albelda",
        "substituted_in": true,
        "starting_lineup": true
      },
      {
        "number": "3",
        "name": "Fábio Aurélio",
        "substituted_in": true,
        "starting_lineup": true
      },
      {
        "number": "21",
        "name": "Pablo Aimar",
        "substituted_in": true,
        "starting_lineup": true
      },
      {
        "number": "14",
        "name": "Vicente",
        "substituted_in": true,
        "starting_lineup": true
      },
      {
        "number": "19",
        "name": "Francisco Rufete",
        "substituted_in": true,
        "starting_lineup": true
      },
      {
        "number": "7",
        "name": "David Villa",
        "substituted_in": true,
        "starting_lineup": true
      },
      {
        "number": "16",
        "name": "Hugo Viana",
        "substituted_in": true,
        "starting_lineup": false
      },
      {
        "number": "20",
        "name": "Mista",
        "substituted_in": true,
        "starting_lineup": false
      },
      {
        "number": "22",
        "name": "Marco Di Vaio",
        "substituted_in": true,
        "starting_lineup": false
      }
    ]
  },
  {
    "url": "https://www.transfermarkt.pl/fc-barcelona_deportivo-de-la-coruña/aufstellung/spielbericht/36046",
    "match_id": "36046",
    "date": "niedz., 05.03.2006",
    "competition": "LALIGA",
    "matchday": "26. Kolejka",
    "home_team": "FC Barcelona",
    "away_team": "Deportivo de La Coruña",
    "home_players": [
      {
        "number": "1",
        "name": "Víctor Valdés",
        "substituted_in": true,
        "starting_lineup": true
      },
      {
        "number": "4",
        "name": "Rafa Márquez",
        "substituted_in": true,
        "starting_lineup": true
      },
      {
        "number": "5",
        "name": "Carles Puyol",
        "substituted_in": true,
        "starting_lineup": true
      },
      {
        "number": "16",
        "name": "Sylvinho",
        "substituted_in": true,
        "starting_lineup": true
      },
      {
        "number": "2",
        "name": "Juliano Belletti",
        "substituted_in": true,
        "starting_lineup": true
      },
      {
        "number": "15",
        "name": "Edmílson",
        "substituted_in": true,
        "starting_lineup": true
      },
      {
        "number": "24",
        "name": "Andrés Iniesta",
        "substituted_in": true,
        "starting_lineup": true
      },
      {
        "number": "20",
        "name": "Deco",
        "substituted_in": true,
        "starting_lineup": true
      },
      {
        "number": "10",
        "name": "Ronaldinho",
        "substituted_in": true,
        "starting_lineup": true
      },
      {
        "number": "7",
        "name": "Henrik Larsson",
        "substituted_in": true,
        "starting_lineup": true
      },
      {
        "number": "9",
        "name": "Samuel Eto'o",
        "substituted_in": true,
        "starting_lineup": true
      },
      {
        "number": "23",
        "name": "Oleguer",
        "substituted_in": true,
        "starting_lineup": false
      },
      {
        "number": "17",
        "name": "Mark van Bommel",
        "substituted_in": true,
        "starting_lineup": false
      },
      {
        "number": "8",
        "name": "Ludovic Giuly",
        "substituted_in": true,
        "starting_lineup": false
      }
    ],
    "away_players": [
      {
        "number": "1",
        "name": "José Francisco Molina",
        "substituted_in": true,
        "starting_lineup": true
      },
      {
        "number": "22",
        "name": "Juanma Delgado",
        "substituted_in": true,
        "starting_lineup": true
      },
      {
        "number": "14",
        "name": "Jorge Andrade",
        "substituted_in": true,
        "starting_lineup": true
      },
      {
        "number": "15",
        "name": "Joan Capdevila",
        "substituted_in": true,
        "starting_lineup": true
      },
      {
        "number": "2",
        "name": "Manuel Pablo",
        "substituted_in": true,
        "starting_lineup": true
      },
      {
        "number": "4",
        "name": "Aldo Duscher",
        "substituted_in": true,
        "starting_lineup": true
      },
      {
        "number": "8",
        "name": "Sergio",
        "substituted_in": true,
        "starting_lineup": true
      },
      {
        "number": "3",
        "name": "Enrique Romero",
        "substituted_in": true,
        "starting_lineup": true
      },
      {
        "number": "18",
        "name": "Víctor Sánchez",
        "substituted_in": true,
        "starting_lineup": true
      },
      {
        "number": "11",
        "name": "Pedro Munitis",
        "substituted_in": true,
        "starting_lineup": true
      },
      {
        "number": "10",
        "name": "Javier Arizmendi",
        "substituted_in": true,
        "starting_lineup": true
      },
      {
        "number": "5",
        "name": "César Martín",
        "substituted_in": true,
        "starting_lineup": false
      },
      {
        "number": "6",
        "name": "Julian de Guzmán",
        "substituted_in": true,
        "starting_lineup": false
      },
      {
        "number": "9",
        "name": "Diego Tristán",
        "substituted_in": true,
        "starting_lineup": false
      }
    ]
  },
  {
    "url": "https://www.transfermarkt.pl/fc-barcelona_getafe-cf/aufstellung/spielbericht/37333",
    "match_id": "37333",
    "date": "śr., 22.03.2006",
    "competition": "LALIGA",
    "matchday": "29. Kolejka",
    "home_team": "FC Barcelona",
    "away_team": "Getafe CF",
    "home_players": [
      {
        "number": "1",
        "name": "Víctor Valdés",
        "substituted_in": true,
        "starting_lineup": true
      },
      {
        "number": "5",
        "name": "Carles Puyol",
        "substituted_in": true,
        "starting_lineup": true
      },
      {
        "number": "23",
        "name": "Oleguer",
        "substituted_in": true,
        "starting_lineup": true
      },
      {
        "number": "12",
        "name": "Giovanni van Bronckhorst",
        "substituted_in": true,
        "starting_lineup": true
      },
      {
        "number": "2",
        "name": "Juliano Belletti",
        "substituted_in": true,
        "starting_lineup": true
      },
      {
        "number": "3",
        "name": "Thiago Motta",
        "substituted_in": true,
        "starting_lineup": true
      },
      {
        "number": "17",
        "name": "Mark van Bommel",
        "substituted_in": true,
        "starting_lineup": true
      },
      {
        "number": "20",
        "name": "Deco",
        "substituted_in": true,
        "starting_lineup": true
      },
      {
        "number": "10",
        "name": "Ronaldinho",
        "substituted_in": true,
        "starting_lineup": true
      },
      {
        "number": "8",
        "name": "Ludovic Giuly",
        "substituted_in": true,
        "starting_lineup": true
      },
      {
        "number": "9",
        "name": "Samuel Eto'o",
        "substituted_in": true,
        "starting_lineup": true
      },
      {
        "number": "26",
        "name": "Rodri",
        "substituted_in": true,
        "starting_lineup": false
      },
      {
        "number": "16",
        "name": "Sylvinho",
        "substituted_in": true,
        "starting_lineup": false
      },
      {
        "number": "24",
        "name": "Andrés Iniesta",
        "substituted_in": true,
        "starting_lineup": false
      }
    ],
    "away_players": [
      {
        "number": "-",
        "name": "Luis García",
        "substituted_in": true,
        "starting_lineup": true
      },
      {
        "number": "-",
        "name": "Aníbal Matellán",
        "substituted_in": true,
        "starting_lineup": true
      },
      {
        "number": "-",
        "name": "Rubén Pulido",
        "substituted_in": true,
        "starting_lineup": true
      },
      {
        "number": "-",
        "name": "Mariano Pernía",
        "substituted_in": true,
        "starting_lineup": true
      },
      {
        "number": "-",
        "name": "Cosmin Contra",
        "substituted_in": true,
        "starting_lineup": true
      },
      {
        "number": "-",
        "name": "Diego Rivas",
        "substituted_in": true,
        "starting_lineup": true
      },
      {
        "number": "-",
        "name": "Alberto Aguilar",
        "substituted_in": true,
        "starting_lineup": true
      },
      {
        "number": "-",
        "name": "Ángel Vivar Dorado",
        "substituted_in": true,
        "starting_lineup": true
      },
      {
        "number": "-",
        "name": "Mario Cotelo",
        "substituted_in": true,
        "starting_lineup": true
      },
      {
        "number": "-",
        "name": "Nano",
        "substituted_in": true,
        "starting_lineup": true
      },
      {
        "number": "-",
        "name": "Veljko Paunovic",
        "substituted_in": true,
        "starting_lineup": true
      },
      {
        "number": "-",
        "name": "Javier Paredes",
        "substituted_in": true,
        "starting_lineup": false
      },
      {
        "number": "-",
        "name": "Riki",
        "substituted_in": true,
        "starting_lineup": false
      },
      {
        "number": "-",
        "name": "Sergio Pachón",
        "substituted_in": true,
        "starting_lineup": false
      }
    ]
  },
  {
    "url": "https://www.transfermarkt.pl/fc-barcelona_rcd-espanyol/aufstellung/spielbericht/36071",
    "match_id": "36071",
    "date": "niedz., 07.05.2006",
    "competition": "LALIGA",
    "matchday": "37. Kolejka",
    "home_team": "FC Barcelona",
    "away_team": "RCD Espanyol",
    "home_players": [
      {
        "number": "25",
        "name": "Albert Jorquera",
        "substituted_in": true,
        "starting_lineup": true
      },
      {
        "number": "5",
        "name": "Carles Puyol",
        "substituted_in": true,
        "starting_lineup": true
      },
      {
        "number": "23",
        "name": "Oleguer",
        "substituted_in": true,
        "starting_lineup": true
      },
      {
        "number": "16",
        "name": "Sylvinho",
        "substituted_in": true,
        "starting_lineup": true
      },
      {
        "number": "2",
        "name": "Juliano Belletti",
        "substituted_in": true,
        "starting_lineup": true
      },
      {
        "number": "15",
        "name": "Edmílson",
        "substituted_in": true,
        "starting_lineup": true
      },
      {
        "number": "6",
        "name": "Xavi",
        "substituted_in": true,
        "starting_lineup": true
      },
      {
        "number": "20",
        "name": "Deco",
        "substituted_in": true,
        "starting_lineup": true
      },
      {
        "number": "10",
        "name": "Ronaldinho",
        "substituted_in": true,
        "starting_lineup": true
      },
      {
        "number": "7",
        "name": "Henrik Larsson",
        "substituted_in": true,
        "starting_lineup": true
      },
      {
        "number": "9",
        "name": "Samuel Eto'o",
        "substituted_in": true,
        "starting_lineup": true
      },
      {
        "number": "18",
        "name": "Gabri",
        "substituted_in": true,
        "starting_lineup": false
      },
      {
        "number": "8",
        "name": "Ludovic Giuly",
        "substituted_in": true,
        "starting_lineup": false
      },
      {
        "number": "14",
        "name": "Santiago Ezquerro",
        "substituted_in": true,
        "starting_lineup": false
      }
    ],
    "away_players": [
      {
        "number": "1",
        "name": "Gorka Iraizoz",
        "substituted_in": true,
        "starting_lineup": true
      },
      {
        "number": "4",
        "name": "Alberto Lopo",
        "substituted_in": true,
        "starting_lineup": true
      },
      {
        "number": "21",
        "name": "Dani Jarque",
        "substituted_in": true,
        "starting_lineup": true
      },
      {
        "number": "3",
        "name": "David García",
        "substituted_in": true,
        "starting_lineup": true
      },
      {
        "number": "27",
        "name": "Sergio Sánchez",
        "substituted_in": true,
        "starting_lineup": true
      },
      {
        "number": "19",
        "name": "Pablo Zabaleta",
        "substituted_in": true,
        "starting_lineup": true
      },
      {
        "number": "6",
        "name": "Eduardo Costa",
        "substituted_in": true,
        "starting_lineup": true
      },
      {
        "number": "17",
        "name": "Juanfran Torres",
        "substituted_in": true,
        "starting_lineup": true
      },
      {
        "number": "18",
        "name": "Didier Domi",
        "substituted_in": true,
        "starting_lineup": true
      },
      {
        "number": "10",
        "name": "Luis García",
        "substituted_in": true,
        "starting_lineup": true
      },
      {
        "number": "23",
        "name": "Raúl Tamudo",
        "substituted_in": true,
        "starting_lineup": true
      },
      {
        "number": "22",
        "name": "Moisés Hurtado",
        "substituted_in": true,
        "starting_lineup": false
      },
      {
        "number": "11",
        "name": "Jofre Mateu",
        "substituted_in": true,
        "starting_lineup": false
      },
      {
        "number": "7",
        "name": "Walter Pandiani",
        "substituted_in": true,
        "starting_lineup": false
      }
    ]
  },
  {
    "url": "https://www.transfermarkt.pl/fc-barcelona_real-betis-balompié/aufstellung/spielbericht/1097469",
    "match_id": "1097469",
    "date": "sob., 20.08.2005",
    "competition": "Unknown",
    "matchday": "Unknown",
    "home_team": "FC Barcelona",
    "away_team": "Real Betis Balompié",
    "home_players": [
      {
        "number": "1",
        "name": "Víctor Valdés",
        "substituted_in": true,
        "starting_lineup": true
      },
      {
        "number": "5",
        "name": "Carles Puyol",
        "substituted_in": true,
        "starting_lineup": true
      },
      {
        "number": "23",
        "name": "Oleguer",
        "substituted_in": true,
        "starting_lineup": true
      },
      {
        "number": "16",
        "name": "Sylvinho",
        "substituted_in": true,
        "starting_lineup": true
      },
      {
        "number": "2",
        "name": "Juliano Belletti",
        "substituted_in": true,
        "starting_lineup": true
      },
      {
        "number": "15",
        "name": "Edmílson",
        "substituted_in": true,
        "starting_lineup": true
      },
      {
        "number": "6",
        "name": "Xavi",
        "substituted_in": true,
        "starting_lineup": true
      },
      {
        "number": "20",
        "name": "Deco",
        "substituted_in": true,
        "starting_lineup": true
      },
      {
        "number": "10",
        "name": "Ronaldinho",
        "substituted_in": true,
        "starting_lineup": true
      },
      {
        "number": "8",
        "name": "Ludovic Giuly",
        "substituted_in": true,
        "starting_lineup": true
      },
      {
        "number": "9",
        "name": "Samuel Eto'o",
        "substituted_in": true,
        "starting_lineup": true
      },
      {
        "number": "4",
        "name": "Rafa Márquez",
        "substituted_in": true,
        "starting_lineup": false
      },
      {
        "number": "18",
        "name": "Gabri",
        "substituted_in": true,
        "starting_lineup": false
      },
      {
        "number": "7",
        "name": "Henrik Larsson",
        "substituted_in": true,
        "starting_lineup": false
      }
    ],
    "away_players": [
      {
        "number": "-",
        "name": "Pedro Contreras",
        "substituted_in": true,
        "starting_lineup": true
      },
      {
        "number": "-",
        "name": "Nano Rivas",
        "substituted_in": true,
        "starting_lineup": true
      },
      {
        "number": "-",
        "name": "Melli",
        "substituted_in": true,
        "starting_lineup": true
      },
      {
        "number": "-",
        "name": "Paolo Castellini",
        "substituted_in": true,
        "starting_lineup": true
      },
      {
        "number": "-",
        "name": "Óscar López",
        "substituted_in": true,
        "starting_lineup": true
      },
      {
        "number": "-",
        "name": "Arzu",
        "substituted_in": true,
        "starting_lineup": true
      },
      {
        "number": "-",
        "name": "Miguel Ángel",
        "substituted_in": true,
        "starting_lineup": true
      },
      {
        "number": "-",
        "name": "Fernando Varela",
        "substituted_in": true,
        "starting_lineup": true
      },
      {
        "number": "-",
        "name": "Fernando",
        "substituted_in": true,
        "starting_lineup": true
      },
      {
        "number": "-",
        "name": "Xisco Muñoz",
        "substituted_in": true,
        "starting_lineup": true
      },
      {
        "number": "-",
        "name": "Dani",
        "substituted_in": true,
        "starting_lineup": true
      },
      {
        "number": "-",
        "name": "Alejandro Lembo",
        "substituted_in": true,
        "starting_lineup": false
      },
      {
        "number": "-",
        "name": "Alberto Rivera",
        "substituted_in": true,
        "starting_lineup": false
      },
      {
        "number": "-",
        "name": "Israel Bascón",
        "substituted_in": true,
        "starting_lineup": false
      }
    ]
  }
]