[
  {
    "url": "https://www.transfermarkt.pl/fc-barcelona_real-zaragoza/aufstellung/spielbericht/2421924",
    "match_id": "2421924",
    "date": "śr., 01.02.2006",
    "competition": "Unknown",
    "matchday": "Unknown",
    "home_team": "FC Barcelona",
    "away_team": "Real Zaragoza",
    "home_players": [
      {
        "number": "25",
        "name": "Albert Jorquera",
        "substituted_in": true,
        "starting_lineup": true
      },
      {
        "number": "4",
        "name": "Rafa Márquez",
        "substituted_in": true,
        "starting_lineup": true
      },
      {
        "number": "5",
        "name": "Carles Puyol",
        "substituted_in": true,
        "starting_lineup": true
      },
      {
        "number": "12",
        "name": "Giovanni van Bronckhorst",
        "substituted_in": true,
        "starting_lineup": true
      },
      {
        "number": "23",
        "name": "Oleguer",
        "substituted_in": true,
        "starting_lineup": true
      },
      {
        "number": "15",
        "name": "Edmílson",
        "substituted_in": true,
        "starting_lineup": true
      },
      {
        "number": "24",
        "name": "Andrés Iniesta",
        "substituted_in": true,
        "starting_lineup": true
      },
      {
        "number": "20",
        "name": "Deco",
        "substituted_in": true,
        "starting_lineup": true
      },
      {
        "number": "10",
        "name": "Ronaldinho",
        "substituted_in": true,
        "starting_lineup": true
      },
      {
        "number": "8",
        "name": "Ludovic Giuly",
        "substituted_in": true,
        "starting_lineup": true
      },
      {
        "number": "30",
        "name": "Lionel Messi",
        "substituted_in": true,
        "starting_lineup": true
      },
      {
        "number": "16",
        "name": "Sylvinho",
        "substituted_in": true,
        "starting_lineup": false
      },
      {
        "number": "17",
        "name": "Mark van Bommel",
        "substituted_in": true,
        "starting_lineup": false
      },
      {
        "number": "7",
        "name": "Henrik Larsson",
        "substituted_in": true,
        "starting_lineup": false
      }
    ],
    "away_players": [
      {
        "number": "-",
        "name": "César Sánchez",
        "substituted_in": true,
        "starting_lineup": true
      },
      {
        "number": "-",
        "name": "Gabriel Milito",
        "substituted_in": true,
        "starting_lineup": true
      },
      {
        "number": "-",
        "name": "Álvaro",
        "substituted_in": true,
        "starting_lineup": true
      },
      {
        "number": "-",
        "name": "Delio Toledo",
        "substituted_in": true,
        "starting_lineup": true
      },
      {
        "number": "-",
        "name": "Leonardo Ponzio",
        "substituted_in": true,
        "starting_lineup": true
      },
      {
        "number": "-",
        "name": "Albert Celades",
        "substituted_in": true,
        "starting_lineup": true
      },
      {
        "number": "-",
        "name": "Alberto Zapater",
        "substituted_in": true,
        "starting_lineup": true
      },
      {
        "number": "-",
        "name": "Óscar González",
        "substituted_in": true,
        "starting_lineup": true
      },
      {
        "number": "-",
        "name": "Cani",
        "substituted_in": true,
        "starting_lineup": true
      },
      {
        "number": "-",
        "name": "Ewerthon",
        "substituted_in": true,
        "starting_lineup": true
      },
      {
        "number": "-",
        "name": "Diego Milito",
        "substituted_in": true,
        "starting_lineup": true
      },
      {
        "number": "-",
        "name": "Carlos Cuartero",
        "substituted_in": true,
        "starting_lineup": false
      },
      {
        "number": "-",
        "name": "José María Movilla",
        "substituted_in": true,
        "starting_lineup": false
      },
      {
        "number": "-",
        "name": "David Generelo",
        "substituted_in": true,
        "starting_lineup": false
      }
    ]
  },
  {
    "url": "https://www.transfermarkt.pl/fc-barcelona_fc-arsenal/aufstellung/spielbericht/53463",
    "match_id": "53463",
    "date": "śr., 17.05.2006",
    "competition": "Unknown",
    "matchday": "Unknown",
    "home_team": "FC Barcelona",
    "away_team": "FC Arsenal",
    "home_players": [
      {
        "number": "1",
        "name": "Víctor Valdés",
        "substituted_in": true,
        "starting_lineup": true
      },
      {
        "number": "4",
        "name": "Rafa Márquez",
        "substituted_in": true,
        "starting_lineup": true
      },
      {
        "number": "5",
        "name": "Carles Puyol",
        "substituted_in": true,
        "starting_lineup": true
      },
      {
        "number": "12",
        "name": "Giovanni van Bronckhorst",
        "substituted_in": true,
        "starting_lineup": true
      },
      {
        "number": "23",
        "name": "Oleguer",
        "substituted_in": true,
        "starting_lineup": true
      },
      {
        "number": "15",
        "name": "Edmílson",
        "substituted_in": true,
        "starting_lineup": true
      },
      {
        "number": "17",
        "name": "Mark van Bommel",
        "substituted_in": true,
        "starting_lineup": true
      },
      {
        "number": "20",
        "name": "Deco",
        "substituted_in": true,
        "starting_lineup": true
      },
      {
        "number": "10",
        "name": "Ronaldinho",
        "substituted_in": true,
        "starting_lineup": true
      },
      {
        "number": "8",
        "name": "Ludovic Giuly",
        "substituted_in": true,
        "starting_lineup": true
      },
      {
        "number": "9",
        "name": "Samuel Eto'o",
        "substituted_in": true,
        "starting_lineup": true
      },
      {
        "number": "2",
        "name": "Juliano Belletti",
        "substituted_in": true,
        "starting_lineup": false
      },
      {
        "number": "24",
        "name": "Andrés Iniesta",
        "substituted_in": true,
        "starting_lineup": false
      },
      {
        "number": "7",
        "name": "Henrik Larsson",
        "substituted_in": true,
        "starting_lineup": false
      }
    ],
    "away_players": [
      {
        "number": "1",
        "name": "Jens Lehmann",
        "substituted_in": true,
        "starting_lineup": true
      },
      {
        "number": "23",
        "name": "Sol Campbell",
        "substituted_in": true,
        "starting_lineup": true
      },
      {
        "number": "28",
        "name": "Kolo Touré",
        "substituted_in": true,
        "starting_lineup": true
      },
      {
        "number": "3",
        "name": "Ashley Cole",
        "substituted_in": true,
        "starting_lineup": true
      },
      {
        "number": "27",
        "name": "Emmanuel Eboué",
        "substituted_in": true,
        "starting_lineup": true
      },
      {
        "number": "19",
        "name": "Gilberto Silva",
        "substituted_in": true,
        "starting_lineup": true
      },
      {
        "number": "15",
        "name": "Cesc Fàbregas",
        "substituted_in": true,
        "starting_lineup": true
      },
      {
        "number": "8",
        "name": "Freddie Ljungberg",
        "substituted_in": true,
        "starting_lineup": true
      },
      {
        "number": "7",
        "name": "Robert Pirès",
        "substituted_in": true,
        "starting_lineup": true
      },
      {
        "number": "13",
        "name": "Aleksandr Hleb",
        "substituted_in": true,
        "starting_lineup": true
      },
      {
        "number": "14",
        "name": "Thierry Henry",
        "substituted_in": true,
        "starting_lineup": true
      },
      {
        "number": "24",
        "name": "Manuel Almunia",
        "substituted_in": true,
        "starting_lineup": false
      },
      {
        "number": "16",
        "name": "Mathieu Flamini",
        "substituted_in": true,
        "starting_lineup": false
      },
      {
        "number": "9",
        "name": "José Antonio Reyes",
        "substituted_in": true,
        "starting_lineup": false
      }
    ]
  },
  {
    "url": "https://www.transfermarkt.pl/racing-santander_fc-barcelona/aufstellung/spielbericht/36057",
    "match_id": "36057",
    "date": "niedz., 09.04.2006",
    "competition": "LALIGA",
    "matchday": "32. Kolejka",
    "home_team": "Racing Santander",
    "away_team": "FC Barcelona",
    "home_players": [
      {
        "number": "1",
        "name": "Dudu Aouate",
        "substituted_in": true,
        "starting_lineup": true
      },
      {
        "number": "3",
        "name": "Oriol Lozano",
        "substituted_in": true,
        "starting_lineup": true
      },
      {
        "number": "22",
        "name": "José Moratón",
        "substituted_in": true,
        "starting_lineup": true
      },
      {
        "number": "21",
        "name": "Ayoze Díaz",
        "substituted_in": true,
        "starting_lineup": true
      },
      {
        "number": "14",
        "name": "Pablo Pinillos",
        "substituted_in": true,
        "starting_lineup": true
      },
      {
        "number": "24",
        "name": "Sergio Matabuena",
        "substituted_in": true,
        "starting_lineup": true
      },
      {
        "number": "6",
        "name": "Vitolo",
        "substituted_in": true,
        "starting_lineup": true
      },
      {
        "number": "2",
        "name": "Damià Abella",
        "substituted_in": true,
        "starting_lineup": true
      },
      {
        "number": "11",
        "name": "Óscar Serrano",
        "substituted_in": true,
        "starting_lineup": true
      },
      {
        "number": "23",
        "name": "Felipe Melo",
        "substituted_in": true,
        "starting_lineup": true
      },
      {
        "number": "20",
        "name": "Antoñito",
        "substituted_in": true,
        "starting_lineup": true
      },
      {
        "number": "35",
        "name": "Antonio Tomás",
        "substituted_in": true,
        "starting_lineup": false
      },
      {
        "number": "27",
        "name": "Raúl Martín",
        "substituted_in": true,
        "starting_lineup": false
      },
      {
        "number": "15",
        "name": "Mauricio Pinilla",
        "substituted_in": true,
        "starting_lineup": false
      }
    ],
    "away_players": [
      {
        "number": "1",
        "name": "Víctor Valdés",
        "substituted_in": true,
        "starting_lineup": true
      },
      {
        "number": "5",
        "name": "Carles Puyol",
        "substituted_in": true,
        "starting_lineup": true
      },
      {
        "number": "26",
        "name": "Rodri",
        "substituted_in": true,
        "starting_lineup": true
      },
      {
        "number": "16",
        "name": "Sylvinho",
        "substituted_in": true,
        "starting_lineup": true
      },
      {
        "number": "2",
        "name": "Juliano Belletti",
        "substituted_in": true,
        "starting_lineup": true
      },
      {
        "number": "17",
        "name": "Mark van Bommel",
        "substituted_in": true,
        "starting_lineup": true
      },
      {
        "number": "24",
        "name": "Andrés Iniesta",
        "substituted_in": true,
        "starting_lineup": true
      },
      {
        "number": "20",
        "name": "Deco",
        "substituted_in": true,
        "starting_lineup": true
      },
      {
        "number": "7",
        "name": "Henrik Larsson",
        "substituted_in": true,
        "starting_lineup": true
      },
      {
        "number": "8",
        "name": "Ludovic Giuly",
        "substituted_in": true,
        "starting_lineup": true
      },
      {
        "number": "9",
        "name": "Samuel Eto'o",
        "substituted_in": true,
        "starting_lineup": true
      },
      {
        "number": "15",
        "name": "Edmílson",
        "substituted_in": true,
        "starting_lineup": false
      },
      {
        "number": "18",
        "name": "Gabri",
        "substituted_in": true,
        "starting_lineup": false
      },
      {
        "number": "11",
        "name": "Maxi López",
        "substituted_in": true,
        "starting_lineup": false
      }
    ]
  },
  {
    "url": "https://www.transfermarkt.pl/fc-barcelona_deportivo-alavés/aufstellung/spielbericht/36025",
    "match_id": "36025",
    "date": "niedz., 22.01.2006",
    "competition": "LALIGA",
    "matchday": "20. Kolejka",
    "home_team": "FC Barcelona",
    "away_team": "Deportivo Alavés",
    "home_players": [
      {
        "number": "1",
        "name": "Víctor Valdés",
        "substituted_in": true,
        "starting_lineup": true
      },
      {
        "number": "4",
        "name": "Rafa Márquez",
        "substituted_in": true,
        "starting_lineup": true
      },
      {
        "number": "5",
        "name": "Carles Puyol",
        "substituted_in": true,
        "starting_lineup": true
      },
      {
        "number": "16",
        "name": "Sylvinho",
        "substituted_in": true,
        "starting_lineup": true
      },
      {
        "number": "23",
        "name": "Oleguer",
        "substituted_in": true,
        "starting_lineup": true
      },
      {
        "number": "15",
        "name": "Edmílson",
        "substituted_in": true,
        "starting_lineup": true
      },
      {
        "number": "24",
        "name": "Andrés Iniesta",
        "substituted_in": true,
        "starting_lineup": true
      },
      {
        "number": "17",
        "name": "Mark van Bommel",
        "substituted_in": true,
        "starting_lineup": true
      },
      {
        "number": "10",
        "name": "Ronaldinho",
        "substituted_in": true,
        "starting_lineup": true
      },
      {
        "number": "8",
        "name": "Ludovic Giuly",
        "substituted_in": true,
        "starting_lineup": true
      },
      {
        "number": "7",
        "name": "Henrik Larsson",
        "substituted_in": true,
        "starting_lineup": true
      },
      {
        "number": "2",
        "name": "Juliano Belletti",
        "substituted_in": true,
        "starting_lineup": false
      },
      {
        "number": "30",
        "name": "Lionel Messi",
        "substituted_in": true,
        "starting_lineup": false
      },
      {
        "number": "11",
        "name": "Maxi López",
        "substituted_in": true,
        "starting_lineup": false
      }
    ],
    "away_players": [
      {
        "number": "-",
        "name": "Franco Costanzo",
        "substituted_in": true,
        "starting_lineup": true
      },
      {
        "number": "-",
        "name": "Josu Sarriegi",
        "substituted_in": true,
        "starting_lineup": true
      },
      {
        "number": "-",
        "name": "Juanito",
        "substituted_in": true,
        "starting_lineup": true
      },
      {
        "number": "-",
        "name": "David Coromina",
        "substituted_in": true,
        "starting_lineup": true
      },
      {
        "number": "-",
        "name": "Edu Alonso",
        "substituted_in": true,
        "starting_lineup": true
      },
      {
        "number": "-",
        "name": "Santiago Carpintero",
        "substituted_in": true,
        "starting_lineup": true
      },
      {
        "number": "-",
        "name": "Jandro Castro",
        "substituted_in": true,
        "starting_lineup": true
      },
      {
        "number": "-",
        "name": "Blagoy Georgiev",
        "substituted_in": true,
        "starting_lineup": true
      },
      {
        "number": "-",
        "name": "Nenê",
        "substituted_in": true,
        "starting_lineup": true
      },
      {
        "number": "-",
        "name": "John Aloisi",
        "substituted_in": true,
        "starting_lineup": true
      },
      {
        "number": "-",
        "name": "Rodolfo Bodipo",
        "substituted_in": true,
        "starting_lineup": true
      },
      {
        "number": "-",
        "name": "Élton",
        "substituted_in": true,
        "starting_lineup": false
      },
      {
        "number": "-",
        "name": "Rubén Navarro",
        "substituted_in": true,
        "starting_lineup": false
      }
    ]
  },
  {
    "url": "https://www.transfermarkt.pl/fc-barcelona_ac-milan/aufstellung/spielbericht/53457",
    "match_id": "53457",
    "date": "śr., 26.04.2006",
    "competition": "Unknown",
    "matchday": "Unknown",
    "home_team": "FC Barcelona",
    "away_team": "AC Milan",
    "home_players": [
      {
        "number": "1",
        "name": "Víctor Valdés",
        "substituted_in": true,
        "starting_lineup": true
      },
      {
        "number": "4",
        "name": "Rafa Márquez",
        "substituted_in": true,
        "starting_lineup": true
      },
      {
        "number": "5",
        "name": "Carles Puyol",
        "substituted_in": true,
        "starting_lineup": true
      },
      {
        "number": "12",
        "name": "Giovanni van Bronckhorst",
        "substituted_in": true,
        "starting_lineup": true
      },
      {
        "number": "2",
        "name": "Juliano Belletti",
        "substituted_in": true,
        "starting_lineup": true
      },
      {
        "number": "15",
        "name": "Edmílson",
        "substituted_in": true,
        "starting_lineup": true
      },
      {
        "number": "24",
        "name": "Andrés Iniesta",
        "substituted_in": true,
        "starting_lineup": true
      },
      {
        "number": "20",
        "name": "Deco",
        "substituted_in": true,
        "starting_lineup": true
      },
      {
        "number": "10",
        "name": "Ronaldinho",
        "substituted_in": true,
        "starting_lineup": true
      },
      {
        "number": "8",
        "name": "Ludovic Giuly",
        "substituted_in": true,
        "starting_lineup": true
      },
      {
        "number": "9",
        "name": "Samuel Eto'o",
        "substituted_in": true,
        "starting_lineup": true
      },
      {
        "number": "17",
        "name": "Mark van Bommel",
        "substituted_in": true,
        "starting_lineup": false
      },
      {
        "number": "7",
        "name": "Henrik Larsson",
        "substituted_in": true,
        "starting_lineup": false
      }
    ],
    "away_players": [
      {
        "number": "1",
        "name": "Dida",
        "substituted_in": true,
        "starting_lineup": true
      },
      {
        "number": "4",
        "name": "Kakhaber Kaladze",
        "substituted_in": true,
        "starting_lineup": true
      },
      {
        "number": "5",
        "name": "Alessandro Costacurta",
        "substituted_in": true,
        "starting_lineup": true
      },
      {
        "number": "27",
        "name": "Serginho",
        "substituted_in": true,
        "starting_lineup": true
      },
      {
        "number": "31",
        "name": "Jaap Stam",
        "substituted_in": true,
        "starting_lineup": true
      },
      {
        "number": "21",
        "name": "Andrea Pirlo",
        "substituted_in": true,
        "starting_lineup": true
      },
      {
        "number": "8",
        "name": "Gennaro Gattuso",
        "substituted_in": true,
        "starting_lineup": true
      },
      {
        "number": "20",
        "name": "Clarence Seedorf",
        "substituted_in": true,
        "starting_lineup": true
      },
      {
        "number": "22",
        "name": "Kaká",
        "substituted_in": true,
        "starting_lineup": true
      },
      {
        "number": "7",
        "name": "Andriy Shevchenko",
        "substituted_in": true,
        "starting_lineup": true
      },
      {
        "number": "9",
        "name": "Filippo Inzaghi",
        "substituted_in": true,
        "starting_lineup": true
      },
      {
        "number": "2",
        "name": "Cafu",
        "substituted_in": true,
        "starting_lineup": false
      },
      {
        "number": "10",
        "name": "Rui Costa",
        "substituted_in": true,
        "starting_lineup": false
      },
      {
        "number": "11",
        "name": "Alberto Gilardino",
        "substituted_in": true,
        "starting_lineup": false
      }
    ]
  }
]